timestamp,duka_continuity_segment_id,duka_er_4,duka_er_16,duka_rv_16,duka_atr_change_1,duka_atr_change_8,duka_slope_atr_4,duka_slope_atr_16,duka_range_pos_16,duka_h1_er_8,duka_h1_atr_change_4,duka_h1_slope_atr_8,duka_h3_er_8,duka_h3_atr_change_4,duka_h3_slope_atr_8,duka_unavailable_features,duka_state,duka_p_S0,duka_p_S1,duka_p_S2,duka_max_posterior,duka_posterior_entropy,duka_posterior_margin,ic_continuity_segment_id,ic_er_4,ic_er_16,ic_rv_16,ic_atr_change_1,ic_atr_change_8,ic_slope_atr_4,ic_slope_atr_16,ic_range_pos_16,ic_h1_er_8,ic_h1_atr_change_4,ic_h1_slope_atr_8,ic_h3_er_8,ic_h3_atr_change_4,ic_h3_slope_atr_8,ic_unavailable_features,ic_state,ic_p_S0,ic_p_S1,ic_p_S2,ic_max_posterior,ic_posterior_entropy,ic_posterior_margin,feed_presence,matched_valid,agreement
2026-08-03 09:30:00+00:00,0.0,,,,,,,,,,,,,,,er_4;er_16;rv_16;atr_change_1;atr_change_8;slope_atr_4;slope_atr_16;range_pos_16;h1_er_8;h1_atr_change_4;h1_slope_atr_8;h3_er_8;h3_atr_change_4;h3_slope_atr_8,,,,,,,,0,,,,,,,,,,,,,,,er_4;er_16;rv_16;atr_change_1;atr_change_8;slope_atr_4;slope_atr_16;range_pos_16;h1_er_8;h1_atr_change_4;h1_slope_atr_8;h3_er_8;h3_atr_change_4;h3_slope_atr_8,,,,,,,,both,False,
2026-08-03 09:45:00+00:00,0.0,,,,,,,,,,,,,,,er_4;er_16;rv_16;atr_change_1;atr_change_8;slope_atr_4;slope_atr_16;range_pos_16;h1_er_8;h1_atr_change_4;h1_slope_atr_8;h3_er_8;h3_atr_change_4;h3_slope_atr_8,,,,,,,,0,,,,,,,,,,,,,,,er_4;er_16;rv_16;atr_change_1;atr_change_8;slope_atr_4;slope_atr_16;range_pos_16;h1_er_8;h1_atr_change_4;h1_slope_atr_8;h3_er_8;h3_atr_change_4;h3_slope_atr_8,,,,,,,,both,False,
2026-08-03 10:00:00+00:00,0.0,,,,,,,,,,,,,,,er_4;er_16;rv_16;atr_change_1;atr_change_8;slope_atr_4;slope_atr_16;range_pos_16;h1_er_8;h1_atr_change_4;h1_slope_atr_8;h3_er_8;h3_atr_change_4;h3_slope_atr_8,,,,,,,,0,,,,,,,,,,,,,,,er_4;er_16;rv_16;atr_change_1;atr_change_8;slope_atr_4;slope_atr_16;range_pos_16;h1_er_8;h1_atr_change_4;h1_slope_atr_8;h3_er_8;h3_atr_change_4;h3_slope_atr_8,,,,,,,,both,False,
2026-08-03 10:15:00+00:00,0.0,,,,,,,,,,,,,,,er_4;er_16;rv_16;atr_change_1;atr_change_8;slope_atr_4;slope_atr_16;range_pos_16;h1_er_8;h1_atr_change_4;h1_slope_atr_8;h3_er_8;h3_atr_change_4;h3_slope_atr_8,,,,,,,,0,,,,,,,,,,,,,,,er_4;er_16;rv_16;atr_change_1;atr_change_8;slope_atr_4;slope_atr_16;range_pos_16;h1_er_8;h1_atr_change_4;h1_slope_atr_8;h3_er_8;h3_atr_change_4;h3_slope_atr_8,,,,,,,,both,False,
2026-08-03 10:30:00+00:00,0.0,0.0666666666665433,,,,,,,,,,,,,,er_16;rv_16;atr_change_1;atr_change_8;slope_atr_4;slope_atr_16;range_pos_16;h1_er_8;h1_atr_change_4;h1_slope_atr_8;h3_er_8;h3_atr_change_4;h3_slope_atr_8,,,,,,,,0,0.06666666666674068,,,,,,,,,,,,,,er_16;rv_16;atr_change_1;atr_change_8;slope_atr_4;slope_atr_16;range_pos_16;h1_er_8;h1_atr_change_4;h1_slope_atr_8;h3_er_8;h3_atr_change_4;h3_slope_atr_8,,,,,,,,both,False,
2026-08-03 10:45:00+00:00,0.0,0.770833333333237,,,,,,,,,,,,,,er_16;rv_16;atr_change_1;atr_change_8;slope_atr_4;slope_atr_16;range_pos_16;h1_er_8;h1_atr_change_4;h1_slope_atr_8;h3_er_8;h3_atr_change_4;h3_slope_atr_8,,,,,,,,0,0.7916666666666571,,,,,,,,,,,,,,er_16;rv_16;atr_change_1;atr_change_8;slope_atr_4;slope_atr_16;range_pos_16;h1_er_8;h1_atr_change_4;h1_slope_atr_8;h3_er_8;h3_atr_change_4;h3_slope_atr_8,,,,,,,,both,False,
2026-08-03 11:00:00+00:00,0.0,0.04545454545433901,,,,,,,,,,,,,,er_16;rv_16;atr_change_1;atr_change_8;slope_atr_4;slope_atr_16;range_pos_16;h1_er_8;h1_atr_change_4;h1_slope_atr_8;h3_er_8;h3_atr_change_4;h3_slope_atr_8,,,,,,,,0,0.0,,,,,,,,,,,,,,er_16;rv_16;atr_change_1;atr_change_8;slope_atr_4;slope_atr_16;range_pos_16;h1_er_8;h1_atr_change_4;h1_slope_atr_8;h3_er_8;h3_atr_change_4;h3_slope_atr_8,,,,,,,,both,False,
2026-08-03 11:15:00+00:00,0.0,0.3731343283582386,,,,,,,,,,,,,,er_16;rv_16;atr_change_1;atr_change_8;slope_atr_4;slope_atr_16;range_pos_16;h1_er_8;h1_atr_change_4;h1_slope_atr_8;h3_er_8;h3_atr_change_4;h3_slope_atr_8,,,,,,,,0,0.35294117647051143,,,,,,,,,,,,,,er_16;rv_16;atr_change_1;atr_change_8;slope_atr_4;slope_atr_16;range_pos_16;h1_er_8;h1_atr_change_4;h1_slope_atr_8;h3_er_8;h3_atr_change_4;h3_slope_atr_8,,,,,,,,both,False,
2026-08-03 11:30:00+00:00,0.0,0.12000000000010658,,,,,,,,,,,,,,er_16;rv_16;atr_change_1;atr_change_8;slope_atr_4;slope_atr_16;range_pos_16;h1_er_8;h1_atr_change_4;h1_slope_atr_8;h3_er_8;h3_atr_change_4;h3_slope_atr_8,,,,,,,,0,0.10891089108919162,,,,,,,,,,,,,,er_16;rv_16;atr_change_1;atr_change_8;slope_atr_4;slope_atr_16;range_pos_16;h1_er_8;h1_atr_change_4;h1_slope_atr_8;h3_er_8;h3_atr_change_4;h3_slope_atr_8,,,,,,,,both,False,
2026-08-03 11:45:00+00:00,0.0,0.396551724137832,,,,,,,,,,,,,,er_16;rv_16;atr_change_1;atr_change_8;slope_atr_4;slope_atr_16;range_pos_16;h1_er_8;h1_atr_change_4;h1_slope_atr_8;h3_er_8;h3_atr_change_4;h3_slope_atr_8,,,,,,,,0,0.4086956521738929,,,,,,,,,,,,,,er_16;rv_16;atr_change_1;atr_change_8;slope_atr_4;slope_atr_16;range_pos_16;h1_er_8;h1_atr_change_4;h1_slope_atr_8;h3_er_8;h3_atr_change_4;h3_slope_atr_8,,,,,,,,both,False,
2026-08-03 12:00:00+00:00,0.0,0.5953757225433229,,,,,,,,,,,,,,er_16;rv_16;atr_change_1;atr_change_8;slope_atr_4;slope_atr_16;range_pos_16;h1_er_8;h1_atr_change_4;h1_slope_atr_8;h3_er_8;h3_atr_change_4;h3_slope_atr_8,,,,,,,,0,0.6046511627907277,,,,,,,,,,,,,,er_16;rv_16;atr_change_1;atr_change_8;slope_atr_4;slope_atr_16;range_pos_16;h1_er_8;h1_atr_change_4;h1_slope_atr_8;h3_er_8;h3_atr_change_4;h3_slope_atr_8,,,,,,,,both,False,
2026-08-03 12:15:00+00:00,0.0,0.41333333333315175,,,,,,,,,,,,,,er_16;rv_16;atr_change_1;atr_change_8;slope_atr_4;slope_atr_16;range_pos_16;h1_er_8;h1_atr_change_4;h1_slope_atr_8;h3_er_8;h3_atr_change_4;h3_slope_atr_8,,,,,,,,0,0.4093959731542424,,,,,,,,,,,,,,er_16;rv_16;atr_change_1;atr_change_8;slope_atr_4;slope_atr_16;range_pos_16;h1_er_8;h1_atr_change_4;h1_slope_atr_8;h3_er_8;h3_atr_change_4;h3_slope_atr_8,,,,,,,,both,False,
2026-08-03 12:30:00+00:00,0.0,0.5939849624060427,,,,,,,,,,,,,,er_16;rv_16;atr_change_1;atr_change_8;slope_atr_4;slope_atr_16;range_pos_16;h1_er_8;h1_atr_change_4;h1_slope_atr_8;h3_er_8;h3_atr_change_4;h3_slope_atr_8,,,,,,,,0,0.5789473684210527,,,,,,,,,,,,,,er_16;rv_16;atr_change_1;atr_change_8;slope_atr_4;slope_atr_16;range_pos_16;h1_er_8;h1_atr_change_4;h1_slope_atr_8;h3_er_8;h3_atr_change_4;h3_slope_atr_8,,,,,,,,both,False,
2026-08-03 12:45:00+00:00,0.0,0.06756756756755337,,,,,,,,,,,,,,er_16;rv_16;atr_change_1;atr_change_8;slope_atr_4;slope_atr_16;range_pos_16;h1_er_8;h1_atr_change_4;h1_slope_atr_8;h3_er_8;h3_atr_change_4;h3_slope_atr_8,,,,,,,,0,0.0738255033557307,,,,,,,,,,,,,,er_16;rv_16;atr_change_1;atr_change_8;slope_atr_4;slope_atr_16;range_pos_16;h1_er_8;h1_atr_change_4;h1_slope_atr_8;h3_er_8;h3_atr_change_4;h3_slope_atr_8,,,,,,,,both,False,
2026-08-03 13:00:00+00:00,0.0,0.39823008849560304,,,,,-0.2842639593908437,,,,,,,,,er_16;rv_16;atr_change_1;atr_change_8;slope_atr_16;range_pos_16;h1_er_8;h1_atr_change_4;h1_slope_atr_8;h3_er_8;h3_atr_change_4;h3_slope_atr_8,,,,,,,,0,0.39130434782607015,,,,,-0.28288288288279756,,,,,,,,,er_16;rv_16;atr_change_1;atr_change_8;slope_atr_16;range_pos_16;h1_er_8;h1_atr_change_4;h1_slope_atr_8;h3_er_8;h3_atr_change_4;h3_slope_atr_8,,,,,,,,both,False,
2026-08-03 13:15:00+00:00,0.0,0.17647058823514045,,,-0.0003625815808380173,,0.044432354007995625,0.07663274232435162,,,,,,,,er_16;rv_16;atr_change_8;range_pos_16;h1_er_8;h1_atr_change_4;h1_slope_atr_8;h3_er_8;h3_atr_change_4;h3_slope_atr_8,,,,,,,,0,0.17647058823514045,,,-0.0006435006434987178,,0.04687701223440882,0.07598954585053658,,,,,,,,er_16;rv_16;atr_change_8;range_pos_16;h1_er_8;h1_atr_change_4;h1_slope_atr_8;h3_er_8;h3_atr_change_4;h3_slope_atr_8,,,,,,,,both,False,
2026-08-03 13:30:00+00:00,0.0,0.14754098360643206,0.16210526315787288,0.0012300346628204282,0.014897144929764794,,0.39402139228549804,0.08980082319604572,0.8032786885245146,,,,,,,atr_change_8;h1_er_8;h1_atr_change_4;h1_slope_atr_8;h3_er_8;h3_atr_change_4;h3_slope_atr_8,,,,,,,,0,0.14049586776857986,0.1578947368421102,0.0012322250026965953,0.014856039002839161,,0.3926217992295754,0.08869783127391428,0.7944444444444575,,,,,,,atr_change_8;h1_er_8;h1_atr_change_4;h1_slope_atr_8;h3_er_8;h3_atr_change_4;h3_slope_atr_8,,,,,,,,both,False,
2026-08-03 13:45:00+00:00,0.0,0.25000000000009914,0.02118644067796351,0.0012219909478944175,0.04865413860128309,,0.005009867763274056,0.09879753927288014,0.5737704918032767,,,,,,,atr_change_8;h1_er_8;h1_atr_change_4;h1_slope_atr_8;h3_er_8;h3_atr_change_4;h3_slope_atr_8,,,,,,,,0,0.2660550458716643,0.02345415778247985,0.0012163353874052169,0.050393318442267354,,0.003382674272774738,0.09839602516919477,0.5722222222222627,,,,,,,atr_change_8;h1_er_8;h1_atr_change_4;h1_slope_atr_8;h3_er_8;h3_atr_change_4;h3_slope_atr_8,,,,,,,,both,False,
2026-08-03 14:00:00+00:00,0.0,0.1111111111110502,0.1240875912408767,0.0010888389726328484,0.03473291212659246,,-0.1839846522454786,0.08178677910706282,0.5573770491803398,,,,,,,atr_change_8;h1_er_8;h1_atr_change_4;h1_slope_atr_8;h3_er_8;h3_atr_change_4;h3_slope_atr_8,,,,,,,,0,0.13924050632917084,0.11707317073170996,0.001083048958271556,0.036092146526785385,,-0.18772825499674778,0.08104483233618376,0.5444444444444266,,,,,,,atr_change_8;h1_er_8;h1_atr_change_4;h1_slope_atr_8;h3_er_8;h3_atr_change_4;h3_slope_atr_8,,,,,,,,both,False,
2026-08-03 14:15:00+00:00,0.0,0.7600000000001624,0.1311154598825687,0.0014403076742727896,0.058836251276578544,,-0.7087627687489494,0.028803294049411825,-0.03825136612022654,,,,,,,atr_change_8;h1_er_8;h1_atr_change_4;h1_slope_atr_8;h3_er_8;h3_atr_change_4;h3_slope_atr_8,,,,,,,,0,0.7674418604651343,0.1338582677165389,0.0014245588127880353,0.06266303928336536,,-0.7081693930966326,0.028193039510813374,-0.04999999999995682,,,,,,,atr_change_8;h1_er_8;h1_atr_change_4;h1_slope_atr_8;h3_er_8;h3_atr_change_4;h3_slope_atr_8,,,,,,,,both,False,
2026-08-03 14:30:00+00:00,0.0,1.0,0.15384615384617684,0.0014433674464851896,0.02220214763810291,,-0.7127529946374165,-0.019143285882305065,-0.05789473684213356,,,,,,,atr_change_8;h1_er_8;h1_atr_change_4;h1_slope_atr_8;h3_er_8;h3_atr_change_4;h3_slope_atr_8,,,,,,,,0,1.0,0.15280464216631107,0.0014271766995739442,0.02293549396699812,,-0.7103119481446292,-0.01936772722678941,-0.052910052910048556,,,,,,,atr_change_8;h1_er_8;h1_atr_change_4;h1_slope_atr_8;h3_er_8;h3_atr_change_4;h3_slope_atr_8,,,,,,,,both,False,
2026-08-03 14:45:00+00:00,0.0,1.0,0.1456310679611709,0.0014385409771371861,0.011647838585947534,,-0.6175836914451208,-0.07517128463889965,-0.053398058252454916,,,,,,,atr_change_8;h1_er_8;h1_atr_change_4;h1_slope_atr_8;h3_er_8;h3_atr_change_4;h3_slope_atr_8,,,,,,,,0,1.0,0.14285714285715528,0.0014211560412027515,0.012238495855153353,,-0.6067760599446216,-0.07544339189156186,-0.0436893203884212,,,,,,,atr_change_8;h1_er_8;h1_atr_change_4;h1_slope_atr_8;h3_er_8;h3_atr_change_4;h3_slope_atr_8,,,,,,,,both,False,
2026-08-03 15:00:00+00:00,0.0,0.929078014184558,0.16141732283465496,0.0014354226392203552,-0.020893254024263452,0.18018493051670337,-0.12344275496221362,-0.12472677214076322,0.15537848605573248,,,,,,,h1_er_8;h1_atr_change_4;h1_slope_atr_8;h3_er_8;h3_atr_change_4;h3_slope_atr_8,,,,,,,,0,0.9558823529412149,0.16334661354581004,0.001417573817829196,-0.01950396972181012,0.1908244061210349,-0.12861102977570318,-0.125584887898521,0.15199999999993322,,,,,,,h1_er_8;h1_atr_change_4;h1_slope_atr_8;h3_er_8;h3_atr_change_4;h3_slope_atr_8,,,,,,,,both,False,
2026-08-03 15:15:00+00:00,0.0,0.9280575539569909,0.3790737564322691,0.0016875278875679,0.05653038188587978,0.24735350273966006,-0.4972733556197586,-0.18223438285121468,-0.27091633466135884,,,,,,,h1_er_8;h1_atr_change_4;h1_slope_atr_8;h3_er_8;h3_atr_change_4;h3_slope_atr_8,,,,,,,,0,0.955223880597057,0.3832752613240034,0.0016612965940927531,0.05718245834703106,0.25972930974413333,-0.5023616266361196,-0.18269226240995665,-0.2680000000000739,,,,,,,h1_er_8;h1_atr_change_4;h1_slope_atr_8;h3_er_8;h3_atr_change_4;h3_slope_atr_8,,,,,,,,both,False,
2026-08-03 15:30:00+00:00,0.0,0.8088235294117911,0.3201438848920793,0.0016614262758226752,-0.027665259329395897,0.19504242441717712,-0.5700376766449545,-0.2541378466911509,0.05471124620062862,,,,,,,h1_er_8;h1_atr_change_4;h1_slope_atr_8;h3_er_8;h3_atr_change_4;h3_slope_atr_8,,,,,,,,0,0.8473282442748428,0.3272394881169625,0.001636018956035781,-0.02746937333059385,0.20719125467592847,-0.5739455085982589,-0.2542717111810385,0.05775075987839258,,,,,,,h1_er_8;h1_atr_change_4;h1_slope_atr_8;h3_er_8;h3_atr_change_4;h3_slope_atr_8,,,,,,,,both,False,
2026-08-03 15:45:00+00:00,0.0,0.793650793650858,0.4209523809523914,0.0016309402266422583,-0.012812872030639744,0.12499484371032343,-0.4557145045079648,-0.3054832715120072,0.036474164133707423,,,,,,,h1_er_8;h1_atr_change_4;h1_slope_atr_8;h3_er_8;h3_atr_change_4;h3_slope_atr_8,,,,,,,,0,0.834710743801662,0.42746615087038675,0.0016067627348759666,-0.014664729918855257,0.13242163681097296,-0.45553512033507576,-0.30613541500631336,0.03951367781153887,,,,,,,h1_er_8;h1_atr_change_4;h1_slope_atr_8;h3_er_8;h3_atr_change_4;h3_slope_atr_8,,,,,,,,both,False,
2026-08-03 16:00:00+00:00,0.0,0.24861878453025527,0.44573643410851643,0.001604269523397942,-0.003569734089089338,0.08335097698094396,0.26815140122220554,-0.29969862489539845,0.2636103151862561,,,,,,,h1_er_8;h1_atr_change_4;h1_slope_atr_8;h3_er_8;h3_atr_change_4;h3_slope_atr_8,,,,,,,,0,0.24719101123596768,0.45275590551183115,0.0015796843528351789,-0.004218471707007843,0.08836318464125159,0.26547964393826995,-0.3002416843874818,0.26224783861669865,,,,,,,h1_er_8;h1_atr_change_4;h1_slope_atr_8;h3_er_8;h3_atr_change_4;h3_slope_atr_8,,,,,,,,both,False,
2026-08-03 16:15:00+00:00,0.0,0.5632183908044744,0.4499999999999701,0.001606346548913204,-0.021416206914909974,0.001240472281042404,0.2785868651913183,-0.2967205328869529,0.2263610315186447,,,,,,,h1_er_8;h1_atr_change_4;h1_slope_atr_8;h3_er_8;h3_atr_change_4;h3_slope_atr_8,,,,,,,,0,0.558139534883853,0.4559686888453947,0.001581341932144244,-0.02214663591136623,0.001502416202767476,0.28069541301633455,-0.2975452582046485,0.22478386167146513,,,,,,,h1_er_8;h1_atr_change_4;h1_slope_atr_8;h3_er_8;h3_atr_change_4;h3_slope_atr_8,,,,,,,,both,False,
2026-08-03 16:30:00+00:00,0.0,0.1538461538460389,0.45730550284629484,0.0016134381826834832,-0.024671213102172906,-0.044671685068101485,0.0827245424390544,-0.2993370582538701,0.15561959654178859,,,,,,,h1_er_8;h1_atr_change_4;h1_slope_atr_8;h3_er_8;h3_atr_change_4;h3_slope_atr_8,,,,,,,,0,0.1428571428572637,0.4643545279383449,0.001589756943564118,-0.025412929950498486,-0.04583298633096322,0.07869254390266331,-0.3008832560983296,0.15028901734106162,,,,,,,h1_er_8;h1_atr_change_4;h1_slope_atr_8;h3_er_8;h3_atr_change_4;h3_slope_atr_8,,,,,,,,both,False,
2026-08-03 16:45:00+00:00,0.0,0.32743362831854583,0.3551020408163487,0.0015545662461180088,-0.027948016777333717,-0.08206319656024696,-0.150937400807662,-0.30709338196219854,0.1988472622478054,,,,,,,h1_er_8;h1_atr_change_4;h1_slope_atr_8;h3_er_8;h3_atr_change_4;h3_slope_atr_8,,,,,,,,0,0.3157894736842208,0.36099585062243533,0.0015299740467860177,-0.029833941080011916,-0.08549175417330968,-0.15898039787216045,-0.3098018377503041,0.19364161849709388,,,,,,,h1_er_8;h1_atr_change_4;h1_slope_atr_8;h3_er_8;h3_atr_change_4;h3_slope_atr_8,,,,,,,,both,False,
2026-08-03 17:00:00+00:00,0.0,0.4736842105265208,0.460869565217398,0.0015267191337244611,-0.03128564568187042,-0.09180632091056584,-0.04475453430952755,-0.295024035265674,0.18731988472624359,,,,,,,h1_er_8;h1_atr_change_4;h1_slope_atr_8;h3_er_8;h3_atr_change_4;h3_slope_atr_8,,,,,,,,0,0.4642857142858559,0.46993318485528185,0.0014996387879883438,-0.03203109673721816,-0.0971758004094363,-0.04022234067423806,-0.29720662144033416,0.18786127167631098,,,,,,,h1_er_8;h1_atr_change_4;h1_slope_atr_8;h3_er_8;h3_atr_change_4;h3_slope_atr_8,,,,,,,,both,False,
2026-08-03 17:15:00+00:00,0.0,0.594594594594919,0.5410526315790076,0.0015433515361997657,-0.025253258252124322,-0.16210755057674975,-0.10373165839085817,-0.2743837405651111,0.10086455331408194,,,,,,,h1_er_8;h1_atr_change_4;h1_slope_atr_8;h3_er_8;h3_atr_change_4;h3_slope_atr_8,,,,,,,,0,0.5890410958905776,0.5483870967742521,0.0015172866706618185,-0.02713611294801732,-0.16918309303808787,-0.09130191472596287,-0.27669242858966636,0.10115606936418226,,,,,,,h1_er_8;h1_atr_change_4;h1_slope_atr_8;h3_er_8;h3_atr_change_4;h3_slope_atr_8,,,,,,,,both,False,
2026-08-03 17:30:00+00:00,0.0,0.42307692307725153,0.6148796498905912,0.0015327896226498068,-0.04713544299981043,-0.17888564067674229,-0.2516340605077953,-0.23659585476404166,0.09221902017287857,,,,,,,h1_er_8;h1_atr_change_4;h1_slope_atr_8;h3_er_8;h3_atr_change_4;h3_slope_atr_8,,,,,,,,0,0.41176470588260905,0.6213808463252296,0.0015077405022002317,-0.04681889090944291,-0.1857130674216393,-0.249406447051368,-0.2390676674368714,0.08959537572255226,,,,,,,h1_er_8;h1_atr_change_4;h1_slope_atr_8;h3_er_8;h3_atr_change_4;h3_slope_atr_8,,,,,,,,both,False,
2026-08-03 17:45:00+00:00,0.0,0.850000000000111,0.5645933014354303,0.0014891003261205905,-0.04338424857561429,-0.20431404786940166,-0.17349850382923,-0.19657128082475936,0.10086455331408194,,,,,,,h1_er_8;h1_atr_change_4;h1_slope_atr_8;h3_er_8;h3_atr_change_4;h3_slope_atr_8,,,,,,,,0,0.799999999999778,0.5690072639225713,0.0014676933302654816,-0.04561009864892429,-0.21128650434797513,-0.1780043467031549,-0.1985561627023762,0.10115606936418226,,,,,,,h1_er_8;h1_atr_change_4;h1_slope_atr_8;h3_er_8;h3_atr_change_4;h3_slope_atr_8,,,,,,,,both,False,
2026-08-03 18:00:00+00:00,0.0,0.8888888888889802,0.5796766743649062,0.0014970736732678037,-0.008798543164604045,-0.20848944284694848,-0.09598890331861326,-0.14293157345379492,0.056105610561059734,,,,,,,h1_er_8;h1_atr_change_4;h1_slope_atr_8;h3_er_8;h3_atr_change_4;h3_slope_atr_8,,,,,,,,0,0.8596491228069219,0.5831381733021628,0.0014763214535703886,-0.009208207079453246,-0.2152386479820576,-0.10129691590662791,-0.14517163447763437,0.05298013245031019,,,,,,,h1_er_8;h1_atr_change_4;h1_slope_atr_8;h3_er_8;h3_atr_change_4;h3_slope_atr_8,,,,,,,,both,False,
2026-08-03 18:15:00+00:00,0.0,0.23636363636404742,0.3126760563380176,0.001191148393936495,-0.004209451457503954,-0.1945720566250172,0.05670274824205401,-0.1125438370743109,0.17647058823530373,,,,,,,h1_er_8;h1_atr_change_4;h1_slope_atr_8;h3_er_8;h3_atr_change_4;h3_slope_atr_8,,,,,,,,0,0.20689655172387392,0.31623931623937246,0.001178843509471652,-0.004534381678943489,-0.20110420108939742,0.05567908458494699,-0.11452047012008074,0.1721611721611537,,,,,,,h1_er_8;h1_atr_change_4;h1_slope_atr_8;h3_er_8;h3_atr_change_4;h3_slope_atr_8,,,,,,,,both,False,
2026-08-03 18:30:00+00:00,0.0,0.6210526315791836,0.1472868217054228,0.0012447277326096708,-0.0025752342776498294,-0.17632516488905414,0.377099349174978,-0.06281273522319414,0.39737991266375755,,,,,,,h1_er_8;h1_atr_change_4;h1_slope_atr_8;h3_er_8;h3_atr_change_4;h3_slope_atr_8,,,,,,,,0,0.6122448979589895,0.14805194805199867,0.0012362584399727586,-0.0028582702154839046,-0.18261552679655457,0.38316891866686636,-0.06328573257615569,0.40088105726870865,,,,,,,h1_er_8;h1_atr_change_4;h1_slope_atr_8;h3_er_8;h3_atr_change_4;h3_slope_atr_8,,,,,,,,both,False,
2026-08-03 18:45:00+00:00,0.0,0.689655172414011,0.043037974683546296,0.0012543970731902427,-0.01999362789429937,-0.16958495956595998,0.651633957379387,-0.007307991230864538,0.653409090909088,,,,,,,h1_er_8;h1_atr_change_4;h1_slope_atr_8;h3_er_8;h3_atr_change_4;h3_slope_atr_8,,,,,,,,0,0.6779661016947367,0.04325699745547419,0.0012459931698687453,-0.020541098382356848,-0.1747861193841358,0.670355780036065,-0.006128834973590588,0.6571428571427955,,,,,,,h1_er_8;h1_atr_change_4;h1_slope_atr_8;h3_er_8;h3_atr_change_4;h3_slope_atr_8,,,,,,,,both,False,
2026-08-03 19:00:00+00:00,0.0,1.0,0.009803921568582633,0.001263357271624484,-0.024468939061253803,-0.16374144575948724,0.5530149962030623,0.06205823987541134,0.8417721518988134,0.16412213740454942,,,,,,h1_atr_change_4;h1_slope_atr_8;h3_er_8;h3_atr_change_4;h3_slope_atr_8,,,,,,,,0,1.0,0.00985221674872375,0.001253449108989465,-0.023686433763666304,-0.16767211841610385,0.5557388235914444,0.06324904769774053,0.8291139240506524,0.16412213740453552,,,,,,h1_atr_change_4;h1_slope_atr_8;h3_er_8;h3_atr_change_4;h3_slope_atr_8,,,,,,,,both,False,
2026-08-03 19:15:00+00:00,0.0,1.0,0.3421926910299087,0.0008553644976540558,-0.04311239138745582,-0.17906322342345826,0.2982869589338731,0.08237009160100624,0.9300699300699399,0.16412213740454942,,,,,,h1_atr_change_4;h1_slope_atr_8;h3_er_8;h3_atr_change_4;h3_slope_atr_8,,,,,,,,0,1.0,0.3355481727575388,0.0008594991819474061,-0.04410186944039718,-0.18218706994088607,0.2864764665989248,0.08385508164824619,0.9160839160839899,0.16412213740453552,,,,,,h1_atr_change_4;h1_slope_atr_8;h3_er_8;h3_atr_change_4;h3_slope_atr_8,,,,,,,,both,False,
2026-08-03 19:30:00+00:00,0.0,0.5555555555552815,0.2721311475409268,0.0008588807918519209,-0.04479580723807575,-0.17704751927485574,0.03903444954411653,0.09659750626571723,0.8402777777777981,0.16412213740454942,,,,,,h1_atr_change_4;h1_slope_atr_8;h3_er_8;h3_atr_change_4;h3_slope_atr_8,,,,,,,,0,0.568627450980375,0.2721311475410194,0.0008626499418813013,-0.04585031548225138,-0.18135604895175783,0.03311500241830069,0.09837103659534348,0.8391608391608771,0.16412213740453552,,,,,,h1_atr_change_4;h1_slope_atr_8;h3_er_8;h3_atr_change_4;h3_slope_atr_8,,,,,,,,both,False,
2026-08-03 19:45:00+00:00,0.0,0.22580645161276458,0.30000000000002963,0.0008573396645486491,-0.040448849568138434,-0.1745222693074331,-0.10169976224458233,0.10306240611773276,0.8472222222222886,0.16412213740454942,,,,,,h1_atr_change_4;h1_slope_atr_8;h3_er_8;h3_atr_change_4;h3_slope_atr_8,,,,,,,,0,0.24137931034477478,0.302325581395342,0.0008612470052886398,-0.03831356901033378,-0.1750973282299435,-0.0872335688185746,0.10515966210121286,0.853146853146827,0.16412213740453552,,,,,,h1_atr_change_4;h1_slope_atr_8;h3_er_8;h3_atr_change_4;h3_slope_atr_8,,,,,,,,both,False,
2026-08-03 20:00:00+00:00,0.0,0.9428571428568165,0.030534351144983176,0.0007068577200771967,-0.01492870351493858,-0.1796274987437696,-0.2248359920868429,0.12426034796751223,0.6716417910447539,0.4889867841409709,,,,,,h1_atr_change_4;h1_slope_atr_8;h3_er_8;h3_atr_change_4;h3_slope_atr_8,,,,,,,,0,0.8888888888893686,0.030303030303060887,0.000713976607015083,-0.014038065626939988,-0.1791185194111392,-0.21886068243739126,0.12644751255334816,0.6716417910447539,0.49115044247784373,,,,,,h1_atr_change_4;h1_slope_atr_8;h3_er_8;h3_atr_change_4;h3_slope_atr_8,,,,,,,,both,False,
2026-08-03 20:15:00+00:00,0.0,0.9677419354836746,0.021739130434843823,0.0007361566156017511,-0.005878719508244701,-0.18100270923161532,-0.38309675804223814,0.12295885492442475,0.4701492537313111,0.4889867841409709,,,,,,h1_atr_change_4;h1_slope_atr_8;h3_er_8;h3_atr_change_4;h3_slope_atr_8,,,,,,,,0,0.9375000000002819,0.025089605734771588,0.0007457837660919331,-0.006568642742726394,-0.18079601304146553,-0.3984290103201834,0.12456076499108677,0.4626865671640975,0.49115044247784373,,,,,,h1_atr_change_4;h1_slope_atr_8;h3_er_8;h3_atr_change_4;h3_slope_atr_8,,,,,,,,both,False,
2026-08-03 20:30:00+00:00,0.0,0.9615384615382152,0.06719367588933153,0.0007035807709667468,-0.023623898523114417,-0.19828601678899715,-0.4254570780152549,0.10844984341566068,0.45522388059704955,0.4889867841409709,,,,,,h1_atr_change_4;h1_slope_atr_8;h3_er_8;h3_atr_change_4;h3_slope_atr_8,,,,,,,,0,0.9259259259262305,0.070866141732311,0.0007107847164426155,-0.022880498742522515,-0.1972453190400114,-0.4413388645042422,0.10906487923973375,0.45522388059704955,0.49115044247784373,,,,,,h1_atr_change_4;h1_slope_atr_8;h3_er_8;h3_atr_change_4;h3_slope_atr_8,,,,,,,,both,False,
2026-08-03 20:45:00+00:00,0.0,0.47826086956507746,0.07812500000007454,0.0007088692377006449,-0.025843884498367387,-0.2030719372262043,-0.08492249225052763,0.11089878399794464,0.5895522388060666,0.4889867841409709,,,,,,h1_atr_change_4;h1_slope_atr_8;h3_er_8;h3_atr_change_4;h3_slope_atr_8,,,,,,,,0,0.5294117647059208,0.07450980392161985,0.0007124255440557664,-0.02688349970062398,-0.20244348747602958,-0.09859377719358894,0.10979432026456071,0.5746268656716393,0.49115044247784373,,,,,,h1_atr_change_4;h1_slope_atr_8;h3_er_8;h3_atr_change_4;h3_slope_atr_8,,,,,,,,both,False,
2026-08-03 21:00:00+00:00,0.0,0.37931034482737497,0.04942965779465626,0.0007144389166735213,-0.03676632969360738,-0.21311788664413822,0.08312601695329076,0.10457430742375248,0.5074626865672136,0.46171693735496977,,,,,,h1_atr_change_4;h1_slope_atr_8;h3_er_8;h3_atr_change_4;h3_slope_atr_8,,,,,,,,0,0.40740740740737696,0.04580152671760189,0.0007164940563814225,-0.045019523965968866,-0.21987061909799155,0.08775541774712796,0.10472197126472402,0.5074626865672136,0.46386946386941125,,,,,,h1_atr_change_4;h1_slope_atr_8;h3_er_8;h3_atr_change_4;h3_slope_atr_8,,,,,,,,both,False,
2026-08-03 21:15:00+00:00,0.0,0.2799999999999645,0.09523809523809104,0.0006853428964124289,0.0059397993287175765,-0.1727805563787338,-0.1176925298930838,0.0632284336127209,0.36567164179098294,0.46171693735496977,,,,,,h1_atr_change_4;h1_slope_atr_8;h3_er_8;h3_atr_change_4;h3_slope_atr_8,,,,,,,,0,0.31914893617011225,0.08300395256918244,0.0006918668629548616,-0.003215326541191943,-0.18650221677617995,-0.13205773536199913,0.06244944809508278,0.35074626865672137,0.46386946386941125,,,,,,h1_atr_change_4;h1_slope_atr_8;h3_er_8;h3_atr_change_4;h3_slope_atr_8,,,,,,,,both,False,
2026-08-03 21:30:00+00:00,0.0,0.11764705882356782,0.17472118959111552,0.0007065572947757375,0.003694319992455508,-0.1307874659246574,-0.12224909537729688,0.02979179635244724,0.5149253731344273,0.46171693735496977,,,,,,h1_atr_change_4;h1_slope_atr_8;h3_er_8;h3_atr_change_4;h3_slope_atr_8,,,,,,,,0,0.07692307692291926,0.16417910447760947,0.0007104467096146124,-0.017791676113493082,-0.16257972191281045,-0.14235863618920439,0.026983009473778803,0.49253731343278634,0.46386946386941125,,,,,,h1_atr_change_4;h1_slope_atr_8;h3_er_8;h3_atr_change_4;h3_slope_atr_8,,,,,,,,both,False,
2026-08-03 21:45:00+00:00,0.0,0.21568627450971856,0.1610486891385967,0.0007061293154063449,-0.02687715183046513,-0.11849349933730213,0.05127573568313097,-0.005693114770698687,0.5074626865672136,0.46171693735496977,,,,,,h1_atr_change_4;h1_slope_atr_8;h3_er_8;h3_atr_change_4;h3_slope_atr_8,,,,,,,,0,0.15384615384635092,0.16104868913855372,0.0007100739771439574,-0.024352302847487683,-0.15042248747984843,0.059445600149520765,-0.008861209113202775,0.5149253731342616,0.46386946386941125,,,,,,h1_atr_change_4;h1_slope_atr_8;h3_er_8;h3_atr_change_4;h3_slope_atr_8,,,,,,,,both,False,
2026-08-03 22:00:00+00:00,0.0,0.3939393939390881,0.3163636363635295,0.0007246821509017195,-0.010996454373523923,-0.11497466451514182,0.34736723704973893,-0.042544099708903674,0.7014925373134427,0.3660714285714445,,,,,,h1_atr_change_4;h1_slope_atr_8;h3_er_8;h3_atr_change_4;h3_slope_atr_8,,,,,,,,0,0.12000000000035527,0.21568627450983807,0.0006932692957495771,-0.02896742846449951,-0.1632867274680887,0.13356863099910388,-0.06776643778636185,0.4626865671640975,0.45754716981128296,,,,,,h1_atr_change_4;h1_slope_atr_8;h3_er_8;h3_atr_change_4;h3_slope_atr_8,,,,,,,,both,False,
2026-08-03 22:15:00+00:00,0.0,0.12195121951214229,0.07526881720421721,0.0007382598399450497,0.0044885752614007846,-0.10574508789141512,-0.010322836427183676,-0.08550496496337108,0.4360902255638169,0.3660714285714445,,,,,,h1_atr_change_4;h1_slope_atr_8;h3_er_8;h3_atr_change_4;h3_slope_atr_8,,,,,,,,0,0.41935483870981605,0.0973451327434237,0.0006389865569327124,0.01205182294591256,-0.14760372061653992,-0.06873857023403807,-0.1092538922191006,0.4393939393939623,0.45754716981128296,,,,,,h1_atr_change_4;h1_slope_atr_8;h3_er_8;h3_atr_change_4;h3_slope_atr_8,,,,,,,,both,False,
2026-08-03 22:30:00+00:00,0.0,0.18750000000019515,0.10084033613443105,0.00063693987426568,-0.045621480361062394,-0.12589249377664746,-0.18387695830106954,-0.1086003402076347,0.18085106382980232,0.3660714285714445,,,,,,h1_atr_change_4;h1_slope_atr_8;h3_er_8;h3_atr_change_4;h3_slope_atr_8,,,,,,,,0,0.5714285714290246,0.13043478260871663,0.0005122520430197384,-0.043933143334935365,-0.1659691261771299,-0.10065613890581697,-0.13000713067077574,0.2083333333332948,0.45754716981128296,,,,,,h1_atr_change_4;h1_slope_atr_8;h3_er_8;h3_atr_change_4;h3_slope_atr_8,,,,,,,,both,False,
2026-08-03 22:45:00+00:00,0.0,0.02777777777796624,0.1748878923766834,0.0006069060012993115,-0.03473043899456407,-0.1338663738005781,-0.2409174392179567,-0.1078525745336275,0.27659574468079073,0.3660714285714445,,,,,,h1_atr_change_4;h1_slope_atr_8;h3_er_8;h3_atr_change_4;h3_slope_atr_8,,,,,,,,0,0.04761904761824202,0.2235294117645983,0.00047589985024904533,-0.034452846932550574,-0.1724566015042569,0.04765612407668654,-0.1243965003469478,0.25842696629231426,0.45754716981128296,,,,,,h1_atr_change_4;h1_slope_atr_8;h3_er_8;h3_atr_change_4;h3_slope_atr_8,,,,,,,,both,False,
2026-08-03 23:00:00+00:00,0.0,0.37037037037033993,0.23004694835678696,0.0005905267664008185,-0.03541101407039482,-0.13264768256130244,0.15682714929463398,-0.08546054622507866,0.36170212765960463,0.1572700296735725,,,,,,h1_atr_change_4;h1_slope_atr_8;h3_er_8;h3_atr_change_4;h3_slope_atr_8,,,,,,,,0,0.6363636363634528,0.28395061728407583,0.0004604326734276258,-0.03313347172421521,-0.16215667986848914,0.17867352393060418,-0.09685699649179873,0.34831460674158704,0.16233766233762253,,,,,,h1_atr_change_4;h1_slope_atr_8;h3_er_8;h3_atr_change_4;h3_slope_atr_8,,,,,,,,both,False,
2026-08-03 23:15:00+00:00,0.0,0.8666666666672588,0.16964285714282618,0.0005982112153746148,-0.0340887739775142,-0.16716155291824963,0.2766165128805667,-0.0495663540503591,0.47872340425541465,0.1572700296735725,,,,,,h1_atr_change_4;h1_slope_atr_8;h3_er_8;h3_atr_change_4;h3_slope_atr_8,,,,,,,,0,0.8709677419347445,0.20231213872839046,0.0004702473465351354,-0.03182114001536984,-0.18620118052589052,0.30227360044923735,-0.05516727166092636,0.47191011235961783,0.16233766233762253,,,,,,h1_atr_change_4;h1_slope_atr_8;h3_er_8;h3_atr_change_4;h3_slope_atr_8,,,,,,,,both,False,
2026-08-03 23:30:00+00:00,0.0,0.6969696969692076,0.14285714285711362,0.0005906605053689552,-0.04565684662606306,-0.20811181850164828,0.16697889481958814,-0.020571206797976412,0.459770114942517,0.1572700296735725,,,,,,h1_atr_change_4;h1_slope_atr_8;h3_er_8;h3_atr_change_4;h3_slope_atr_8,,,,,,,,0,0.6571428571432196,0.17857142857144273,0.0004633803303940253,-0.04188303153505224,-0.2061618305476891,0.16604587320097947,-0.020853408193179775,0.4390243902440477,0.16233766233762253,,,,,,h1_atr_change_4;h1_slope_atr_8;h3_er_8;h3_atr_change_4;h3_slope_atr_8,,,,,,,,both,False,
2026-08-03 23:45:00+00:00,0.0,0.0,0.2,0.000602994951986989,-0.019669614813309755,-0.2022466151593022,-0.0931989987800565,0.004820637867917818,0.3376623376622703,0.1572700296735725,,,,,,h1_atr_change_4;h1_slope_atr_8;h3_er_8;h3_atr_change_4;h3_slope_atr_8,,,,,,,,0,0.05000000000033307,0.25966850828729554,0.00048104801960450333,-0.014498557759653696,-0.19814430640900094,-0.12131187594501115,0.009613767946621821,0.2916666666667052,0.16233766233762253,,,,,,h1_atr_change_4;h1_slope_atr_8;h3_er_8;h3_atr_change_4;h3_slope_atr_8,,,,,,,,both,False,
2026-08-04 00:00:00+00:00,0.0,0.4358974358973191,0.15207373271883554,0.0005772298644863474,-0.02781327643299958,-0.21581145704438598,-0.32395869339703354,0.011229660590426118,0.22368421052629273,0.08090614886733996,,,,,,h1_atr_change_4;h1_slope_atr_8;h3_er_8;h3_atr_change_4;h3_slope_atr_8,,,,,,,,0,0.4761904761903251,0.20238095238096812,0.00044613724917297044,-0.03050988311377556,-0.19941802891727078,-0.3753886929802433,0.01881032666348853,0.15277777777784202,0.09154929577460935,,,,,,h1_atr_change_4;h1_slope_atr_8;h3_er_8;h3_atr_change_4;h3_slope_atr_8,,,,,,,,both,False,
2026-08-04 00:15:00+00:00,0.0,0.03703703703728071,0.09259259259256594,0.0005737583824362711,0.08913404629004495,-0.14973005977566112,0.0,0.015934613432112554,0.7543859649122123,0.08090614886733996,,,,,,h1_atr_change_4;h1_slope_atr_8;h3_er_8;h3_atr_change_4;h3_slope_atr_8,,,,,,,,0,0.05084745762706761,0.13095238095245332,0.00044614416633558814,0.0973970312344743,-0.131905838805071,-0.003167332453424547,0.025804443811545633,0.7647058823531461,0.09154929577460935,,,,,,h1_atr_change_4;h1_slope_atr_8;h3_er_8;h3_atr_change_4;h3_slope_atr_8,,,,,,,,both,False,
2026-08-04 00:30:00+00:00,0.0,0.361111111111291,0.1898734177214929,0.000607307688838166,-0.002053383696805855,-0.11091459800225445,0.44404580805956123,0.03372386576114825,0.7857142857144557,0.08090614886733996,,,,,,h1_atr_change_4;h1_slope_atr_8;h3_er_8;h3_atr_change_4;h3_slope_atr_8,,,,,,,,0,0.32432432432426755,0.2340425531914743,0.00048192611620484163,-0.0035571617127833077,-0.09524506173246627,0.46090271122135057,0.04646422869715221,0.7594936708862076,0.09154929577460935,,,,,,h1_atr_change_4;h1_slope_atr_8;h3_er_8;h3_atr_change_4;h3_slope_atr_8,,,,,,,,both,False,
2026-08-04 00:45:00+00:00,0.0,0.7230769230771753,0.15044247787606968,0.0005899625087814344,0.015468846978350825,-0.06467730413924266,0.57206013141522,0.0648346561012485,0.869047619047811,0.08090614886733996,,,,,,h1_atr_change_4;h1_slope_atr_8;h3_er_8;h3_atr_change_4;h3_slope_atr_8,,,,,,,,0,0.7014925373134427,0.19999999999995066,0.0004666392045428695,0.021660153497887746,-0.042665015197027034,0.597359856264467,0.07951987057197225,0.8607594936708292,0.09154929577460935,,,,,,h1_atr_change_4;h1_slope_atr_8;h3_er_8;h3_atr_change_4;h3_slope_atr_8,,,,,,,,both,False,
2026-08-04 01:00:00+00:00,0.0,0.1181102362205165,0.09090909090911914,0.0008482331336807897,0.09544012808666835,0.06220372480061642,-0.3171594511210577,0.03498082181482164,0.02061855670093889,0.04377104377110418,,-0.013932291666685985,,,,h1_atr_change_4;h3_er_8;h3_atr_change_4;h3_slope_atr_8,,,,,,,,0,0.10236220472439017,0.10373443983405854,0.0007626016146639838,0.10191245829103601,0.09104960784345262,-0.32470244003175014,0.05011711574402856,-0.02173913043468292,0.04797047970477589,,-0.016719745222926748,,,,h1_atr_change_4;h3_er_8;h3_atr_change_4;h3_slope_atr_8,,,,,,,,both,False,
2026-08-04 01:15:00+00:00,0.0,0.4392523364484275,0.04761904761902438,0.0008336400928771926,-0.0030752414455736954,0.09630902235503713,-0.770661398883262,-0.0037508640410432387,0.009803921568475921,0.04377104377110418,,-0.013932291666685985,,,,h1_atr_change_4;h3_er_8;h3_atr_change_4;h3_slope_atr_8,,,,,,,,0,0.4476190476191161,0.04424778761061599,0.0007422774037255873,0.0011757008766346555,0.12823404948253758,-0.7727303573604267,0.011571048180755786,0.019607843137382956,0.04797047970477589,,-0.016719745222926748,,,,h1_atr_change_4;h3_er_8;h3_atr_change_4;h3_slope_atr_8,,,,,,,,both,False,
2026-08-04 01:30:00+00:00,0.0,0.29411764705882354,0.006944444444411784,0.0008702123567287581,0.018684352690936823,0.17022146891159795,-0.3553788539216281,-0.006532699520613328,0.4803149606299653,0.04377104377110418,,-0.013932291666685985,,,,h1_atr_change_4;h3_er_8;h3_atr_change_4;h3_slope_atr_8,,,,,,,,0,0.29914529914544513,0.01666666666668363,0.0007784348511905222,0.019220193121023188,0.2001863693549386,-0.37354520022050186,0.007690636475142797,0.476562500000019,0.04797047970477589,,-0.016719745222926748,,,,h1_atr_change_4;h3_er_8;h3_atr_change_4;h3_slope_atr_8,,,,,,,,both,False,
2026-08-04 01:45:00+00:00,0.0,0.09411764705877282,0.17681159420287804,0.0010055177961236417,0.04587721909748832,0.24846479730439452,0.7619538342813196,0.023167515231533955,0.9370078740158541,0.04377104377110418,,-0.013932291666685985,,,,h1_atr_change_4;h3_er_8;h3_atr_change_4;h3_slope_atr_8,,,,,,,,0,0.10588235294122872,0.2080536912751908,0.0009413223414937636,0.05111006568083587,0.2800873945491895,0.7818395687733566,0.04091921292303671,0.953125000000038,0.04797047970477589,,-0.016719745222926748,,,,h1_atr_change_4;h3_er_8;h3_atr_change_4;h3_slope_atr_8,,,,,,,,both,False,
2026-08-04 02:00:00+00:00,0.0,0.5762711864406014,0.047337278106482056,0.0009936134893016161,-0.02546127930251929,0.25148518994048374,0.7395982583641002,0.05531449159194563,0.7874015748031359,0.3249211356466329,,-0.04879642740444356,,,,h1_atr_change_4;h3_er_8;h3_atr_change_4;h3_slope_atr_8,,,,,,,,0,0.5666666666667407,0.15755627009649836,0.0009552816777423984,-0.022540094304708713,0.29061047881174207,0.7621644366028422,0.05473452771696548,0.7968750000000487,0.3586206896551819,,-0.04314289932093881,,,,h1_atr_change_4;h3_er_8;h3_atr_change_4;h3_slope_atr_8,,,,,,,,both,False,
2026-08-04 02:15:00+00:00,0.0,0.6460176991151069,0.1644736842105609,0.0009459693556616452,0.011587559612298737,0.16237928058093765,0.24806070516497541,0.06120878700201452,0.7795275590552269,0.3249211356466329,,-0.04879642740444356,,,,h1_atr_change_4;h3_er_8;h3_atr_change_4;h3_slope_atr_8,,,,,,,,0,0.6206896551722422,0.15755627009641573,0.000955281543182488,0.015137303501052468,0.19386767417928508,0.25734112299445155,0.0602777493975974,0.7812499999999458,0.3586206896551819,,-0.04314289932093881,,,,h1_atr_change_4;h3_er_8;h3_atr_change_4;h3_slope_atr_8,,,,,,,,both,False,
2026-08-04 02:30:00+00:00,0.0,0.07407407407415022,0.06626506024098804,0.00098106247620972,0.02742268702065509,0.19671215301637623,-0.3837621729861814,0.04410200273898794,0.5433070866142861,0.3249211356466329,,-0.04879642740444356,,,,h1_atr_change_4;h3_er_8;h3_atr_change_4;h3_slope_atr_8,,,,,,,,0,0.08928571428570367,0.06508875739648314,0.000987792340748259,0.027111475667982,0.23061267687603637,-0.4003608238047043,0.04334076849725205,0.5546875000000135,0.3586206896551819,,-0.04314289932093881,,,,h1_atr_change_4;h3_er_8;h3_atr_change_4;h3_slope_atr_8,,,,,,,,both,False,
2026-08-04 02:45:00+00:00,0.0,0.42857142857142855,0.09620991253647712,0.0009932569302560678,-0.013337797845013433,0.16276402939808365,-0.16227711403131875,0.04450877894188099,0.7007874015749133,0.3249211356466329,,-0.04879642740444356,,,,h1_atr_change_4;h3_er_8;h3_atr_change_4;h3_slope_atr_8,,,,,,,,0,0.43661971830991203,0.09195402298847788,0.0009991866173616854,-0.01423416802789923,0.18737715775917052,-0.16245676643255186,0.04481433096798398,0.7109375000000027,0.3586206896551819,,-0.04314289932093881,,,,h1_atr_change_4;h3_er_8;h3_atr_change_4;h3_slope_atr_8,,,,,,,,both,False,
2026-08-04 03:00:00+00:00,0.0,0.523809523809549,0.021739130434800972,0.0010314726299892303,0.018725380811145387,0.08133452323954593,-0.2756043687878444,0.02770173431555689,0.4409448818897211,0.23265306122455787,,-0.01707212634279138,,,,h1_atr_change_4;h3_er_8;h3_atr_change_4;h3_slope_atr_8,,,,,,,,0,0.5180722891566136,0.021505376344049438,0.0010348141769186924,0.022152515226145697,0.10143100678606931,-0.26403873188361837,0.02929156120412288,0.46093750000008943,0.24770642201833368,,-0.002112843067493501,,,,h1_atr_change_4;h3_er_8;h3_atr_change_4;h3_slope_atr_8,,,,,,,,both,False,
2026-08-04 03:15:00+00:00,0.0,0.29896907216503343,0.013477088948813519,0.0010342144467146287,-0.002798387851057238,0.08163481806828266,-0.07606727917788818,0.027145578059510084,0.5511811023621951,0.23265306122455787,,-0.01707212634279138,,,,h1_atr_change_4;h3_er_8;h3_atr_change_4;h3_slope_atr_8,,,,,,,,0,0.3118279569892576,0.018766756032177645,0.0010356534523510916,-0.0036793822489675776,0.09608974741433296,-0.08233439037673528,0.02928622157702803,0.5546875000000135,0.24770642201833368,,-0.002112843067493501,,,,h1_atr_change_4;h3_er_8;h3_atr_change_4;h3_slope_atr_8,,,,,,,,both,False,
2026-08-04 03:30:00+00:00,0.0,0.2826086956520165,0.06393861892584399,0.0010558813730765233,-0.009850297808504882,0.0513368445889848,0.08194561988282642,0.03807307982609508,0.7480314960630665,0.23265306122455787,,-0.01707212634279138,,,,h1_atr_change_4;h3_er_8;h3_atr_change_4;h3_slope_atr_8,,,,,,,,0,0.29670329670337175,0.06598984771572403,0.0010606042903962398,-0.008942650160487786,0.06580286339531183,0.08567348810820652,0.04153866090095599,0.7656250000000162,0.24770642201833368,,-0.002112843067493501,,,,h1_atr_change_4;h3_er_8;h3_atr_change_4;h3_slope_atr_8,,,,,,,,both,False,
2026-08-04 03:45:00+00:00,0.0,0.2571428571427967,0.014634146341503571,0.0010873303334949817,0.052953173036483614,0.05844973599807357,0.10457675567869543,0.018275896768726037,0.48818897637804914,0.23265306122455787,,-0.01707212634279138,,,,h1_atr_change_4;h3_er_8;h3_atr_change_4;h3_slope_atr_8,,,,,,,,0,0.2641509433963213,0.014492753623177524,0.0010956078201691806,0.05281653037338563,0.06753318167023425,0.09617106402197882,0.020670251316963383,0.4921874999999485,0.24770642201833368,,-0.002112843067493501,,,,h1_atr_change_4;h3_er_8;h3_atr_change_4;h3_slope_atr_8,,,,,,,,both,False,
2026-08-04 04:00:00+00:00,0.0,0.012987012987095379,0.024630541871914716,0.001085383800602016,-0.03321115240985173,0.050032573118589774,-0.18112048536622702,-0.008471525969947274,0.4488188976378049,0.10798122065725645,,-0.007168238226090466,,,,h1_atr_change_4;h3_er_8;h3_atr_change_4;h3_slope_atr_8,,,,,,,,0,0.0,0.029411764705915968,0.0010927089576746978,-0.03443970065082713,0.054537022391190515,-0.18132544920557955,-0.0071358399645997895,0.46093750000008943,0.11827956989241407,,0.016411470380851934,,,,h1_atr_change_4;h3_er_8;h3_atr_change_4;h3_slope_atr_8,,,,,,,,both,False,
2026-08-04 04:15:00+00:00,0.0,0.34210526315775636,0.07379134860047153,0.0010676039668560294,-0.019320495281547334,0.017949868955329462,-0.40528923157340124,-0.027990004637701415,0.34645669291341474,0.10798122065725645,,-0.007168238226090466,,,,h1_atr_change_4;h3_er_8;h3_atr_change_4;h3_slope_atr_8,,,,,,,,0,0.31645569620260994,0.07379134860054887,0.0010712511229803246,-0.016702580722650184,0.021461361998508455,-0.41556168316253167,-0.02646914029703164,0.3593749999999404,0.11827956989241407,,0.016411470380851934,,,,h1_atr_change_4;h3_er_8;h3_atr_change_4;h3_slope_atr_8,,,,,,,,both,False,
2026-08-04 04:30:00+00:00,0.0,0.5692307692307061,0.09895833333333243,0.0010557716762062985,-0.031119515847154444,-0.04005257589086364,-0.06618777446690137,-0.0232046550483838,0.45669291338588874,0.10798122065725645,,-0.007168238226090466,,,,h1_atr_change_4;h3_er_8;h3_atr_change_4;h3_slope_atr_8,,,,,,,,0,0.5999999999995901,0.0961038961038991,0.001061629678764233,-0.03246966363207715,-0.03779202299485951,-0.06711057064918587,-0.023133408470866777,0.46093750000008943,0.11827956989241407,,0.016411470380851934,,,,h1_atr_change_4;h3_er_8;h3_atr_change_4;h3_slope_atr_8,,,,,,,,both,False,
2026-08-04 04:45:00+00:00,0.0,0.1428571428569918,0.09043927648579553,0.001057594826126898,-0.037389144559919596,-0.06345271048090162,0.12926616741808555,-0.004246854686750056,0.5354330708662023,0.10798122065725645,,-0.007168238226090466,,,,h1_atr_change_4;h3_er_8;h3_atr_change_4;h3_slope_atr_8,,,,,,,,0,0.15000000000036082,0.09043927648575371,0.0010629104604305067,-0.034997118790406234,-0.058058780273189003,0.11961641127135272,-0.0048681097610372565,0.539062500000084,0.11827956989241407,,0.016411470380851934,,,,h1_atr_change_4;h3_er_8;h3_atr_change_4;h3_slope_atr_8,,,,,,,,both,False,
2026-08-04 05:00:00+00:00,0.0,0.4693877551020593,0.14634146341463744,0.0008653309728797926,-0.024279817355121303,-0.10298878422216762,0.33261645737314544,-0.023669491171498563,0.6504065040649349,0.1028037383177027,-0.04933023512337553,0.0043828749168225685,,,,h3_er_8;h3_atr_change_4;h3_slope_atr_8,,,,,,,,0,0.4583333333328515,0.14285714285714285,0.0008779088953242978,-0.02374096560611849,-0.10035086552339056,0.3276838876315957,-0.024806759779775648,0.6532258064516432,0.11827956989241407,-0.04182091723992498,0.036006903293862066,,,,h3_er_8;h3_atr_change_4;h3_slope_atr_8,,,,,,,,both,False,
2026-08-04 05:15:00+00:00,0.0,0.09090909090902974,0.06818181818181962,0.0009022350407336802,-0.0009589830020272361,-0.10133418723813303,-0.033857871568149296,-0.0699148450884489,0.40650406504058434,0.1028037383177027,-0.04933023512337553,0.0043828749168225685,,,,h3_er_8;h3_atr_change_4;h3_slope_atr_8,,,,,,,,0,0.06060606060611158,0.06214689265533747,0.0009168202518605969,-0.00019294368257039007,-0.0972027108201935,-0.04274962491780538,-0.07233907118417998,0.40322580645159845,0.11827956989241407,-0.04182091723992498,0.036006903293862066,,,,h3_er_8;h3_atr_change_4;h3_slope_atr_8,,,,,,,,both,False,
2026-08-04 05:30:00+00:00,0.0,0.15492957746486802,0.02380952380954584,0.0008653115220963431,-0.008952736987559717,-0.10051955564972515,-0.07686839353805644,-0.08235301203131055,0.45454545454549533,0.1028037383177027,-0.04933023512337553,0.0043828749168225685,,,,h3_er_8;h3_atr_change_4;h3_slope_atr_8,,,,,,,,0,0.17333333333327808,0.03206997084549652,0.000891546443678594,-0.014429071538402338,-0.10220053092422832,-0.06361738974699971,-0.08560281120363337,0.4639175257732997,0.11827956989241407,-0.04182091723992498,0.036006903293862066,,,,h3_er_8;h3_atr_change_4;h3_slope_atr_8,,,,,,,,both,False,
2026-08-04 05:45:00+00:00,0.0,0.36734693877557495,0.2761904761904856,0.0007734841317279397,0.03228275318635698,-0.11817716750541818,-0.34474294102816094,-0.07438335927596557,-0.03409090909113274,0.1028037383177027,-0.04933023512337553,0.0043828749168225685,,,,h3_er_8;h3_atr_change_4;h3_slope_atr_8,,,,,,,,0,0.3523809523810732,0.27950310559008096,0.0007967910580208273,0.035977411261130854,-0.11656025245455448,-0.3489095783509153,-0.07737583002251455,-0.033707865168766386,0.11827956989241407,-0.04182091723992498,0.036006903293862066,,,,h3_er_8;h3_atr_change_4;h3_slope_atr_8,,,,,,,,both,False,
2026-08-04 06:00:00+00:00,0.0,0.2761904761902667,0.15555555555549602,0.0007735049460021147,0.007369815092144183,-0.08116264898135783,-0.09308406759347514,-0.06300889523521187,0.22580645161292634,0.15207373271886665,-0.08663844420286715,0.014608424269351708,,,,h3_er_8;h3_atr_change_4;h3_slope_atr_8,,,,,,,,0,0.2678571428570048,0.15887850467288167,0.0007949636924722166,0.0023408822798927087,-0.08290784470664758,-0.10303603995173628,-0.06683418807680208,0.22340425531920924,0.00952380952376723,-0.08275309658399022,0.012674157971056605,,,,h3_er_8;h3_atr_change_4;h3_slope_atr_8,,,,,,,,both,False,
2026-08-04 06:15:00+00:00,0.0,0.03896103896098653,0.1455696202531819,0.0007736514171377888,-0.002984404080415337,-0.06585672008916943,-0.07963289084832241,-0.047852421731831615,0.3773584905659745,0.15207373271886665,-0.08663844420286715,0.014608424269351708,,,,h3_er_8;h3_atr_change_4;h3_slope_atr_8,,,,,,,,0,0.0588235294118569,0.13931888544885426,0.0007955336034467191,-0.0037987382556122773,-0.0708728159679789,-0.08945205571512733,-0.0514267103399209,0.37864077669910656,0.00952380952376723,-0.08275309658399022,0.012674157971056605,,,,h3_er_8;h3_atr_change_4;h3_slope_atr_8,,,,,,,,both,False,
2026-08-04 06:30:00+00:00,0.0,0.4166666666667695,0.10000000000004441,0.000738519986165434,0.022718688687566546,-0.013948772936586917,0.06175414708509897,-0.05658164499551233,0.24528301886784154,0.15207373271886665,-0.08663844420286715,0.014608424269351708,,,,h3_er_8;h3_atr_change_4;h3_slope_atr_8,,,,,,,,0,0.4177215189872777,0.10322580645162631,0.0007672905730718759,0.018422823821045542,-0.02200034987744426,0.0686202399365841,-0.06107201354354698,0.22330097087372153,0.00952380952376723,-0.08275309658399022,0.012674157971056605,,,,h3_er_8;h3_atr_change_4;h3_slope_atr_8,,,,,,,,both,False,
2026-08-04 06:45:00+00:00,0.0,0.15999999999973355,0.22033898305082705,0.0007295316952844194,0.012955977383424244,0.03762229442499598,-0.2518090448012934,-0.058703470815906864,0.10377358490570583,0.15207373271886665,-0.08663844420286715,0.014608424269351708,,,,h3_er_8;h3_atr_change_4;h3_slope_atr_8,,,,,,,,0,0.14814814814782834,0.2196721311474923,0.0007586439199093087,0.01483687306314807,0.028504811864555668,-0.2623540176957366,-0.06348044454857306,0.07766990291269252,0.00952380952376723,-0.08275309658399022,0.012674157971056605,,,,h3_er_8;h3_atr_change_4;h3_slope_atr_8,,,,,,,,both,False,
2026-08-04 07:00:00+00:00,0.0,0.0,0.01730103806224173,0.0007106852255738817,-0.0013764311454669276,0.0619787283408586,-0.055739773969533356,-0.06264869553310823,0.3584905660377596,0.06598984771571659,-0.07781441328117644,0.009044362576057684,,,,h3_er_8;h3_atr_change_4;h3_slope_atr_8,,,,,,,,0,0.015873015873116573,0.023255813953488372,0.0007466336400859114,5.227286259512631e-05,0.0535713765700041,-0.06490894129899968,-0.06638052881624842,0.3557692307693745,0.07614213197963822,-0.07617988477866822,0.008147693803121801,,,,h3_er_8;h3_atr_change_4;h3_slope_atr_8,,,,,,,,both,False,
2026-08-04 07:15:00+00:00,0.0,0.20547945205495285,0.00684931506846138,0.0007156092295734965,0.010095587778711446,0.07372971635870784,0.2995630790469324,-0.0464106369885578,0.5188679245283196,0.06598984771571659,-0.07781441328117644,0.009044362576057684,,,,h3_er_8;h3_atr_change_4;h3_slope_atr_8,,,,,,,,0,0.17333333333327808,0.009836065573759989,0.0007522762006141822,0.011639418924372258,0.06604002087602523,0.30744354616204583,-0.05048050041840042,0.5096153846154462,0.07614213197963822,-0.07617988477866822,0.008147693803121801,,,,h3_er_8;h3_atr_change_4;h3_slope_atr_8,,,,,,,,both,False,
2026-08-04 07:30:00+00:00,0.0,0.6808510638300386,0.026490066225189908,0.0007465775451029006,0.08811316866529872,0.1788937698145887,0.6133990299056592,0.005575709106947578,0.8490566037736521,0.06598984771571659,-0.07781441328117644,0.009044362576057684,,,,h3_er_8;h3_atr_change_4;h3_slope_atr_8,,,,,,,,0,0.6808510638300386,0.015974440894598606,0.0007767581563810146,0.08897675700373142,0.17788864428238638,0.6211113297011991,0.003285348233139267,0.8461538461539283,0.07614213197963822,-0.07617988477866822,0.008147693803121801,,,,h3_er_8;h3_atr_change_4;h3_slope_atr_8,,,,,,,,both,False,
2026-08-04 07:45:00+00:00,0.0,0.5047619047617234,0.05084745762706761,0.0007253920407952429,0.0165448552451819,0.16092068077908883,0.2684486751328078,0.019144960173453893,0.474074074074068,0.06598984771571659,-0.07781441328117644,0.009044362576057684,,,,h3_er_8;h3_atr_change_4;h3_slope_atr_8,,,,,,,,0,0.5192307692306789,0.04950495049506837,0.0007470322502841538,0.01624948188891806,0.1554583251169841,0.2729776158713497,0.017265372372917958,0.47368421052639487,0.07614213197963822,-0.07617988477866822,0.008147693803121801,,,,h3_er_8;h3_atr_change_4;h3_slope_atr_8,,,,,,,,both,False,
2026-08-04 08:00:00+00:00,0.0,0.3882352941174688,0.09090909090907731,0.0007266391389503782,0.0015378826214309527,0.1541998014031878,0.05218409082469881,0.032405762283568944,0.525925925925932,0.17370892018778755,-0.041741146373744265,0.017592985739431796,,,,h3_er_8;h3_atr_change_4;h3_slope_atr_8,,,,,,,,0,0.4047619047618292,0.08794788273612478,0.0007494529178331716,0.004494406437046905,0.15794082130138065,0.06974275003859484,0.031935955012598154,0.5338345864663022,0.18483412322281664,-0.03977543471055345,0.01569035872985509,,,,h3_er_8;h3_atr_change_4;h3_slope_atr_8,,,,,,,,both,False,
2026-08-04 08:15:00+00:00,0.0,0.050000000000041636,0.09459459459460473,0.0007253352772985698,0.025145882370524397,0.1867649600305641,-0.1989886108410517,0.02909289710484105,0.4370370370371162,0.17370892018778755,-0.041741146373744265,0.017592985739431796,,,,h3_er_8;h3_atr_change_4;h3_slope_atr_8,,,,,,,,0,0.061728395061552414,0.08794788273612478,0.0007494489237495161,0.021332721726167847,0.18715253235748652,-0.19308461762284618,0.029433630735170014,0.436090225563911,0.18483412322281664,-0.03977543471055345,0.01569035872985509,,,,h3_er_8;h3_atr_change_4;h3_slope_atr_8,,,,,,,,both,False,
2026-08-04 08:30:00+00:00,0.0,0.08571428571453948,0.12703583061885151,0.0007473160076794071,0.0029442482379007373,0.16381865691764252,0.11073737238845548,0.04539418022541484,0.6222222222222039,0.17370892018778755,-0.041741146373744265,0.017592985739431796,,,,h3_er_8;h3_atr_change_4;h3_slope_atr_8,,,,,,,,0,0.0857142857144851,0.11949685534582499,0.0007696650846901844,0.0059398293610462005,0.17260138705911987,0.10299460978049794,0.045576491761200016,0.6165413533834662,0.18483412322281664,-0.03977543471055345,0.01569035872985509,,,,h3_er_8;h3_atr_change_4;h3_slope_atr_8,,,,,,,,both,False,
2026-08-04 08:45:00+00:00,0.0,0.07246376811581144,0.012422360248459626,0.0007733708768879532,0.024148327359080568,0.1766779183339855,-0.02477894444361039,0.05094921999243028,0.4370370370371162,0.17370892018778755,-0.041741146373744265,0.017592985739431796,,,,h3_er_8;h3_atr_change_4;h3_slope_atr_8,,,,,,,,0,0.07246376811606328,0.01204819277102632,0.0007926582762828172,0.022202892008322594,0.18111251260203054,-0.034349148357410514,0.05159107380721657,0.436090225563911,0.18483412322281664,-0.03977543471055345,0.01569035872985509,,,,h3_er_8;h3_atr_change_4;h3_slope_atr_8,,,,,,,,both,False,
2026-08-04 09:00:00+00:00,0.0,0.3670886075949865,0.07645259938833435,0.0007804180258885609,-0.015112788602086757,0.1604923715457327,-0.17382699035096014,0.056473590711950274,0.3111111111111842,0.10132158590317074,-0.014516262658008428,-0.030854080674632082,,,,h3_er_8;h3_atr_change_4;h3_slope_atr_8,,,,,,,,0,0.376623376623459,0.07142857142855727,0.000797975589874118,-0.01908701202701124,0.15850804533687302,-0.16808413604110634,0.058225223595947354,0.31578947368426324,0.10132158590306302,-0.01558868537559277,-0.03249733949664585,,,,h3_er_8;h3_atr_change_4;h3_slope_atr_8,,,,,,,,both,False,
2026-08-04 09:15:00+00:00,0.0,0.3333333333335307,0.009836065573761422,0.0007388744115938228,0.00698961970721923,0.15692394465936466,-0.3793107017676137,0.04141821681859393,0.25185185185186404,0.10132158590317074,-0.014516262658008428,-0.030854080674632082,,,,h3_er_8;h3_atr_change_4;h3_slope_atr_8,,,,,,,,0,0.34246575342451585,0.006369426751561729,0.0007551999220738066,0.008611493352932431,0.15504052907606525,-0.37727490762271776,0.04241109120335394,0.24812030075199268,0.10132158590306302,-0.01558868537559277,-0.03249733949664585,,,,h3_er_8;h3_atr_change_4;h3_slope_atr_8,,,,,,,,both,False,
2026-08-04 09:30:00+00:00,0.0,0.20481927710846598,0.03448275862063685,0.0007751767537962853,-4.417930805622472e-05,0.06319164759218854,0.03634275067699818,0.054280303171246755,0.5072463768115616,0.10132158590317074,-0.014516262658008428,-0.030854080674632082,,,,h3_er_8;h3_atr_change_4;h3_slope_atr_8,,,,,,,,0,0.18072289156613613,0.03067484662575684,0.0007880738814490568,0.0013150566845037126,0.06206075144057133,0.041607543459455484,0.05724436534765116,0.518248175182522,0.10132158590306302,-0.01558868537559277,-0.03249733949664585,,,,h3_er_8;h3_atr_change_4;h3_slope_atr_8,,,,,,,,both,False,
2026-08-04 09:45:00+00:00,0.0,0.18518518518530702,0.08196721311478751,0.0007331101177248683,-0.009775690815604032,0.03566331513592558,0.08945998795803335,0.0342052895133949,0.3405797101449217,0.10132158590317074,-0.014516262658008428,-0.030854080674632082,,,,h3_er_8;h3_atr_change_4;h3_slope_atr_8,,,,,,,,0,0.17073170731687504,0.08737864077675485,0.0007349617222028601,-0.008687037640711326,0.036000124456807114,0.09327146037458592,0.03693138339092943,0.35036496350370877,0.10132158590306302,-0.01558868537559277,-0.03249733949664585,,,,h3_er_8;h3_atr_change_4;h3_slope_atr_8,,,,,,,,both,False,
2026-08-04 10:00:00+00:00,0.0,0.031249999999859054,0.020979020979005777,0.0007142715018774377,-0.010805502665753086,0.022899353284512536,0.016232319284865394,0.02305262150539264,0.3405797101449217,0.2670807453416269,-0.0045098210479835865,0.0012578232092565877,,,,h3_er_8;h3_atr_change_4;h3_slope_atr_8,,,,,,,,0,0.014925373134427286,0.02405498281787099,0.0007162245286254456,-0.013133908694501484,0.01781890159163768,0.01653973696061133,0.025157078906472088,0.34306569343066756,0.2749999999999896,-0.0037350919055925136,-0.00014135193995312308,,,,h3_er_8;h3_atr_change_4;h3_slope_atr_8,,,,,,,,both,False,
2026-08-04 10:15:00+00:00,0.0,0.4025974025974775,0.08196721311478751,0.0007370046150257995,-0.015112361664763263,-0.017270667876614132,-0.014126907464628531,0.02337172190849697,0.49275362318843846,0.2670807453416269,-0.0045098210479835865,0.0012578232092565877,,,,h3_er_8;h3_atr_change_4;h3_slope_atr_8,,,,,,,,0,0.38461538461534084,0.07491856677522027,0.0007361846121897532,-0.012358082283530969,-0.015755991684017645,-0.03110100311100467,0.025507044406617187,0.48905109489051923,0.2749999999999896,-0.0037350919055925136,-0.00014135193995312308,,,,h3_er_8;h3_atr_change_4;h3_slope_atr_8,,,,,,,,both,False,
2026-08-04 10:30:00+00:00,0.0,0.17647058823514045,0.10738255033561198,0.0007294325133501118,-0.02770242927592581,-0.04729964404141851,0.15255877711269145,0.010006773195290202,0.4420289855072662,0.2670807453416269,-0.0045098210479835865,0.0012578232092565877,,,,h3_er_8;h3_atr_change_4;h3_slope_atr_8,,,,,,,,0,0.18367346938801404,0.11486486486485574,0.0007242381313995963,-0.026998566984354988,-0.047983982166400985,0.15244362028416958,0.012040731867799168,0.4525547445254753,0.2749999999999896,-0.0037350919055925136,-0.00014135193995312308,,,,h3_er_8;h3_atr_change_4;h3_slope_atr_8,,,,,,,,both,False,
2026-08-04 10:45:00+00:00,0.0,0.8181818181818182,0.2891566265060467,0.0008344183913157482,0.08078426741399025,0.005385185693643102,0.40778291227153163,0.009983696058357628,0.7971014492754719,0.2670807453416269,-0.0045098210479835865,0.0012578232092565877,,,,h3_er_8;h3_atr_change_4;h3_slope_atr_8,,,,,,,,0,0.8378378378374162,0.2948328267476535,0.0008254568259951946,0.08312256434354603,0.008752801027746893,0.41769356452180595,0.01128360172700345,0.8029197080291841,0.2749999999999896,-0.0037350919055925136,-0.00014135193995312308,,,,h3_er_8;h3_atr_change_4;h3_slope_atr_8,,,,,,,,both,False,
2026-08-04 11:00:00+00:00,0.0,0.7283950617283274,0.21035598705502642,0.0008014955167892477,0.027796470018965458,0.04918749366093955,0.3553351070333847,0.01705505926937531,0.7517730496454805,0.34090909090922566,0.03390228606339796,0.046882699975012876,,,,h3_er_8;h3_atr_change_4;h3_slope_atr_8,,,,,,,,0,0.7435897435897728,0.20915032679735765,0.0007899651047984233,0.027481783524205827,0.05664329032573567,0.357915778726076,0.017869796505018402,0.7500000000000793,0.3257142857142364,0.035073875562465995,0.04640104631497955,,,,h3_er_8;h3_atr_change_4;h3_slope_atr_8,,,,,,,,both,False,
2026-08-04 11:15:00+00:00,0.0,0.7380952380951625,0.22784810126583613,0.0008148704993730602,0.004870377934429682,0.046979445116505536,0.44038904521696914,0.040835843080103594,0.8333333333333808,0.34090909090922566,0.03390228606339796,0.046882699975012876,,,,h3_er_8;h3_atr_change_4;h3_slope_atr_8,,,,,,,,0,0.7590361445783068,0.23174603174598385,0.0008073727090070357,0.00747702352869406,0.05545479511647167,0.4363990094402879,0.041311493577658634,0.8387096774192948,0.3257142857142364,0.035073875562465995,0.04640104631497955,,,,h3_er_8;h3_atr_change_4;h3_slope_atr_8,,,,,,,,both,False,
2026-08-04 11:30:00+00:00,0.0,0.9285714285713578,0.22784810126578187,0.0008147995937456217,-0.00634644651965266,0.040380809365170744,0.41263616024909155,0.0964487259094835,1.0576923076922584,0.34090909090922566,0.03390228606339796,0.046882699975012876,,,,h3_er_8;h3_atr_change_4;h3_slope_atr_8,,,,,,,,0,0.9115044247789558,0.23174603174598385,0.0008073001517991128,-0.007206175925874692,0.04647283108937872,0.4196867070672326,0.09699570489959206,1.0645161290322533,0.3257142857142364,0.035073875562465995,0.04640104631497955,,,,h3_er_8;h3_atr_change_4;h3_slope_atr_8,,,,,,,,both,False,
2026-08-04 11:45:00+00:00,0.0,0.9139784946235584,0.4000000000000278,0.0008250364833416608,0.02525866188754322,0.07718971001810138,0.6431006894804905,0.14380202405994402,1.1676646706585783,0.34090909090922566,0.03390228606339796,0.046882699975012876,,,,h3_er_8;h3_atr_change_4;h3_slope_atr_8,,,,,,,,0,0.8924731182798061,0.3962264150943291,0.0008146352443426455,0.023237603097860937,0.08017386239204072,0.6454555054270503,0.14412590963204852,1.1626506024096346,0.3257142857142364,0.035073875562465995,0.04640104631497955,,,,h3_er_8;h3_atr_change_4;h3_slope_atr_8,,,,,,,,both,False,
2026-08-04 12:00:00+00:00,0.0,0.1410256410255881,0.14210526315790642,0.0010076111418493511,0.05025557038421136,0.14368255823888987,0.048661812422082375,0.1502194920238217,0.6336633663366359,0.41116751269043084,0.04000183221112885,0.09590344803547694,,,,h3_er_8;h3_atr_change_4;h3_slope_atr_8,,,,,,,,0,0.15032679738558677,0.1413333333333065,0.000988533427951629,0.051926517998499344,0.15138572488179936,0.04514736401916006,0.15098413247829545,0.636815920398033,0.4040404040403406,0.04200601220365763,0.0968003933311558,,,,h3_er_8;h3_atr_change_4;h3_slope_atr_8,,,,,,,,both,False,
2026-08-04 12:15:00+00:00,0.0,0.13907284768217765,0.12144702842377765,0.0010156949031555596,-0.00046342831289392095,0.16069336121704048,-0.476701163449593,0.14578464241417494,0.5396039603960809,0.41116751269043084,0.04000183221112885,0.09590344803547694,,,,h3_er_8;h3_atr_change_4;h3_slope_atr_8,,,,,,,,0,0.1428571428570134,0.1233595800525482,0.000995824806400082,-0.0010690430871239665,0.16454640421832156,-0.47866333975475195,0.1466442723535713,0.5422885572139897,0.4040404040403406,0.04200601220365763,0.0968003933311558,,,,h3_er_8;h3_atr_change_4;h3_slope_atr_8,,,,,,,,both,False,
2026-08-04 12:30:00+00:00,0.0,0.4700854700853663,0.06336088154275128,0.0009922398882110568,-0.004777344927991534,0.18806049038529737,-0.5584813293725349,0.1523294394521229,0.5445544554456185,0.41116751269043084,0.04000183221112885,0.09590344803547694,,,,h3_er_8;h3_atr_change_4;h3_slope_atr_8,,,,,,,,0,0.486725663716922,0.06703910614526214,0.0009737913184655506,-0.0024611374357000892,0.19391426985556248,-0.5519239187911577,0.15245747405588678,0.5472636815920217,0.4040404040403406,0.04200601220365763,0.0968003933311558,,,,h3_er_8;h3_atr_change_4;h3_slope_atr_8,,,,,,,,both,False,
2026-08-04 12:45:00+00:00,0.0,0.06172839506173178,0.2978208232445323,0.001166779584935485,0.06105787532041651,0.16637610084445043,0.3304056534354693,0.1675475316797039,0.9158415841584104,0.41116751269043084,0.04000183221112885,0.09590344803547694,,,,h3_er_8;h3_atr_change_4;h3_slope_atr_8,,,,,,,,0,0.050000000000055514,0.30073349633255575,0.0011527338818120634,0.05949154790088462,0.16786605641151464,0.33433001818619107,0.16816548366874434,0.9203980099502735,0.4040404040403406,0.04200601220365763,0.0968003933311558,,,,h3_er_8;h3_atr_change_4;h3_slope_atr_8,,,,,,,,both,False,
2026-08-04 13:00:00+00:00,0.0,0.07878787878787064,0.15021459227467238,0.0013072470911206164,0.02873593314280165,0.16744223345652975,0.17365930621425868,0.14265656163558138,0.5693069306930867,0.2406417112300316,0.05227662766987362,0.13881373125166271,,,,h3_er_8;h3_atr_change_4;h3_slope_atr_8,,,,,,,,0,0.07878787878787064,0.14902807775380683,0.0012956856942738673,0.02853721474008064,0.16906569061589916,0.17575588003132264,0.14351729356132933,0.5721393034826233,0.2380952380952493,0.05520712283425544,0.14012022611864156,,,,h3_er_8;h3_atr_change_4;h3_slope_atr_8,,,,,,,,both,False,
2026-08-04 13:15:00+00:00,0.0,0.08982035928150241,0.11899791231732854,0.0013180776502289037,-0.015409440391710993,0.14388146689335501,-0.2237904002446038,0.10787902145386566,0.46534653465345666,0.2406417112300316,0.05227662766987362,0.13881373125166271,,,,h3_er_8;h3_atr_change_4;h3_slope_atr_8,,,,,,,,0,0.08982035928150241,0.11999999999999626,0.0013061205613990393,-0.012033343153769804,0.14642606731221752,-0.22571822924941762,0.10799255758832076,0.46766169154229514,0.2380952380952493,0.05520712283425544,0.14012022611864156,,,,h3_er_8;h3_atr_change_4;h3_slope_atr_8,,,,,,,,both,False,
2026-08-04 13:30:00+00:00,0.0,0.05699481865276986,0.10782241014800108,0.001307706517169415,0.06539243598484412,0.22646636568942902,-0.37916604631804257,0.08882286627706705,0.5524861878452836,0.2406417112300316,0.05227662766987362,0.13881373125166271,,,,h3_er_8;h3_atr_change_4;h3_slope_atr_8,,,,,,,,0,0.06185567010315296,0.10874200426439777,0.0012953028137395412,0.0665710723619568,0.23162015148232684,-0.37662931596339255,0.08962089745404554,0.5586592178771705,0.2380952380952493,0.05520712283425544,0.14012022611864156,,,,h3_er_8;h3_atr_change_4;h3_slope_atr_8,,,,,,,,both,False,
2026-08-04 13:45:00+00:00,0.0,0.08080808080815784,0.29056603773587497,0.0014671301764819322,0.05699453614393435,0.2644304266704445,0.4799786880243682,0.08977929536058293,0.994475138121633,0.2406417112300316,0.05227662766987362,0.13881373125166271,,,,h3_er_8;h3_atr_change_4;h3_slope_atr_8,,,,,,,,0,0.08080808080805475,0.2914285714285487,0.0014519609860906679,0.05795769017793728,0.2734109914393228,0.48483343298653053,0.09096859301563659,1.0,0.2380952380952493,0.05520712283425544,0.14012022611864156,,,,h3_er_8;h3_atr_change_4;h3_slope_atr_8,,,,,,,,both,False,
2026-08-04 14:00:00+00:00,0.0,0.6744186046510987,0.29190207156309356,0.0014671558414099113,-0.012483820267676915,0.18889681682537596,0.6889920954568686,0.08938438512696567,0.9234693877550524,0.6571428571429141,0.12260583881798337,0.20417080726402653,,,,h3_er_8;h3_atr_change_4;h3_slope_atr_8,,,,,,,,0,0.6769230769230297,0.2965779467680721,0.0014520387121653646,-0.013306681360271466,0.1944428585432476,0.6975420175891727,0.09113423853391417,0.9282051282051177,0.6599190283400374,0.12699013628975897,0.20544499030712063,,,,h3_er_8;h3_atr_change_4;h3_slope_atr_8,,,,,,,,both,False,
2026-08-04 14:15:00+00:00,0.0,1.0,0.34150612959720006,0.001548974961891359,0.029678825889192018,0.22474946202905666,0.707227219460005,0.1087536001821451,1.19021739130426,0.6571428571429141,0.12260583881798337,0.20417080726402653,,,,h3_er_8;h3_atr_change_4;h3_slope_atr_8,,,,,,,,0,1.0,0.3451327433628312,0.001529777898308123,0.03165645580135079,0.23357342924895952,0.7027837165237288,0.10966913446450915,1.1837837837837968,0.6599190283400374,0.12699013628975897,0.20544499030712063,,,,h3_er_8;h3_atr_change_4;h3_slope_atr_8,,,,,,,,both,False,
2026-08-04 14:30:00+00:00,0.0,0.6705882352942744,0.29391891891895733,0.0015667219135765903,-0.01582522697451383,0.21115362242062297,0.27431304934045597,0.10980936484333302,0.8400000000000434,0.6571428571429141,0.12260583881798337,0.20417080726402653,,,,h3_er_8;h3_atr_change_4;h3_slope_atr_8,,,,,,,,0,0.676646706586804,0.2947189097104136,0.0015469929732794521,-0.01789900601967742,0.21448269985073098,0.27301025764869297,0.1114434455089552,0.836283185840711,0.6599190283400374,0.12699013628975897,0.20544499030712063,,,,h3_er_8;h3_atr_change_4;h3_slope_atr_8,,,,,,,,both,False,
2026-08-04 14:45:00+00:00,0.0,0.008130081300686789,0.15972222222220187,0.0015347391836863496,-0.006516631619702062,0.1340201212540657,-0.04743034610252037,0.10958303177788742,0.6681614349775218,0.6571428571429141,0.12260583881798337,0.20417080726402653,,,,h3_er_8;h3_atr_change_4;h3_slope_atr_8,,,,,,,,0,0.008130081300686789,0.15679442508714547,0.0015203805859274717,-0.00844483851939215,0.13660801915009868,-0.06156568415763926,0.11078302235067575,0.6636771300448568,0.6599190283400374,0.12699013628975897,0.20544499030712063,,,,h3_er_8;h3_atr_change_4;h3_slope_atr_8,,,,,,,,both,False,
2026-08-04 15:00:00+00:00,0.0,0.031746031745891884,0.15972222222224658,0.0015347385560987282,-0.003670934139229698,0.09829662955842533,-0.38764153910895427,0.10123584828769627,0.6372093023255962,0.6305220883535848,0.11790511364726353,0.2297419653989423,0.2506887052342255,,,h3_atr_change_4;h3_slope_atr_8,,,,,,,,0,0.040650406504156036,0.16287215411557457,0.0015198594074112629,-0.004243797050200615,0.10038262998311231,-0.38986032988980923,0.10218806003720286,0.641860465116221,0.625498007968009,0.12100531668807868,0.23073772236850312,0.24864864864862496,,,h3_atr_change_4;h3_slope_atr_8,,,,,,,,both,False,
2026-08-04 15:15:00+00:00,0.0,1.0,0.036789297658847475,0.0015720710901961676,0.011151706326484545,0.12792520727849488,-0.42540213416504186,0.07994217041127565,0.4232558139534538,0.6305220883535848,0.11790511364726353,0.2297419653989423,0.2506887052342255,,,h3_atr_change_4;h3_slope_atr_8,,,,,,,,0,1.0,0.035413153457007025,0.0015586109494140756,0.013217000511021482,0.12850608878336733,-0.4305409227477322,0.08029019871296389,0.4232558139534538,0.625498007968009,0.12100531668807868,0.23073772236850312,0.24864864864862496,,,h3_atr_change_4;h3_slope_atr_8,,,,,,,,both,False,
2026-08-04 15:30:00+00:00,0.0,1.0,0.035087719298244245,0.001543619738166269,-0.01498051861729377,0.04283479512872135,-0.37041968416780924,0.07186985333237095,0.3906976744185648,0.6305220883535848,0.11790511364726353,0.2297419653989423,0.2506887052342255,,,h3_atr_change_4;h3_slope_atr_8,,,,,,,,0,1.0,0.03374777975131912,0.0015293184705108748,-0.01694504633394056,0.04014024903566216,-0.3603704821323666,0.0728753705072042,0.4000000000000207,0.625498007968009,0.12100531668807868,0.23073772236850312,0.24864864864862496,,,h3_atr_change_4;h3_slope_atr_8,,,,,,,,both,False,
2026-08-04 15:45:00+00:00,0.0,0.23913043478247753,0.026086956521718312,0.0015515393169859065,0.04196520943913695,0.028006804728413437,-0.09993346359400658,0.08596012490436054,0.5534883720930098,0.6305220883535848,0.11790511364726353,0.2297419653989423,0.2506887052342255,,,h3_atr_change_4;h3_slope_atr_8,,,,,,,,0,0.24137931034489798,0.024647887323951095,0.0015368201180361216,0.04187998754675326,0.024333316703700758,-0.10260698299362409,0.0860574696076063,0.5534883720930098,0.625498007968009,0.12100531668807868,0.23073772236850312,0.24864864864862496,,,h3_atr_change_4;h3_slope_atr_8,,,,,,,,both,False,
2026-08-04 16:00:00+00:00,0.0,0.22627737226261993,0.1813285457809735,0.0014999287994738992,0.0011226550682295056,0.04217117947057991,0.4352867545286484,0.09382922688562582,0.7813953488371296,0.6275303643726218,0.11628218073553143,0.2765929872475561,0.2506887052342255,,,h3_atr_change_4;h3_slope_atr_8,,,,,,,,0,0.23529411764716446,0.18411552346572654,0.0014964226939111083,0.0018621307097577144,0.040080782795362424,0.44600633932294453,0.09439981669982916,0.7906976744185854,0.6224899598392521,0.11906960512270692,0.2792052943303623,0.24864864864862496,,,h3_atr_change_4;h3_slope_atr_8,,,,,,,,both,False,
2026-08-04 16:15:00+00:00,0.0,0.24444444444440788,0.13058419243984695,0.0015389424166256957,-0.007140785448230602,0.004904862236142282,0.27854338515038185,0.07380478661529642,0.576744186046443,0.6275303643726218,0.11628218073553143,0.2765929872475561,0.2506887052342255,,,h3_atr_change_4;h3_slope_atr_8,,,,,,,,0,0.24444444444440788,0.1290877796901638,0.0015399318603407318,-0.005353558195558827,0.002768551468051994,0.27402644611252963,0.07373314089251243,0.576744186046443,0.6224899598392521,0.11906960512270692,0.2792052943303623,0.24864864864862496,,,h3_atr_change_4;h3_slope_atr_8,,,,,,,,both,False,
2026-08-04 16:30:00+00:00,0.0,0.1052631578946984,0.0842975206611267,0.0015529543920514684,-0.03728758170175084,-0.017009563139886774,-0.172914313394022,0.04269986539256372,0.4651162790696954,0.6275303643726218,0.11628218073553143,0.2765929872475561,0.2506887052342255,,,h3_atr_change_4;h3_slope_atr_8,,,,,,,,0,0.09090909090895984,0.08278145695363569,0.0015539349143078205,-0.03702698295554452,-0.016761958980528235,-0.177636268099157,0.042075752252471746,0.4651162790696954,0.6224899598392521,0.11906960512270692,0.2792052943303623,0.24864864864862496,,,h3_atr_change_4;h3_slope_atr_8,,,,,,,,both,False,
2026-08-04 16:45:00+00:00,0.0,0.20967741935483294,0.05772811918060158,0.0014111534622105522,-0.03107374581329947,-0.04130731102120566,-0.43996506594353124,0.03676769243504856,0.4325581395349097,0.6275303643726218,0.11628218073553143,0.2765929872475561,0.2506887052342255,,,h3_atr_change_4;h3_slope_atr_8,,,,,,,,0,0.2031249999999512,0.059701492537294884,0.0014122350478778913,-0.03324046941004433,-0.041349605225404984,-0.45490020674939335,0.03591455496193367,0.4325581395349097,0.6224899598392521,0.11906960512270692,0.2792052943303623,0.24864864864862496,,,h3_atr_change_4;h3_slope_atr_8,,,,,,,,both,False,
2026-08-04 17:00:00+00:00,0.0,1.0,0.08119658119659479,0.0012736125835722618,-0.029779554859016066,-0.06642967737689853,-0.18757961905060322,-0.00024103606102714422,0.4279069767441817,0.3673469387755903,0.10785967298665078,0.19718799141187493,0.2506887052342255,,,h3_atr_change_4;h3_slope_atr_8,,,,,,,,0,1.0,0.08154506437769836,0.0012747838215327978,-0.0319274330273569,-0.06800163960859928,-0.18427568761573346,-0.001273670193810723,0.4325581395349097,0.36026936026938594,0.11044009962362944,0.19990203483591296,0.24864864864862496,,,h3_atr_change_4;h3_slope_atr_8,,,,,,,,both,False,
2026-08-04 17:15:00+00:00,0.0,0.05882352941184154,0.19668737060042893,0.0012986428540137207,-0.019395389999809165,-0.09463302450484079,0.15414611608909476,-0.03621505137032429,0.5953488372092514,0.3673469387755903,0.10785967298665078,0.19718799141187493,0.2506887052342255,,,h3_atr_change_4;h3_slope_atr_8,,,,,,,,0,0.10144927536239347,0.200828157349902,0.0013040729900076378,-0.02009462987844879,-0.09864303714663136,0.1748907544628773,-0.03667064206479069,0.6093023255813319,0.36026936026938594,0.11044009962362944,0.19990203483591296,0.24864864864862496,,,h3_atr_change_4;h3_slope_atr_8,,,,,,,,both,False,
2026-08-04 17:30:00+00:00,0.0,0.2413793103449596,0.11489361702128062,0.0012830624654110929,-0.03295837033922855,-0.11115711722282495,0.19012731654410578,-0.07297816190586806,0.5302325581394735,0.3673469387755903,0.10785967298665078,0.19718799141187493,0.2506887052342255,,,h3_atr_change_4;h3_slope_atr_8,,,,,,,,0,0.2666666666671601,0.11489361702129147,0.0012877962399723683,-0.035160903452403525,-0.11534504305875071,0.20855124511390216,-0.07303306384693777,0.5395348837209293,0.36026936026938594,0.11044009962362944,0.19990203483591296,0.24864864864862496,,,h3_atr_change_4;h3_slope_atr_8,,,,,,,,both,False,
2026-08-04 17:45:00+00:00,0.0,0.6969696969695203,0.05022831050226181,0.0011564840118927155,0.004018776406414792,-0.1435271201964088,0.3749070097532215,-0.05260174881742372,0.6971428571428006,0.3673469387755903,0.10785967298665078,0.19718799141187493,0.2506887052342255,,,h3_atr_change_4;h3_slope_atr_8,,,,,,,,0,0.7000000000001554,0.05022831050231505,0.0011638130831201265,0.005142312959041773,-0.14653881424063087,0.3781255860410068,-0.05218475282466087,0.7011494252873255,0.36026936026938594,0.11044009962362944,0.19990203483591296,0.24864864864862496,,,h3_atr_change_4;h3_slope_atr_8,,,,,,,,both,False,
2026-08-04 18:00:00+00:00,0.0,0.486725663716922,0.013274336283224749,0.0011637526364943372,-0.03863787086705828,-0.17754274453364893,0.20891507461447237,-0.04119781863544006,0.6114285714285946,0.46397694524506666,0.02867185205168643,0.1424457199233181,0.87351778656131,,,h3_atr_change_4;h3_slope_atr_8,,,,,,,,0,0.46551724137945555,0.008849557522134328,0.001171935888085864,-0.038186761666720304,-0.18065545976326758,0.19152889745645738,-0.04038117002097431,0.6091954022988594,0.45714285714286257,0.0295008414171265,0.14363780419301073,0.8461538461537279,,,h3_atr_change_4;h3_slope_atr_8,,,,,,,,both,False,
2026-08-04 18:15:00+00:00,0.0,0.2564102564103002,0.13775510204083077,0.0010364961339471516,-0.02310807798034542,-0.1907696103376998,0.1771957142050094,0.0028154829505144334,0.6171428571427905,0.46397694524506666,0.02867185205168643,0.1424457199233181,0.87351778656131,,,h3_atr_change_4;h3_slope_atr_8,,,,,,,,0,0.2345679012348048,0.13131313131311773,0.001054565762825005,-0.022466296890852666,-0.1947521562668516,0.177368876375309,0.0044281559423481505,0.6264367816091888,0.45714285714286257,0.0295008414171265,0.14363780419301073,0.8461538461537279,,,h3_atr_change_4;h3_slope_atr_8,,,,,,,,both,False,
2026-08-04 18:30:00+00:00,0.0,0.5714285714288886,0.05405405405405081,0.0010089805859040686,-0.02923911566549553,-0.18400428438686645,-0.04825580093009567,0.04066569413423921,0.6514285714285997,0.46397694524506666,0.02867185205168643,0.1424457199233181,0.87351778656131,,,h3_atr_change_4;h3_slope_atr_8,,,,,,,,0,0.5492957746479138,0.05347593582888272,0.0010291439466751757,-0.027233668677224987,-0.18656288713258073,-0.04452354414595366,0.042839880711811155,0.6551724137930286,0.45714285714286257,0.0295008414171265,0.14363780419301073,0.8461538461537279,,,h3_atr_change_4;h3_slope_atr_8,,,,,,,,both,False,
2026-08-04 18:45:00+00:00,0.0,0.3478260869566267,0.10249307479225434,0.0009896533209426948,-0.024971123328109468,-0.1788648697199584,0.21302933359131598,0.07534504505067072,0.913907284768096,0.46397694524506666,0.02867185205168643,0.1424457199233181,0.87351778656131,,,h3_atr_change_4;h3_slope_atr_8,,,,,,,,0,0.3333333333333333,0.10743801652891449,0.001005121626442577,-0.025996383524599542,-0.18046767097844163,0.2198524133091681,0.07705078026142166,0.9139072847682305,0.45714285714286257,0.0295008414171265,0.14363780419301073,0.8461538461537279,,,h3_atr_change_4;h3_slope_atr_8,,,,,,,,both,False,
2026-08-04 19:00:00+00:00,0.0,1.0,0.23671497584541684,0.0011057147804133007,0.036162001092360674,-0.12305597761901499,0.591863301995933,0.12695437287910472,1.4028776978418094,0.5053191489362651,0.020278905675216174,0.18275298866436473,0.87351778656131,,,h3_atr_change_4;h3_slope_atr_8,,,,,,,,0,1.0,0.2344497607655914,0.0011199823422875863,0.03429960470318916,-0.12440245404409289,0.5934889167709783,0.12946204311917311,1.413043478260859,0.5013123359579847,0.020253642124622218,0.1832923932072196,0.8461538461537279,,,h3_atr_change_4;h3_slope_atr_8,,,,,,,,both,False,
2026-08-04 19:15:00+00:00,0.0,0.5963302752292532,0.3128205128205292,0.0010486067146547387,-0.026927571278509865,-0.12979192529913575,0.499398510630053,0.14515573854099567,0.8439024390243506,0.5053191489362651,0.020278905675216174,0.18275298866436473,0.87351778656131,,,h3_atr_change_4;h3_slope_atr_8,,,,,,,,0,0.5925925925927068,0.31297709923672923,0.0010603420381374174,-0.02783389415813542,-0.1313178981445342,0.5065693236198116,0.14752653630303467,0.8522167487684874,0.5013123359579847,0.020253642124622218,0.1832923932072196,0.8461538461537279,,,h3_atr_change_4;h3_slope_atr_8,,,,,,,,both,False,
2026-08-04 19:30:00+00:00,0.0,0.6333333333331791,0.36500000000002414,0.001057173617792989,-0.030269353519498443,-0.12737216995690048,0.29490698755588374,0.16133794259942943,0.9268292682926407,0.5053191489362651,0.020278905675216174,0.18275298866436473,0.87351778656131,,,h3_atr_change_4;h3_slope_atr_8,,,,,,,,0,0.6302521008404647,0.3564356435644027,0.0010685001166963512,-0.03122465685558573,-0.12777394249495466,0.2927327064909107,0.16411171264205401,0.9310344827586056,0.5013123359579847,0.020253642124622218,0.1832923932072196,0.8461538461537279,,,h3_atr_change_4;h3_slope_atr_8,,,,,,,,both,False,
2026-08-04 19:45:00+00:00,0.0,0.38317757009335324,0.2659574468084981,0.0010170545776401066,-0.0305566008718009,-0.15742283948242508,-0.07037517704894637,0.183048906906447,0.873170731707251,0.5053191489362651,0.020278905675216174,0.18275298866436473,0.87351778656131,,,h3_atr_change_4;h3_slope_atr_8,,,,,,,,0,0.3904761904762952,0.2650918635171041,0.0010330283160697577,-0.02992884204598034,-0.15820741929499582,-0.07371338218510425,0.18553685396505784,0.881773399014768,0.5013123359579847,0.020253642124622218,0.1832923932072196,0.8461538461537279,,,h3_atr_change_4;h3_slope_atr_8,,,,,,,,both,False,
2026-08-04 20:00:00+00:00,0.0,0.39285714285725615,0.13513513513516037,0.0009253658129171763,-0.03737606640493296,-0.15631694235104465,-0.02594142545789495,0.22625917070484397,0.8171428571428159,0.38829787234047736,-0.04748986283053647,0.1925448886779794,0.87351778656131,,,h3_atr_change_4;h3_slope_atr_8,,,,,,,,0,0.40740740740737696,0.1309523809524132,0.0009348753197029998,-0.03852081152449793,-0.1584997844659619,-0.02395832609687152,0.23024656035746058,0.8255813953488507,0.38421052631581376,-0.04797617406355026,0.19282487666995893,0.8461538461537279,,,h3_atr_change_4;h3_slope_atr_8,,,,,,,,both,False,
2026-08-04 20:15:00+00:00,0.0,0.20930232558125125,0.3288590604027046,0.000846528719431884,-0.042791932936103616,-0.17331670922500841,-0.07391218752984258,0.2486203092301192,0.8685714285713394,0.38829787234047736,-0.04748986283053647,0.1925448886779794,0.87351778656131,,,h3_atr_change_4;h3_slope_atr_8,,,,,,,,0,0.21951219512187198,0.331103678929899,0.0008489695626220604,-0.04404762731786871,-0.17707785921477448,-0.0676680996983811,0.2527602547557176,0.8779069767441567,0.38421052631581376,-0.04797617406355026,0.19282487666995893,0.8461538461537279,,,h3_atr_change_4;h3_slope_atr_8,,,,,,,,both,False,
2026-08-04 20:30:00+00:00,0.0,0.0,0.4609929078014754,0.0008234223977753375,-0.023913593730846783,-0.16878158624150674,0.1060121951060164,0.24929198260917976,0.9142857142856672,0.38829787234047736,-0.04748986283053647,0.1925448886779794,0.87351778656131,,,h3_atr_change_4;h3_slope_atr_8,,,,,,,,0,0.05882352941214886,0.46478873239459306,0.0008267049501012613,-0.02309421450115634,-0.1735760434317173,0.11544630796351874,0.25315187138388767,0.9302325581395919,0.38421052631581376,-0.04797617406355026,0.19282487666995893,0.8461538461537279,,,h3_atr_change_4;h3_slope_atr_8,,,,,,,,both,False,
2026-08-04 20:45:00+00:00,0.0,0.12820512820486543,0.4158075601374387,0.0008328164201362906,-0.03537000166463167,-0.1776466971757138,0.028783159103718314,0.22899542757459057,0.8135593220339365,0.38829787234047736,-0.04748986283053647,0.1925448886779794,0.87351778656131,,,h3_atr_change_4;h3_slope_atr_8,,,,,,,,0,0.18181818181827358,0.4006734006734052,0.0008425134314829474,-0.031113987695284617,-0.17791823540651952,0.007943576884266506,0.22892298285777515,0.7999999999999492,0.38421052631581376,-0.04797617406355026,0.19282487666995893,0.8461538461537279,,,h3_atr_change_4;h3_slope_atr_8,,,,,,,,both,False,
2026-08-04 21:00:00+00:00,0.0,0.13513513513542708,0.42857142857145014,0.00083349335515603,-0.007881337043897263,-0.21260183406123456,-0.07384824609029614,0.19342500170856908,0.8361581920904557,0.44565217391310513,-0.09055423506045779,0.15403024979521188,0.8783269961977617,,,h3_atr_change_4;h3_slope_atr_8,,,,,,,,0,0.2857142857140025,0.4349206349206573,0.000856851618986126,-0.01090608088130296,-0.21384860761779179,0.0026770551412972667,0.19999176644121502,0.9028571428571364,0.4569190600522245,-0.09062365783869764,0.16384421309651456,0.8581560283686659,,,h3_atr_change_4;h3_slope_atr_8,,,,,,,,both,False,
2026-08-04 21:15:00+00:00,,,,,,,,,,,,,,,,,,,,,,,,0,0.42553191489339587,0.16049382716053276,0.0008896973052958154,0.1599454800728728,-0.061999025920505546,-0.29772098703390815,0.13399480811782727,0.5870967741935493,0.4569190600522245,-0.09062365783869764,0.16384421309651456,0.8581560283686659,,,h3_atr_change_4;h3_slope_atr_8,,,,,,,,right_only,False,
2026-08-04 21:30:00+00:00,,,,,,,,,,,,,,,,,,,,,,,,0,0.4105263157894934,0.2413793103448228,0.0008843848482610693,-0.03680985200602305,-0.06740680031175916,-0.24919598879768867,0.09186283127767442,0.622377622377644,0.4569190600522245,-0.09062365783869764,0.16384421309651456,0.8581560283686659,,,h3_atr_change_4;h3_slope_atr_8,,,,,,,,right_only,False,
2026-08-04 21:45:00+00:00,,,,,,,,,,,,,,,,,,,,,,,,0,0.29113924050624373,0.09420289855070249,0.0007854817907888527,-0.020083244066401607,-0.057941579490242257,-0.2763102321195923,0.066560416404643,0.579710144927499,0.4569190600522245,-0.09062365783869764,0.16384421309651456,0.8581560283686659,,,h3_atr_change_4;h3_slope_atr_8,,,,,,,,right_only,False,
2026-08-04 22:00:00+00:00,,,,,,,,,,,,,,,,,,,,,,,,0,0.47826086956507746,0.18656716417908284,0.0007762235012031732,-0.05396269076358051,-0.07307155062226245,0.09821862650698748,0.03386718119880687,0.6376811594203132,0.1646341463414725,-0.054689156818465534,0.15014339720720943,0.8581560283686659,,,h3_atr_change_4;h3_slope_atr_8,,,,,,,,right_only,False,
2026-08-04 22:15:00+00:00,1.0,,,,,,,,,,,,,,,er_4;er_16;rv_16;atr_change_1;atr_change_8;slope_atr_4;slope_atr_16;range_pos_16;h1_er_8;h1_atr_change_4;h1_slope_atr_8;h3_er_8;h3_atr_change_4;h3_slope_atr_8,,,,,,,,0,0.8181818181816347,0.2404181184668553,0.000798906607703875,-0.025273201829454472,-0.054867140441128615,0.22804775697830154,0.008267121149010874,0.797101449275311,0.1646341463414725,-0.054689156818465534,0.15014339720720943,0.8581560283686659,,,h3_atr_change_4;h3_slope_atr_8,,,,,,,,both,False,
2026-08-04 22:30:00+00:00,1.0,,,,,,,,,,,,,,,er_4;er_16;rv_16;atr_change_1;atr_change_8;slope_atr_4;slope_atr_16;range_pos_16;h1_er_8;h1_atr_change_4;h1_slope_atr_8;h3_er_8;h3_atr_change_4;h3_slope_atr_8,,,,,,,,0,0.5384615384618012,0.20557491289202273,0.0007989053003572754,-0.04869955910516832,-0.07963969571187313,0.27038424988515575,-0.02439033181953156,0.7608695652174228,0.1646341463414725,-0.054689156818465534,0.15014339720720943,0.8581560283686659,,,h3_atr_change_4;h3_slope_atr_8,,,,,,,,both,False,
2026-08-04 22:45:00+00:00,1.0,,,,,,,,,,,,,,,er_4;er_16;rv_16;atr_change_1;atr_change_8;slope_atr_4;slope_atr_16;range_pos_16;h1_er_8;h1_atr_change_4;h1_slope_atr_8;h3_er_8;h3_atr_change_4;h3_slope_atr_8,,,,,,,,0,0.8039215686278266,0.18279569892474487,0.0007836732384241103,-0.03160762151913288,-0.08010860636860073,0.27057405265328077,-0.03691185449212724,0.8768115942028903,0.1646341463414725,-0.054689156818465534,0.15014339720720943,0.8581560283686659,,,h3_atr_change_4;h3_slope_atr_8,,,,,,,,both,False,
2026-08-04 23:00:00+00:00,1.0,,,,,,,,,,,,,,,er_4;er_16;rv_16;atr_change_1;atr_change_8;slope_atr_4;slope_atr_16;range_pos_16;h1_er_8;h1_atr_change_4;h1_slope_atr_8;h3_er_8;h3_atr_change_4;h3_slope_atr_8,,,,,,,,0,0.7916666666670714,0.004405286343543389,0.0006096156527544817,-0.028251860898780956,-0.09624077890093097,0.1895765210975786,-0.009017081770948815,0.9130434782609396,0.26869806094189097,-0.1024931117709924,0.16171091983079156,0.8581560283686659,,,h3_atr_change_4;h3_slope_atr_8,,,,,,,,both,False,
2026-08-04 23:15:00+00:00,1.0,0.31034482758557325,,,,,,,,,,,,,,er_16;rv_16;atr_change_1;atr_change_8;slope_atr_4;slope_atr_16;range_pos_16;h1_er_8;h1_atr_change_4;h1_slope_atr_8;h3_er_8;h3_atr_change_4;h3_slope_atr_8,,,,,,,,0,0.23529411764728933,0.06103286384974275,0.0005831360209923802,-0.005838480423911774,-0.22540959380064496,0.1310992788275224,-0.0014897645321270891,0.8550724637681253,0.26869806094189097,-0.1024931117709924,0.16171091983079156,0.8581560283686659,,,h3_atr_change_4;h3_slope_atr_8,,,,,,,,both,False,
2026-08-04 23:30:00+00:00,1.0,0.11627906976712962,,,,,,,,,,,,,,er_16;rv_16;atr_change_1;atr_change_8;slope_atr_4;slope_atr_16;range_pos_16;h1_er_8;h1_atr_change_4;h1_slope_atr_8;h3_er_8;h3_atr_change_4;h3_slope_atr_8,,,,,,,,0,0.0869565217391934,0.09345794392521231,0.0005852611371349162,-0.03312034060233238,-0.22244251596786824,-0.2095482870081589,0.0058912796953008335,0.7318840579710156,0.26869806094189097,-0.1024931117709924,0.16171091983079156,0.8581560283686659,,,h3_atr_change_4;h3_slope_atr_8,,,,,,,,both,False,
2026-08-04 23:45:00+00:00,1.0,0.7931034482747532,,,,,,,,,,,,,,er_16;rv_16;atr_change_1;atr_change_8;slope_atr_4;slope_atr_16;range_pos_16;h1_er_8;h1_atr_change_4;h1_slope_atr_8;h3_er_8;h3_atr_change_4;h3_slope_atr_8,,,,,,,,0,0.6874999999994362,0.0582524271844116,0.0005790610350535149,-0.04281378433708105,-0.24047904978213253,-0.31550398004745955,0.00634416766602839,0.7173913043478926,0.26869806094189097,-0.1024931117709924,0.16171091983079156,0.8581560283686659,,,h3_atr_change_4;h3_slope_atr_8,,,,,,,,both,False,
2026-08-05 00:00:00+00:00,1.0,0.1063829787235852,,,,,,,,,,,,,,er_16;rv_16;atr_change_1;atr_change_8;slope_atr_4;slope_atr_16;range_pos_16;h1_er_8;h1_atr_change_4;h1_slope_atr_8;h3_er_8;h3_atr_change_4;h3_slope_atr_8,,,,,,,,0,0.14893617021280617,0.06363636363637097,0.0006022350037762643,-0.013938779145850733,-0.2083460682532432,0.0032649376122256546,0.01728496382894805,0.8623188405797673,0.17261904761907634,-0.10325237383716213,0.18069015733645388,0.9264705882353037,,,h3_atr_change_4;h3_slope_atr_8,,,,,,,,both,False,
2026-08-05 00:15:00+00:00,1.0,0.16666666666682087,,,,,,,,,,,,,,er_16;rv_16;atr_change_1;atr_change_8;slope_atr_4;slope_atr_16;range_pos_16;h1_er_8;h1_atr_change_4;h1_slope_atr_8;h3_er_8;h3_atr_change_4;h3_slope_atr_8,,,,,,,,0,0.19148936170206735,0.05936073059358694,0.0006011716595879075,0.005530672285949612,-0.18332776763581726,0.3182040039230592,0.03968000108946036,0.9202898550724207,0.17261904761907634,-0.10325237383716213,0.18069015733645388,0.9264705882353037,,,h3_atr_change_4;h3_slope_atr_8,,,,,,,,both,False,
2026-08-05 00:30:00+00:00,1.0,0.9166666666661655,,,,,,,,,,,,,,er_16;rv_16;atr_change_1;atr_change_8;slope_atr_4;slope_atr_16;range_pos_16;h1_er_8;h1_atr_change_4;h1_slope_atr_8;h3_er_8;h3_atr_change_4;h3_slope_atr_8,,,,,,,,0,0.9148936170216183,0.0925110132157806,0.0006140370076970656,0.00046883470567249397,-0.141117693710602,0.46410050093527017,0.08037281402462122,1.0,0.17261904761907634,-0.10325237383716213,0.18069015733645388,0.9264705882353037,,,h3_atr_change_4;h3_slope_atr_8,,,,,,,,both,False,
2026-08-05 00:45:00+00:00,1.0,0.3333333333331188,,,,,,,,,,,,,,er_16;rv_16;atr_change_1;atr_change_8;slope_atr_4;slope_atr_16;range_pos_16;h1_er_8;h1_atr_change_4;h1_slope_atr_8;h3_er_8;h3_atr_change_4;h3_slope_atr_8,,,,,,,,0,0.3432835820896215,0.08296943231448077,0.0006191492374096675,0.0004351425025033162,-0.11269846646930304,0.08434520707648992,0.08706448128656429,0.8026315789473857,0.17261904761907634,-0.10325237383716213,0.18069015733645388,0.9264705882353037,,,h3_atr_change_4;h3_slope_atr_8,,,,,,,,both,False,
2026-08-05 01:00:00+00:00,1.0,0.13793103448283783,,,,,,,,,,,,,,er_16;rv_16;atr_change_1;atr_change_8;slope_atr_4;slope_atr_16;range_pos_16;h1_er_8;h1_atr_change_4;h1_slope_atr_8;h3_er_8;h3_atr_change_4;h3_slope_atr_8,,,,,,,,0,0.12280701754394166,0.04072398190042521,0.0006053921245812256,0.011989765240488559,-0.0759539077216339,-0.21477599676268613,0.09824257621900725,0.736842105263181,0.48120300751883843,-0.0828804368668501,0.07313025372066394,0.9264705882353037,,,h3_atr_change_4;h3_slope_atr_8,,,,,,,,both,False,
2026-08-05 01:15:00+00:00,1.0,0.43749999999995665,,,,,,,,,,,,,,er_16;rv_16;atr_change_1;atr_change_8;slope_atr_4;slope_atr_16;range_pos_16;h1_er_8;h1_atr_change_4;h1_slope_atr_8;h3_er_8;h3_atr_change_4;h3_slope_atr_8,,,,,,,,0,0.4516129032256563,0.13368983957226618,0.00046156784826403624,-0.0027368880289483366,-0.07307106195062851,-0.46608935872365354,0.06461908249245112,0.6513157894737294,0.48120300751883843,-0.0828804368668501,0.07313025372066394,0.9264705882353037,,,h3_atr_change_4;h3_slope_atr_8,,,,,,,,both,False,
2026-08-05 01:30:00+00:00,1.0,1.0,,,,,,,,,,,,,,er_16;rv_16;atr_change_1;atr_change_8;slope_atr_4;slope_atr_16;range_pos_16;h1_er_8;h1_atr_change_4;h1_slope_atr_8;h3_er_8;h3_atr_change_4;h3_slope_atr_8,,,,,,,,0,1.0,0.010309278350470626,0.0004767201181419447,0.04337176323250458,0.0002604471856351154,-0.40974507969541585,0.023332454228582697,0.11392405063308572,0.48120300751883843,-0.0828804368668501,0.07313025372066394,0.9264705882353037,,,h3_atr_change_4;h3_slope_atr_8,,,,,,,,both,False,
2026-08-05 01:45:00+00:00,1.0,1.0,,,,,-0.44250681198894737,,,,,,,,,er_16;rv_16;atr_change_1;atr_change_8;slope_atr_16;range_pos_16;h1_er_8;h1_atr_change_4;h1_slope_atr_8;h3_er_8;h3_atr_change_4;h3_slope_atr_8,,,,,,,,0,1.0,0.015384615384604873,0.0004774299248222039,-0.031818413348484564,0.011750619653704497,-0.3882085696274864,-0.022274262191729132,0.1279069767442371,0.48120300751883843,-0.0828804368668501,0.07313025372066394,0.9264705882353037,,,h3_atr_change_4;h3_slope_atr_8,,,,,,,,both,False,
2026-08-05 02:00:00+00:00,1.0,1.0,,,-0.016932658622048735,,-0.3608790338545685,-0.08211652905073596,,,,,,,,er_16;rv_16;atr_change_8;range_pos_16;h1_er_8;h1_atr_change_4;h1_slope_atr_8;h3_er_8;h3_atr_change_4;h3_slope_atr_8,,,,,,,,0,1.0,0.09278350515469345,0.0004762472149838369,-0.02824377738333661,-0.002927060113870783,-0.301256054898634,-0.06886127853337431,0.04651162790701877,0.12598425196846677,-0.13002788687013167,-0.04918277907644316,0.9264705882353037,,,h3_atr_change_4;h3_slope_atr_8,,,,,,,,both,False,
2026-08-05 02:15:00+00:00,1.0,0.0714285714286564,0.07614213197972518,0.0005005261767821577,0.056070933619884356,,0.10655739900100733,-0.08742894096537171,0.3258426966290817,,,,,,,atr_change_8;h1_er_8;h1_atr_change_4;h1_slope_atr_8;h3_er_8;h3_atr_change_4;h3_slope_atr_8,,,,,,,,0,0.09433962264168334,0.08163265306120368,0.000483471237248789,0.038501821275058745,0.02976676152685398,0.0914405211374985,-0.07484026425765428,0.32558139534887326,0.12598425196846677,-0.13002788687013167,-0.04918277907644316,0.9264705882353037,,,h3_atr_change_4;h3_slope_atr_8,,,,,,,,both,False,
2026-08-05 02:30:00+00:00,1.0,0.6666666666667616,0.1206896551724105,0.0006030804686737326,0.08866998372077939,,0.6446481364175414,-0.06204266788743496,0.7640449438201911,,,,,,,atr_change_8;h1_er_8;h1_atr_change_4;h1_slope_atr_8;h3_er_8;h3_atr_change_4;h3_slope_atr_8,,,,,,,,0,0.6842105263155127,0.1255411255410931,0.0005934518105424099,0.0637052036516601,0.09485495678221545,0.5780348488510484,-0.05453405700699879,0.7931034482757653,0.12598425196846677,-0.13002788687013167,-0.04918277907644316,0.9264705882353037,,,h3_atr_change_4;h3_slope_atr_8,,,,,,,,both,False,
2026-08-05 02:45:00+00:00,1.0,0.8601398601398796,0.2816901408450561,0.0008317859675553799,0.1069706884625794,,1.3354491421453305,0.01587258247109637,1.5280898876403821,,,,,,,atr_change_8;h1_er_8;h1_atr_change_4;h1_slope_atr_8;h3_er_8;h3_atr_change_4;h3_slope_atr_8,,,,,,,,0,0.8992805755395477,0.2862190812720881,0.0008248243354566442,0.08525486745413091,0.18767986101728562,1.190896880690647,0.013898081513713474,1.5747126436781462,0.12598425196846677,-0.13002788687013167,-0.04918277907644316,0.9264705882353037,,,h3_atr_change_4;h3_slope_atr_8,,,,,,,,both,False,
2026-08-05 03:00:00+00:00,1.0,0.4074074074073378,0.062314540059284225,0.0009626956838658766,0.05924159903572401,,0.6361367538570836,0.042711071642381505,0.5839416058394066,,,,,,,atr_change_8;h1_er_8;h1_atr_change_4;h1_slope_atr_8;h3_er_8;h3_atr_change_4;h3_slope_atr_8,,,,,,,,0,0.4042553191490116,0.059880239520957286,0.0009560539283303167,0.043681054981586254,0.2248730302448625,0.5862297936796522,0.039487379747582485,0.5869565217391409,0.07883817427391397,-0.04451128348190625,0.013657809512473548,0.9303135888501801,,,h3_atr_change_4;h3_slope_atr_8,,,,,,,,both,False,
2026-08-05 03:15:00+00:00,1.0,0.4666666666666103,0.19576719576716842,0.0010440497935136535,0.04987740296560683,,0.3317454665372333,0.08970997363217655,0.9202898550724207,,,,,,,atr_change_8;h1_er_8;h1_atr_change_4;h1_slope_atr_8;h3_er_8;h3_atr_change_4;h3_slope_atr_8,,,,,,,,0,0.4716981132076223,0.2032085561497777,0.0010403464811714657,0.03886338592825589,0.2759679248712832,0.3123799228601416,0.08335564829636923,0.9280575539568425,0.07883817427391397,-0.04451128348190625,0.013657809512473548,0.9303135888501801,,,h3_atr_change_4;h3_slope_atr_8,,,,,,,,both,False,
2026-08-05 03:30:00+00:00,1.0,0.21693121693123435,0.19576719576716842,0.001044034829785424,-0.012677898488074879,,-0.09441471456598136,0.11095362434072802,0.7898550724638299,,,,,,,atr_change_8;h1_er_8;h1_atr_change_4;h1_slope_atr_8;h3_er_8;h3_atr_change_4;h3_slope_atr_8,,,,,,,,0,0.2083333333332948,0.1936339522546235,0.0010443322636600433,-0.013847018827672586,0.20599350809888195,-0.09196437781760103,0.10267101494092545,0.7841726618703679,0.07883817427391397,-0.04451128348190625,0.013657809512473548,0.9303135888501801,,,h3_atr_change_4;h3_slope_atr_8,,,,,,,,both,False,
2026-08-05 03:45:00+00:00,1.0,0.33802816901411536,0.13853904282116264,0.0010596430496455295,-0.021841011257347165,0.34372579477082943,0.017033447945974396,0.11322233046367551,0.6376811594203132,,,,,,,h1_er_8;h1_atr_change_4;h1_slope_atr_8;h3_er_8;h3_atr_change_4;h3_slope_atr_8,,,,,,,,0,0.3333333333333333,0.1392405063290741,0.0010584815270282993,-0.025811320527026504,0.21347610748427326,0.010488999120088096,0.10550699115076374,0.6402877697840531,0.07883817427391397,-0.04451128348190625,0.013657809512473548,0.9303135888501801,,,h3_atr_change_4;h3_slope_atr_8,,,,,,,,both,False,
2026-08-05 04:00:00+00:00,1.0,0.24271844660205477,0.1297709923664079,0.0010542256198376701,-0.026817160141765828,0.3302149607705076,-0.2537909477019813,0.13766314252467046,0.7608695652174228,,,,,,,h1_er_8;h1_atr_change_4;h1_slope_atr_8;h3_er_8;h3_atr_change_4;h3_slope_atr_8,,,,,,,,0,0.23809523809505684,0.1326530612244551,0.001054521221573897,-0.0320948247276589,0.2086671298493863,-0.24111889923522542,0.12844800580533228,0.7625899280574368,0.2704918032786408,-0.02212480001862116,0.06691738991435851,0.9303135888501801,,,h3_atr_change_4;h3_slope_atr_8,,,,,,,,both,False,
2026-08-05 04:15:00+00:00,1.0,0.14705882352944058,0.1407035175879097,0.0010576032994610862,-0.027671511479929967,0.22473392746392218,0.1230064036364699,0.1722001411024528,0.8478260869564833,,,,,,,h1_er_8;h1_atr_change_4;h1_slope_atr_8;h3_er_8;h3_atr_change_4;h3_slope_atr_8,,,,,,,,0,0.14285714285705223,0.1435768261965102,0.001058252251511289,-0.028855411050006108,0.1302729749224576,0.13111585427551237,0.16159741864534446,0.8561151079136852,0.2704918032786408,-0.02212480001862116,0.06691738991435851,0.9303135888501801,,,h3_atr_change_4;h3_slope_atr_8,,,,,,,,both,False,
2026-08-05 04:30:00+00:00,1.0,0.27586206896539844,0.1185567010309001,0.0010483201473097475,-0.028569197339169516,0.09284198149379064,0.37987184460176493,0.2230452688713045,0.9057971014492975,,,,,,,h1_er_8;h1_atr_change_4;h1_slope_atr_8;h3_er_8;h3_atr_change_4;h3_slope_atr_8,,,,,,,,0,0.2857142857145123,0.11917098445598537,0.0010492267499496025,-0.03157572818379317,0.029029263874195355,0.3485596056472434,0.2083817088208393,0.8992805755395477,0.2704918032786408,-0.02212480001862116,0.06691738991435851,0.9303135888501801,,,h3_atr_change_4;h3_slope_atr_8,,,,,,,,both,False,
2026-08-05 04:45:00+00:00,1.0,0.23333333333340736,0.11855670103096412,0.0010483050257519815,-0.0030428154317221345,-0.01576737631486247,-0.003097815059923162,0.2319261245634761,0.7391304347826577,,,,,,,h1_er_8;h1_atr_change_4;h1_slope_atr_8;h3_er_8;h3_atr_change_4;h3_slope_atr_8,,,,,,,,0,0.24137931034477478,0.11917098445592099,0.0010492129272272638,-0.009700187901942381,-0.06100629702903482,-0.00872662358221872,0.2182939222553813,0.7410071942445055,0.2704918032786408,-0.02212480001862116,0.06691738991435851,0.9303135888501801,,,h3_atr_change_4;h3_slope_atr_8,,,,,,,,both,False,
2026-08-05 05:00:00+00:00,1.0,0.23076923076942785,0.12144702842376372,0.0010476209870424425,0.006016805070686804,-0.06522311772173173,-0.2925323207465017,0.2207124661483653,0.6739130434782014,,,,,,,h1_er_8;h1_atr_change_4;h1_slope_atr_8;h3_er_8;h3_atr_change_4;h3_slope_atr_8,,,,,,,,0,0.22448979591797893,0.125,0.0010479202107964822,-0.0007844757629297261,-0.10101167335456285,-0.273648876487624,0.20998869511444804,0.6834532374100754,0.16317991631804604,-0.023607641097046717,0.11323227053863516,0.9303135888501801,,,h3_atr_change_4;h3_slope_atr_8,,,,,,,,both,False,
2026-08-05 05:15:00+00:00,1.0,0.7377049180325244,0.0987341772152209,0.0010573283666454227,0.020950056175556453,-0.09097909167507479,-0.5067048201369595,0.1786152232748346,0.5217391304348455,,,,,,,h1_er_8;h1_atr_change_4;h1_slope_atr_8;h3_er_8;h3_atr_change_4;h3_slope_atr_8,,,,,,,,0,0.800000000000148,0.09367088607593656,0.0010624104557160488,0.020064973901620542,-0.11727902207464125,-0.48516213863619845,0.16913524383254258,0.5107913669064656,0.16317991631804604,-0.023607641097046717,0.11323227053863516,0.9303135888501801,,,h3_atr_change_4;h3_slope_atr_8,,,,,,,,both,False,
2026-08-05 05:30:00+00:00,1.0,0.796610169491653,0.16145833333335682,0.001048287534124563,-0.0197239979452013,-0.09746638869684354,-0.28614115877493834,0.13135164198668442,0.5652173913043758,,,,,,,h1_er_8;h1_atr_change_4;h1_slope_atr_8;h3_er_8;h3_atr_change_4;h3_slope_atr_8,,,,,,,,0,0.7704918032786408,0.15844155844154376,0.0010538772989127786,-0.020466161907985003,-0.12320392071048503,-0.28843883426478795,0.12412467362827677,0.5611510791366918,0.16317991631804604,-0.023607641097046717,0.11323227053863516,0.9303135888501801,,,h3_atr_change_4;h3_slope_atr_8,,,,,,,,both,False,
2026-08-05 05:45:00+00:00,1.0,0.2,0.2000000000000225,0.001054969142698565,-0.020881362121174418,-0.09658093386749389,0.009427213009251534,0.08382825685561571,0.6666666666667203,,,,,,,h1_er_8;h1_atr_change_4;h1_slope_atr_8;h3_er_8;h3_atr_change_4;h3_slope_atr_8,,,,,,,,0,0.1851851851852461,0.20506329113922855,0.0010609833336624852,-0.021482452941138375,-0.11930782316075417,0.00297748730932856,0.0780276821386089,0.6690647482013481,0.16317991631804604,-0.023607641097046717,0.11323227053863516,0.9303135888501801,,,h3_atr_change_4;h3_slope_atr_8,,,,,,,,both,False,
2026-08-05 06:00:00+00:00,1.0,0.06976744186041708,0.22480620155036624,0.0010515393227051306,0.013865260558715509,-0.05881488106430999,0.2107612354283605,0.01672780566658245,0.6521739130434363,,,,,,,h1_er_8;h1_atr_change_4;h1_slope_atr_8;h3_er_8;h3_atr_change_4;h3_slope_atr_8,,,,,,,,0,0.10204081632677106,0.21739130434782608,0.0010595633653235107,0.011515717905888012,-0.07962680408337153,0.21193846272945607,0.014761236885383642,0.6474820143884168,0.31753554502366377,-0.010114628261522096,0.09892169158780682,0.9861111111111732,,,h3_atr_change_4;h3_slope_atr_8,,,,,,,,both,False,
2026-08-05 06:15:00+00:00,1.0,0.8620689655163964,0.18478260869564955,0.0010288592956406634,-0.011653851296542395,-0.04331026139846139,0.17247868727566973,-0.032604928316578435,0.7028985507246085,,,,,,,h1_er_8;h1_atr_change_4;h1_slope_atr_8;h3_er_8;h3_atr_change_4;h3_slope_atr_8,,,,,,,,0,0.8125000000000867,0.18181818181818182,0.0010406810063390958,-0.01676190445468939,-0.06816554543906927,0.16166363749255616,-0.03332771611707083,0.697841726618643,0.31753554502366377,-0.010114628261522096,0.09892169158780682,0.9861111111111732,,,h3_atr_change_4;h3_slope_atr_8,,,,,,,,both,False,
2026-08-05 06:30:00+00:00,1.0,0.2727272727269057,0.056047197640092104,0.0009755424410503599,0.018170746636765767,0.0027204230950796937,-0.024640080400328012,-0.06359314868002248,0.5526315789473274,,,,,,,h1_er_8;h1_atr_change_4;h1_slope_atr_8;h3_er_8;h3_atr_change_4;h3_slope_atr_8,,,,,,,,0,0.22222222222187957,0.04927536231883909,0.000985793425430737,0.014107744705084357,-0.02420812379987336,-0.04132972568678429,-0.0640784402454627,0.535087719298179,0.31753554502366377,-0.010114628261522096,0.09892169158780682,0.9861111111111732,,,h3_atr_change_4;h3_slope_atr_8,,,,,,,,both,False,
2026-08-05 06:45:00+00:00,1.0,0.7142857142854877,0.047619047619028736,0.0009600045852781134,0.14197212489487376,0.14857366992469156,0.4746891425700389,-0.0003173055765836501,1.1627906976744786,,,,,,,h1_er_8;h1_atr_change_4;h1_slope_atr_8;h3_er_8;h3_atr_change_4;h3_slope_atr_8,,,,,,,,0,0.6853932584269214,0.04927536231883909,0.0009857415074665346,0.13522005700530304,0.11858903313164837,0.47068787004545326,-0.0020268489691647887,1.1704545454544022,0.31753554502366377,-0.010114628261522096,0.09892169158780682,0.9861111111111732,,,h3_atr_change_4;h3_slope_atr_8,,,,,,,,both,False,
2026-08-05 07:00:00+00:00,1.0,0.8181818181818549,0.324675324675364,0.0008630502758717276,0.0056313543133004185,0.14813359915375113,0.842146160490059,0.03249945842280577,1.2307692307692637,0.4600760456272891,,,,,,h1_atr_change_4;h1_slope_atr_8;h3_er_8;h3_atr_change_4;h3_slope_atr_8,,,,,,,,0,0.8053097345131909,0.3164556962024694,0.000889275757102662,-0.0008439658179527632,0.11852243596465595,0.8328582542544202,0.03019876666390852,1.2380952380951071,0.4545454545454087,-0.012306129403630184,0.19943651327153555,0.9861111111111732,,,h3_atr_change_4;h3_slope_atr_8,,,,,,,,both,False,
2026-08-05 07:15:00+00:00,1.0,0.12048192771081437,0.030864197530859543,0.0009364045603419498,0.1009853376799521,0.2381391731356426,0.28744734183839177,0.04692871607779653,0.464285714285635,0.4600760456272891,,,,,,h1_atr_change_4;h1_slope_atr_8;h3_er_8;h3_atr_change_4;h3_slope_atr_8,,,,,,,,0,0.11764705882351405,0.03614457831328686,0.0009618759536136205,0.09588670286364098,0.20166253698515235,0.2849946481961332,0.04494952355740124,0.4680851063829251,0.4545454545454087,-0.012306129403630184,0.19943651327153555,0.9861111111111732,,,h3_atr_change_4;h3_slope_atr_8,,,,,,,,both,False,
2026-08-05 07:30:00+00:00,1.0,0.055837563451797245,0.09510086455335284,0.0009893570819719684,0.06429111781716368,0.3442545995490853,-0.6660530798758825,0.030125202470621275,0.1621621621620324,0.4600760456272891,,,,,,h1_atr_change_4;h1_slope_atr_8;h3_er_8;h3_atr_change_4;h3_slope_atr_8,,,,,,,,0,0.05472636815922926,0.09604519774011229,0.001013758987784806,0.060890372376766866,0.30146827680457733,-0.6738317120273376,0.027620911002085507,0.1610738255032197,0.4545454545454087,-0.012306129403630184,0.19943651327153555,0.9861111111111732,,,h3_atr_change_4;h3_slope_atr_8,,,,,,,,both,False,
2026-08-05 07:45:00+00:00,1.0,0.434482758620508,0.002949852507393566,0.0009789757969692174,-0.00766796731673236,0.3623955745590284,-0.7242499755921297,0.013025102595885225,0.25,0.4600760456272891,,,,,,h1_atr_change_4;h1_slope_atr_8;h3_er_8;h3_atr_change_4;h3_slope_atr_8,,,,,,,,0,0.413333333333361,0.008547008547000978,0.0010096400829282598,-0.009066357928198321,0.3179821899476811,-0.6980698112877802,0.012425190815781206,0.2751677852347663,0.4545454545454087,-0.012306129403630184,0.19943651327153555,0.9861111111111732,,,h3_atr_change_4;h3_slope_atr_8,,,,,,,,both,False,
2026-08-05 08:00:00+00:00,1.0,0.464788732394375,0.025936599423606783,0.0009917845286011972,0.0109474494531836,0.35847472521916135,0.009126205663612165,0.01795044128676428,0.41891891891883376,0.18518518518514457,,,,,,h1_atr_change_4;h1_slope_atr_8;h3_er_8;h3_atr_change_4;h3_slope_atr_8,,,,,,,,0,0.4722222222221965,0.019718309859158102,0.0010152788265873425,0.007640824671960145,0.3129332913691807,0.011209974564116555,0.016716050305916247,0.41610738255023255,0.18153846153842243,0.04789885193328103,0.18649467919778134,0.9861111111111732,,,h3_atr_change_4;h3_slope_atr_8,,,,,,,,both,False,
2026-08-05 08:15:00+00:00,1.0,0.18279569892471578,0.0487106017191926,0.0009937524166239871,0.0019070097964131172,0.37711403197535653,0.2208892493786385,0.0221692970116145,0.3243243243242148,0.18518518518514457,,,,,,h1_atr_change_4;h1_slope_atr_8;h3_er_8;h3_atr_change_4;h3_slope_atr_8,,,,,,,,0,0.18279569892471578,0.05352112676060214,0.001015279476867345,-0.000965874168246672,0.3340259790188027,0.2154395991752662,0.021517558005836143,0.32885906040260554,0.18153846153842243,0.04789885193328103,0.18649467919778134,0.9861111111111732,,,h3_atr_change_4;h3_slope_atr_8,,,,,,,,both,False,
2026-08-05 08:30:00+00:00,1.0,0.7627118644067669,0.10073710073709458,0.0011444821572775738,0.03917871102907977,0.4055280898762119,0.4755238871925863,0.06280808187437982,0.7702702702702541,0.18518518518514457,,,,,,h1_atr_change_4;h1_slope_atr_8;h3_er_8;h3_atr_change_4;h3_slope_atr_8,,,,,,,,0,0.7815126050420826,0.10311750599518699,0.0011727334750072842,0.03757360672554988,0.3648945624793063,0.46502236807618513,0.06224683818910646,0.7852348993287921,0.18153846153842243,0.04789885193328103,0.18649467919778134,0.9861111111111732,,,h3_atr_change_4;h3_slope_atr_8,,,,,,,,both,False,
2026-08-05 08:45:00+00:00,1.0,0.042105263157936564,0.04477611940298931,0.0013463781006989024,0.10544502716511062,0.36057089627959793,-0.06541681471739037,0.043377994785898086,0.19594594594588918,0.18518518518514457,,,,,,h1_atr_change_4;h1_slope_atr_8;h3_er_8;h3_atr_change_4;h3_slope_atr_8,,,,,,,,0,0.05820105820097118,0.045643153526949164,0.0013810850676714362,0.10160300739045014,0.32447620663475685,-0.05497538784869016,0.04322382122351906,0.20134228187917363,0.18153846153842243,0.04789885193328103,0.18649467919778134,0.9861111111111732,,,h3_atr_change_4;h3_slope_atr_8,,,,,,,,both,False,
2026-08-05 09:00:00+00:00,1.0,0.1445086705201318,0.008547008546968807,0.0013459040366842166,0.013528330801868549,0.3712551259755654,-0.23079243440849428,0.029798225579173283,0.25,0.12609970674490775,,,,,,h1_atr_change_4;h1_slope_atr_8;h3_er_8;h3_atr_change_4;h3_slope_atr_8,,,,,,,,0,0.12994350282484457,0.010351966873728085,0.0013815479324803643,0.0113149970172568,0.34059406653015856,-0.22714840145453272,0.030834624631833264,0.26174496644288103,0.12609970674485085,0.11456927252061444,0.12897529969775412,0.9858156028369431,,0.20869252873563254,h3_atr_change_4,,,,,,,,both,False,
2026-08-05 09:15:00+00:00,1.0,0.028571428571486576,0.07127429805613396,0.0013407268853888722,-0.0029731883412948967,0.24177686971114065,-0.34329760386987146,0.013703055616659106,0.3910256410256392,0.12609970674490775,,,,,,h1_atr_change_4;h1_slope_atr_8;h3_er_8;h3_atr_change_4;h3_slope_atr_8,,,,,,,,0,0.033333333333308665,0.07368421052628725,0.0013728145188579288,-0.00347819492505852,0.2190413621777627,-0.3448341616057739,0.014468365869959745,0.39743589743579527,0.12609970674485085,0.11456927252061444,0.12897529969775412,0.9858156028369431,,0.20869252873563254,h3_atr_change_4,,,,,,,,both,False,
2026-08-05 09:30:00+00:00,1.0,0.2878787878788261,0.10416666666664258,0.0013544658618089463,-0.0013678359449287303,0.16516834718731888,0.30840884589124207,0.008521975415696907,0.5384615384615056,0.12609970674490775,,,,,,h1_atr_change_4;h1_slope_atr_8;h3_er_8;h3_atr_change_4;h3_slope_atr_8,,,,,,,,0,0.29850746268655726,0.10204081632652136,0.0013846626565535546,-0.00184944277528587,0.14694868255961158,0.30643658649081623,0.008869324206230168,0.5384615384615056,0.12609970674485085,0.11456927252061444,0.12897529969775412,0.9858156028369431,,0.20869252873563254,h3_atr_change_4,,,,,,,,both,False,
2026-08-05 09:45:00+00:00,1.0,1.0,0.11885245901638244,0.0013624200335257493,-0.008287542924890312,0.16444085894393035,0.40804553086252676,0.01698247747665906,0.6794871794872159,0.12609970674490775,,,,,,h1_atr_change_4;h1_slope_atr_8;h3_er_8;h3_atr_change_4;h3_slope_atr_8,,,,,,,,0,1.0,0.11290322580647327,0.0013905010871480762,-0.007297165702566111,0.14899642077964104,0.39126840331386,0.016857041023651327,0.6730769230769176,0.12609970674485085,0.11456927252061444,0.12897529969775412,0.9858156028369431,,0.20869252873563254,h3_atr_change_4,,,,,,,,both,False,
2026-08-05 10:00:00+00:00,1.0,0.4878048780487012,0.0769230769230904,0.0013744088809349792,-0.03888679885632318,0.10704021468914249,0.19372903553800905,0.012305067025735115,0.544871794871804,0.3727810650887512,,,,,,h1_atr_change_4;h1_slope_atr_8;h3_er_8;h3_atr_change_4;h3_slope_atr_8,,,,,,,,0,0.53246753246745,0.08023483365949273,0.0013989794593670774,-0.03912715981258008,0.09566764978893771,0.19643868437027065,0.012758885136801389,0.5576923076922584,0.3705882352941457,0.1322293235348413,0.05485342794892727,0.9858156028369431,,0.20869252873563254,h3_atr_change_4,,,,,,,,both,False,
2026-08-05 10:15:00+00:00,1.0,0.09090909090900935,0.0018761726078503804,0.0014025414065129986,0.006593000634615764,0.11221792105593353,-0.23955145791505736,-0.0067746453030150915,0.3333333333333808,0.3727810650887512,,,,,,h1_atr_change_4;h1_slope_atr_8;h3_er_8;h3_atr_change_4;h3_slope_atr_8,,,,,,,,0,0.09473684210515983,0.0,0.0014283891037046488,0.004574490976548162,0.1017439175561834,-0.22609794579025633,-0.0062305740228229605,0.3397435897435368,0.3705882352941457,0.1322293235348413,0.05485342794892727,0.9858156028369431,,0.20869252873563254,h3_atr_change_4,,,,,,,,both,False,
2026-08-05 10:30:00+00:00,1.0,0.17391304347818742,0.046382189239343716,0.0014067128833473456,0.004619510449257014,0.07522970929379924,-0.29959094516093565,-0.023497329032215825,0.4358974358974432,0.3727810650887512,,,,,,h1_atr_change_4;h1_slope_atr_8;h3_er_8;h3_atr_change_4;h3_slope_atr_8,,,,,,,,0,0.1954022988505454,0.0462107208872601,0.0014303594389032106,0.0013185153765435942,0.06324657518423438,-0.30106696629589624,-0.02444075034415566,0.4294871794871448,0.3705882352941457,0.1322293235348413,0.05485342794892727,0.9858156028369431,,0.20869252873563254,h3_atr_change_4,,,,,,,,both,False,
2026-08-05 10:45:00+00:00,1.0,0.5428571428572697,0.08438818565399184,0.0012889924518161738,-0.03066789861755348,-0.05716281862388539,-0.07358796569055098,-0.008904762234807384,0.4358974358974432,0.3727810650887512,,,,,,h1_atr_change_4;h1_slope_atr_8;h3_er_8;h3_atr_change_4;h3_slope_atr_8,,,,,,,,0,0.5294117647060744,0.08631578947368815,0.0013034297662167366,-0.030743846253478258,-0.06449212735131549,-0.08395040881169365,-0.008950595057113854,0.44230769230759925,0.3705882352941457,0.1322293235348413,0.05485342794892727,0.9858156028369431,,0.20869252873563254,h3_atr_change_4,,,,,,,,both,False,
2026-08-05 11:00:00+00:00,1.0,0.0,0.11015118790496138,0.0012745074214884527,-0.0008441961743884674,-0.07053289660959439,0.20832468414028896,0.031533400644549334,0.544871794871804,0.18773946360155538,,,,,,h1_atr_change_4;h1_slope_atr_8;h3_er_8;h3_atr_change_4;h3_slope_atr_8,,,,,,,,0,0.04615384615380411,0.11447084233259268,0.0012888442982153818,-0.0009701926045071474,-0.07585643188752722,0.1995758479393941,0.03098677639060222,0.5384615384615056,0.17602996254682332,0.05109961168761945,0.03607652674479651,0.9858156028369431,,0.20869252873563254,h3_atr_change_4,,,,,,,,both,False,
2026-08-05 11:15:00+00:00,1.0,1.0,0.16198704103671852,0.0012744831176253572,0.03228285141186249,-0.037665847536092034,0.523889806102674,0.06900860229163602,0.9487179487178976,0.18773946360155538,,,,,,h1_atr_change_4;h1_slope_atr_8;h3_er_8;h3_atr_change_4;h3_slope_atr_8,,,,,,,,0,1.0,0.16198704103671852,0.0012888215631653515,0.03211077825428332,-0.042852316481399644,0.5251432292492483,0.06806747054907653,0.9487179487178976,0.17602996254682332,0.05109961168761945,0.03607652674479651,0.9858156028369431,,0.20869252873563254,h3_atr_change_4,,,,,,,,both,False,
2026-08-05 11:30:00+00:00,1.0,1.0,0.3092550790067822,0.0012373653109590869,0.0334076321272907,-0.004154388764402217,0.7219651685462721,0.08856314929170478,1.10457516339865,0.18773946360155538,,,,,,h1_atr_change_4;h1_slope_atr_8;h3_er_8;h3_atr_change_4;h3_slope_atr_8,,,,,,,,0,1.0,0.3106575963719015,0.001248405347117712,0.03906668168033156,-0.0036169792291296243,0.7071667739226096,0.08587518954959321,1.0980392156861891,0.17602996254682332,0.05109961168761945,0.03607652674479651,0.9858156028369431,,0.20869252873563254,h3_atr_change_4,,,,,,,,both,False,
2026-08-05 11:45:00+00:00,1.0,1.0,0.3598326359832514,0.0013004124825419816,0.04974434913151682,0.054119362466388266,0.7835878069176384,0.12355131487970436,1.0904522613065701,0.18773946360155538,,,,,,h1_atr_change_4;h1_slope_atr_8;h3_er_8;h3_atr_change_4;h3_slope_atr_8,,,,,,,,0,1.0,0.35864978902954575,0.001313082544526997,0.050303738289029676,0.054197465069196094,0.7870678722571337,0.12213595048652386,1.0845771144278689,0.17602996254682332,0.05109961168761945,0.03607652674479651,0.9858156028369431,,0.20869252873563254,h3_atr_change_4,,,,,,,,both,False,
2026-08-05 12:00:00+00:00,1.0,0.9701492537314769,0.318681318681353,0.0012823470511114654,-0.00834424987128457,0.0876174896650328,0.47183486320649326,0.16552675923966773,0.8921161825726455,0.42076502732240567,,,,,,h1_atr_change_4;h1_slope_atr_8;h3_er_8;h3_atr_change_4;h3_slope_atr_8,,,,,,,,0,0.9705882352942473,0.3230769230769531,0.0013005201988028857,-0.008814844285569001,0.08745385951855944,0.47794581306920786,0.16359516250956127,0.8962655601659415,0.41176470588239483,0.06960563776375706,0.1504771662221826,0.9891891891892378,,0.23941759968571893,h3_atr_change_4,,,,,,,,both,False,
2026-08-05 12:15:00+00:00,1.0,0.7249999999999098,0.3333333333333333,0.001278967909167493,-0.018641538539747482,0.06035172670783795,0.21046966344086668,0.1915580611942833,0.8547717842323365,0.42076502732240567,,,,,,h1_atr_change_4;h1_slope_atr_8;h3_er_8;h3_atr_change_4;h3_slope_atr_8,,,,,,,,0,0.7948717948721015,0.34375000000003564,0.001296670367758934,-0.020354496916107245,0.06046818116293351,0.23817582636978749,0.19111689293376732,0.8713692946057969,0.41176470588239483,0.06960563776375706,0.1504771662221826,0.9891891891892378,,0.23941759968571893,h3_atr_change_4,,,,,,,,both,False,
2026-08-05 12:30:00+00:00,1.0,0.7249999999999098,0.25925925925925114,0.0011583173765032726,0.003049553249057091,0.058694674649049094,0.04042592021699831,0.2459809669228243,0.9419087136929346,0.42076502732240567,,,,,,h1_atr_change_4;h1_slope_atr_8;h3_er_8;h3_atr_change_4;h3_slope_atr_8,,,,,,,,0,0.7866666666669904,0.25944584382874974,0.0011643846275020808,-8.558196297681064e-05,0.05898114129604659,0.04033968100856827,0.2464166928830023,0.9419087136929346,0.41176470588239483,0.06960563776375706,0.1504771662221826,0.9891891891892378,,0.23941759968571893,h3_atr_change_4,,,,,,,,both,False,
2026-08-05 12:45:00+00:00,1.0,0.5333333333333005,0.3492063492063352,0.0010252811958619539,0.028948713464046705,0.1238073327786966,-0.21889344335275537,0.22304790664407134,0.6500000000000042,0.42076502732240567,,,,,,h1_atr_change_4;h1_slope_atr_8;h3_er_8;h3_atr_change_4;h3_slope_atr_8,,,,,,,,0,0.590361445783068,0.35869565217391897,0.001019545608137935,0.02736248410236386,0.12246643132892965,-0.2318521606102732,0.22341067421236505,0.6475095785440492,0.41176470588239483,0.06960563776375706,0.1504771662221826,0.9891891891892378,,0.23941759968571893,h3_atr_change_4,,,,,,,,both,False,
2026-08-05 13:00:00+00:00,1.0,0.6216216216216,0.2569974554707273,0.0010421460418773667,-0.0006022436038405354,0.12407947058936175,-0.44553874609032645,0.19413860834337418,0.5615384615384819,0.22931442080380535,,0.15328656793974887,,,,h1_atr_change_4;h3_er_8;h3_atr_change_4;h3_slope_atr_8,,,,,,,,0,0.6761904761904681,0.2584856396866962,0.0010375872956145161,0.0020268942025460923,0.12583382768466644,-0.4720963093920209,0.19362424779528095,0.5555555555555366,0.21658986175113792,0.055908421391976715,0.14707666491309562,0.9891891891892378,,0.23941759968571893,h3_atr_change_4,,,,,,,,both,False,
2026-08-05 13:15:00+00:00,1.0,0.5428571428571066,0.23157894736841736,0.0010332027238677502,-0.004571016493050695,0.08394834154167352,-0.4833162116910511,0.16903345650352986,0.5296610169491597,0.22931442080380535,,0.15328656793974887,,,,h1_atr_change_4;h3_er_8;h3_atr_change_4;h3_slope_atr_8,,,,,,,,0,0.5769230769232658,0.23655913978494753,0.0010291879262091955,-0.0034531005674980353,0.08704049399914693,-0.47747707237718956,0.16896189827599922,0.5296610169491098,0.21658986175113792,0.055908421391976715,0.14707666491309562,0.9891891891892378,,0.23941759968571893,h3_atr_change_4,,,,,,,,both,False,
2026-08-05 13:30:00+00:00,1.0,0.1020408163266046,0.3047619047618937,0.0011512351012578873,0.033348150394393095,0.08388595074473937,0.24022903911649846,0.1694663854373717,0.7828054298642416,0.22931442080380535,,0.15328656793974887,,,,h1_atr_change_4;h3_er_8;h3_atr_change_4;h3_slope_atr_8,,,,,,,,0,0.10067114093966133,0.3106796116504802,0.0011450170647384161,0.031556679476284266,0.07918375424436963,0.2432338672012869,0.1693454404659038,0.7782805429863839,0.21658986175113792,0.055908421391976715,0.14707666491309562,0.9891891891892378,,0.23941759968571893,h3_atr_change_4,,,,,,,,both,False,
2026-08-05 13:45:00+00:00,1.0,0.16455696202530223,0.07922912205567513,0.0012829530264276345,0.04296620910311377,0.07688736032122856,0.09422694152932283,0.14459935063118987,0.47058823529417676,0.22931442080380535,,0.15328656793974887,,,,h1_atr_change_4;h3_er_8;h3_atr_change_4;h3_slope_atr_8,,,,,,,,0,0.15723270440257017,0.0849673202614164,0.0012746130036709851,0.04137178276394082,0.0700061983194411,0.10284080139838257,0.1443923814250283,0.4705882352940763,0.21658986175113792,0.055908421391976715,0.14707666491309562,0.9891891891892378,,0.23941759968571893,h3_atr_change_4,,,,,,,,both,False,
2026-08-05 14:00:00+00:00,1.0,0.13725490196082984,0.08620689655171919,0.0012795184348175993,0.007093879845882833,0.09365237858211106,-0.24430395111811687,0.10795951615430462,0.3891402714932422,0.17913832199547033,,0.10185234899329487,,,,h1_atr_change_4;h3_er_8;h3_atr_change_4;h3_slope_atr_8,,,,,,,,0,0.12418300653603308,0.0849673202614164,0.001274606557292246,0.007009327943110044,0.08708874063794125,-0.24233044669592269,0.10864142295148116,0.38914027149314173,0.17857142857140734,0.08914748415184914,0.09830010972748246,0.9891891891892378,,0.23941759968571893,h3_atr_change_4,,,,,,,,both,False,
2026-08-05 14:15:00+00:00,1.0,0.2955465587044418,0.32196969696967803,0.0015036201371325228,0.09688620745727805,0.22239961943625652,0.018955316864869245,0.08485756434733029,0.8280542986425162,0.17913832199547033,,0.10185234899329487,,,,h1_atr_change_4;h3_er_8;h3_atr_change_4;h3_slope_atr_8,,,,,,,,0,0.29508196721311025,0.32437619961612085,0.001492919679193517,0.09548270563238304,0.2156304613328779,0.01896075678653062,0.0856719488627372,0.8235294117646585,0.17857142857140734,0.08914748415184914,0.09830010972748246,0.9891891891892378,,0.23941759968571893,h3_atr_change_4,,,,,,,,both,False,
2026-08-05 14:30:00+00:00,1.0,0.09345794392523171,0.22878228782287144,0.0015195674871479067,0.0064236228379308535,0.22651154129298923,0.3829647551055797,0.05888036947169715,0.6822429906542037,0.17913832199547033,,0.10185234899329487,,,,h1_atr_change_4;h3_er_8;h3_atr_change_4;h3_slope_atr_8,,,,,,,,0,0.09433962264149362,0.2327746741154567,0.0015104727392126855,0.003060115947159714,0.21945479482855879,0.3780582337010596,0.059210591013466804,0.6760563380281602,0.17857142857140734,0.08914748415184914,0.09830010972748246,0.9891891891892378,,0.23941759968571893,h3_atr_change_4,,,,,,,,both,False,
2026-08-05 14:45:00+00:00,1.0,0.39240506329106095,0.24684684684683603,0.0015237296058898603,-0.010889646441146095,0.17902403528755984,0.333229565977633,0.032576223676799736,0.7380952380952129,0.17913832199547033,,0.10185234899329487,,,,h1_atr_change_4;h3_er_8;h3_atr_change_4;h3_slope_atr_8,,,,,,,,0,0.38461538461534084,0.2468007312614252,0.0015139419211420927,-0.010669212440907239,0.17431207702172902,0.3248150190885361,0.0325236491864074,0.7285714285713409,0.17857142857140734,0.08914748415184914,0.09830010972748246,0.9891891891892378,,0.23941759968571893,h3_atr_change_4,,,,,,,,both,False,
2026-08-05 15:00:00+00:00,1.0,0.617834394904464,0.24684684684683603,0.0015237127219039077,0.026046743789395643,0.210462765714573,0.020104831545280123,0.011621684298226744,0.8190476190475959,0.19196428571425297,,0.21394199170256686,,,,h1_atr_change_4;h3_er_8;h3_atr_change_4;h3_slope_atr_8,,,,,,,,0,0.6178343949045181,0.25226860254083966,0.0015172905031679493,0.02524256520492152,0.20151937354439298,0.023295421099847332,0.011236614883443196,0.8190476190475959,0.1894273127753399,0.15736421906248954,0.20905852460067798,0.9869706840391469,,0.2700443993666037,h3_atr_change_4,,,,,,,,both,False,
2026-08-05 15:15:00+00:00,1.0,0.3939393939393532,0.06591337099813409,0.0014621189897602198,0.007002364819520102,0.22453624296347607,-0.015357714713580562,-0.0036587496817832355,0.5625000000000315,0.19196428571425297,,0.21394199170256686,,,,h1_atr_change_4;h3_er_8;h3_atr_change_4;h3_slope_atr_8,,,,,,,,0,0.3861386138612947,0.06641366223910437,0.0014541836052399412,0.007332138004194855,0.2145229492913714,-0.01233379152494501,-0.004421120123853289,0.5593220338983157,0.1894273127753399,0.15736421906248954,0.20905852460067798,0.9869706840391469,,0.2700443993666037,h3_atr_change_4,,,,,,,,both,False,
2026-08-05 15:30:00+00:00,1.0,0.32584269662916304,0.011320754716972279,0.0014610644489956373,-0.025355427287712895,0.15497144194658286,-0.2599945660902937,-0.01965021319471759,0.42941176470594383,0.19196428571425297,,0.21394199170256686,,,,h1_atr_change_4;h3_er_8;h3_atr_change_4;h3_slope_atr_8,,,,,,,,0,0.3260869565216919,0.011363636363626806,0.0014552376811186201,-0.026278084595975693,0.14643008572882543,-0.2628329198460255,-0.021584524866879905,0.42105263157895423,0.1894273127753399,0.15736421906248954,0.20905852460067798,0.9869706840391469,,0.2700443993666037,h3_atr_change_4,,,,,,,,both,False,
2026-08-05 15:45:00+00:00,1.0,0.24210526315789965,0.069860279441139,0.0014103464286105353,0.0017300727094173851,0.1093069137046856,-0.22022045262091633,-0.009738740604358745,0.541176470588243,0.19196428571425297,,0.21394199170256686,,,,h1_atr_change_4;h3_er_8;h3_atr_change_4;h3_slope_atr_8,,,,,,,,0,0.23232323232317342,0.07444668008048037,0.0013990697130231015,0.0032141682867439236,0.10442295824531023,-0.23200393415211237,-0.011883354770499076,0.5321637426900077,0.1894273127753399,0.15736421906248954,0.20905852460067798,0.9869706840391469,,0.2700443993666037,h3_atr_change_4,,,,,,,,both,False,
2026-08-05 16:00:00+00:00,1.0,0.654545454545506,0.12241054613937907,0.0014372089030853226,0.004974442746042307,0.10697236846013003,-0.12521737199273586,-0.010081839877357533,0.35294117647067275,0.17621145374453195,,0.17247636454596077,,,,h1_atr_change_4;h3_er_8;h3_atr_change_4;h3_slope_atr_8,,,,,,,,0,0.6576576576577983,0.1254752851711216,0.0014244870364720765,0.006357004161779756,0.10370753154535883,-0.1254630751457377,-0.0120389200783211,0.3508771929823969,0.17647058823527703,0.1229243232992705,0.16727723044839854,0.9869706840391469,,0.2700443993666037,h3_atr_change_4,,,,,,,,both,False,
2026-08-05 16:15:00+00:00,1.0,0.3164556962027878,0.0905660377358696,0.0014367672877072415,-0.013291934431953978,-0.0042188908067613,-0.0745562021968668,-0.0083514143887594,0.4,0.17621145374453195,,0.17247636454596077,,,,h1_atr_change_4;h3_er_8;h3_atr_change_4;h3_slope_atr_8,,,,,,,,0,0.31645569620260994,0.09848484848485964,0.0014252249851588088,-0.013177857968084017,-0.005768849789724029,-0.068336937345117,-0.008927739420600935,0.3976608187134351,0.17647058823527703,0.1229243232992705,0.16727723044839854,0.9869706840391469,,0.2700443993666037,h3_atr_change_4,,,,,,,,both,False,
2026-08-05 16:30:00+00:00,1.0,0.015384615384720494,0.12233009708737697,0.0014261688215434728,-0.03743638197710497,-0.047615094207454356,-0.07580787249394001,0.006422342139040397,0.4352941176471587,0.17621145374453195,,0.17247636454596077,,,,h1_atr_change_4;h3_er_8;h3_atr_change_4;h3_slope_atr_8,,,,,,,,0,0.06060606060611158,0.11753371868978228,0.0014193002901050225,-0.03623845419106142,-0.04472151271486513,-0.061012551283493914,0.0065717016684635286,0.4444444444444733,0.17647058823527703,0.1229243232992705,0.16727723044839854,0.9869706840391469,,0.2700443993666037,h3_atr_change_4,,,,,,,,both,False,
2026-08-05 16:45:00+00:00,1.0,0.5624999999998915,0.0484210526315754,0.001343921636834489,-0.02552007721635796,-0.06170230033710433,-0.010146933905552165,-0.006018524522410658,0.33136094674559324,0.17621145374453195,,0.17247636454596077,,,,h1_atr_change_4;h3_er_8;h3_atr_change_4;h3_slope_atr_8,,,,,,,,0,0.529411764705575,0.049792531120332904,0.0013399106113276657,-0.025492480693850128,-0.05903457104819554,-0.01184487023337716,-0.006345466196483939,0.32934131736528777,0.17647058823527703,0.1229243232992705,0.16727723044839854,0.9869706840391469,,0.2700443993666037,h3_atr_change_4,,,,,,,,both,False,
2026-08-05 17:00:00+00:00,1.0,0.05882352941214886,0.004405286343592944,0.0013291909864642235,-0.032773585121688154,-0.1154922272042308,-0.0839260280693484,-0.027358239542206262,0.34319526627216523,0.2389791183294329,0.07943772535024696,0.09218351642971201,,,,h3_er_8;h3_atr_change_4;h3_slope_atr_8,,,,,,,,0,0.0499999999997502,0.00650759219088352,0.0013239463946911742,-0.030334123679866987,-0.1100427369896313,-0.0889980171312,-0.0281262476285347,0.3473053892215593,0.2328767123287574,0.06627434544631505,0.08917610348277186,0.9869706840391469,,0.2700443993666037,h3_atr_change_4,,,,,,,,both,False,
2026-08-05 17:15:00+00:00,1.0,0.619047619047317,0.03640256959315406,0.001336143780616738,-0.015228106203557967,-0.13501852138165094,-0.16689665834076098,-0.054283190345783716,0.24852071005919493,0.2389791183294329,0.07943772535024696,0.09218351642971201,,,,h3_er_8;h3_atr_change_4;h3_slope_atr_8,,,,,,,,0,0.5510204081631358,0.04016913319236757,0.001331405657048828,-0.0128444425046772,-0.12786833163625944,-0.18031204191775224,-0.054930701351220496,0.24550898203593213,0.2328767123287574,0.06627434544631505,0.08917610348277186,0.9869706840391469,,0.2700443993666037,h3_atr_change_4,,,,,,,,both,False,
2026-08-05 17:30:00+00:00,1.0,0.17073170731687504,0.07555555555556916,0.0012831307317087482,-0.005481563573576653,-0.11738078501846105,0.14282260038984682,-0.03410414667398365,0.5207100591715339,0.2389791183294329,0.07943772535024696,0.09218351642971201,,,,h3_er_8;h3_atr_change_4;h3_slope_atr_8,,,,,,,,0,0.13636363636352167,0.07423580786025946,0.0012845772221584317,-0.004506034862457042,-0.10836780098432974,0.1456128762778023,-0.034810251807445305,0.5269461077844072,0.2328767123287574,0.06627434544631505,0.08917610348277186,0.9869706840391469,,0.2700443993666037,h3_atr_change_4,,,,,,,,both,False,
2026-08-05 17:45:00+00:00,1.0,0.711711711711809,0.1915887850467561,0.0012062393892995182,0.01018434307994065,-0.10993177087686656,0.48953763462850536,-0.023884321842394352,0.7988165680473559,0.2389791183294329,0.07943772535024696,0.09218351642971201,,,,h3_er_8;h3_atr_change_4;h3_slope_atr_8,,,,,,,,0,0.7017543859648849,0.18535469107550093,0.001212025439418176,0.009749338691472209,-0.10255950147749449,0.4888967459560128,-0.02420690616878912,0.8083832335328823,0.2328767123287574,0.06627434544631505,0.08917610348277186,0.9869706840391469,,0.2700443993666037,h3_atr_change_4,,,,,,,,both,False,
2026-08-05 18:00:00+00:00,1.0,0.7647058823530373,0.2906178489703061,0.0012187301926357193,-0.024721783183983215,-0.13623260610303922,0.7375172812892488,-0.016095549859019846,0.9585798816568009,0.3373737373737338,0.07564788301299363,0.10983027468982855,,,,h3_er_8;h3_atr_change_4;h3_slope_atr_8,,,,,,,,0,0.7536231884057808,0.28251121076233227,0.0012244571781842063,-0.023694562316748713,-0.12935863209450282,0.7385340093226522,-0.01594682473501868,0.9700598802394589,0.32934131736524347,0.0661681378779968,0.10790749764682245,0.9877675840979138,,0.2765352362409219,h3_atr_change_4,,,,,,,,both,False,
2026-08-05 18:15:00+00:00,1.0,0.8320610687022254,0.05413105413109739,0.0008881745019118068,-0.027420871246345957,-0.1486011225432856,0.4024450568858633,0.02578300643584779,0.8618421052631463,0.3373737373737338,0.07564788301299363,0.10983027468982855,,,,h3_er_8;h3_atr_change_4;h3_slope_atr_8,,,,,,,,0,0.8195488721805817,0.049723756906097004,0.0009050182072545897,-0.028969299115601754,-0.14329091161709728,0.3951238864085708,0.025424983577239563,0.855263157894808,0.32934131736524347,0.0661681378779968,0.10790749764682245,0.9877675840979138,,0.2765352362409219,h3_atr_change_4,,,,,,,,both,False,
2026-08-05 18:30:00+00:00,1.0,0.822580645161221,0.2444444444444691,0.0009139396006236266,-0.0008942195273025089,-0.1162791486944229,0.28718522682476577,0.06919101673789507,1.0314465408804303,0.3373737373737338,0.07564788301299363,0.10983027468982855,,,,h3_er_8;h3_atr_change_4;h3_slope_atr_8,,,,,,,,0,0.8080000000001251,0.23450134770888262,0.0009303175645436437,-0.0025270218200975636,-0.11332406907165316,0.27896119907120437,0.06850958859542193,1.0379746835442736,0.32934131736524347,0.0661681378779968,0.10790749764682245,0.9877675840979138,,0.2765352362409219,h3_atr_change_4,,,,,,,,both,False,
2026-08-05 18:45:00+00:00,1.0,0.007633587786140504,0.05236907730674891,0.0010202780908679055,0.00982513374915217,-0.0842258460108839,-0.07202110924286159,0.09070531857873992,0.6547619047618701,0.3373737373737338,0.07564788301299363,0.10983027468982855,,,,h3_er_8;h3_atr_change_4;h3_slope_atr_8,,,,,,,,0,0.007633587786311298,0.053398058252454916,0.0010320041126414478,0.009603014968299073,-0.08139170254688366,-0.07184003086675352,0.08974586058129821,0.6607142857142905,0.32934131736524347,0.0661681378779968,0.10790749764682245,0.9877675840979138,,0.2765352362409219,h3_atr_change_4,,,,,,,,both,False,
2026-08-05 19:00:00+00:00,1.0,0.23809523809531866,0.01298701298704145,0.0010096471400092275,-0.037132805122505386,-0.08835317436636836,-0.18411960796554389,0.1246361132965166,0.6607142857142905,0.27307692307690207,0.006104189653578063,0.07311506316118044,,,,h3_er_8;h3_atr_change_4;h3_slope_atr_8,,,,,,,,0,0.25,0.007633587786253504,0.00101881450864097,-0.03853478440164959,-0.08916055898247954,-0.18200860950987494,0.1239687123596614,0.6607142857142905,0.2709923664122024,-0.00043531798501550423,0.07010731141255021,0.9877675840979138,,0.2765352362409219,h3_atr_change_4,,,,,,,,both,False,
2026-08-05 19:15:00+00:00,1.0,0.3220338983051358,0.05405405405405081,0.0009739379251432762,-0.015261131498607639,-0.08838374734025933,-0.44795621275246755,0.12788519756649244,0.5178571428571287,0.27307692307690207,0.006104189653578063,0.07311506316118044,,,,h3_er_8;h3_atr_change_4;h3_slope_atr_8,,,,,,,,0,0.3275862068966408,0.05039787798406395,0.000980425012573675,-0.018057625782803566,-0.09397071570693583,-0.45070700149465265,0.12742486590513738,0.5178571428571287,0.2709923664122024,-0.00043531798501550423,0.07010731141255021,0.9877675840979138,,0.2765352362409219,h3_atr_change_4,,,,,,,,both,False,
2026-08-05 19:30:00+00:00,1.0,0.9824561403507645,0.012987012986983026,0.001005184724084057,-0.01995534201291227,-0.10165100431551066,-0.39348397745543073,0.1053849690065468,0.3095238095237403,0.27307692307690207,0.006104189653578063,0.07311506316118044,,,,h3_er_8;h3_atr_change_4;h3_slope_atr_8,,,,,,,,0,1.0,0.015384615384603121,0.0010073862010531074,-0.01846980192702441,-0.10667956410040347,-0.39358981287985156,0.10456556451806111,0.3154761904761606,0.2709923664122024,-0.00043531798501550423,0.07010731141255021,0.9877675840979138,,0.2765352362409219,h3_atr_change_4,,,,,,,,both,False,
2026-08-05 19:45:00+00:00,1.0,0.47499999999997916,0.015544041450764087,0.0010066368969754384,-0.03026322025176109,-0.13762070444582009,-0.3114953606524782,0.10126010176005373,0.42857142857135305,0.27307692307690207,0.006104189653578063,0.07311506316118044,,,,h3_er_8;h3_atr_change_4;h3_slope_atr_8,,,,,,,,0,0.48717948717954557,0.017902813299237093,0.0010088349476134973,-0.028832271333356085,-0.14081253093131196,-0.30293268331200923,0.10005447529103695,0.43452380952377334,0.2709923664122024,-0.00043531798501550423,0.07010731141255021,0.9877675840979138,,0.2765352362409219,h3_atr_change_4,,,,,,,,both,False,
2026-08-05 20:00:00+00:00,1.0,0.32584269662900045,0.13186813186813054,0.0009716076741366004,-0.018731987859569754,-0.1323242922187069,0.010442160336923231,0.08316873585941674,0.4880952380952916,0.04057279236276799,-0.03950426173503385,0.11743472811187386,,,,h3_er_8;h3_atr_change_4;h3_slope_atr_8,,,,,,,,0,0.3033707865168259,0.13207547169814482,0.0009771133942802252,-0.020257510058326655,-0.13778778875843412,0.022980800806412818,0.08279847349364754,0.5,0.04057279236276799,-0.0449864203992687,0.11529467340481017,0.9877675840979138,,0.2765352362409219,h3_atr_change_4,,,,,,,,both,False,
2026-08-05 20:15:00+00:00,1.0,0.17808219178068857,0.08791208791210199,0.0009716059633967119,-0.028168192890154597,-0.13299100695384924,0.16332130308878187,0.06244638059271971,0.44047619047619363,0.04057279236276799,-0.03950426173503385,0.11743472811187386,,,,h3_er_8;h3_atr_change_4;h3_slope_atr_8,,,,,,,,0,0.1621621621620324,0.08602150537637682,0.0009777634872942748,-0.02666077764987218,-0.13573797159420598,0.1652718825575319,0.06215056087769649,0.4464285714286139,0.04057279236276799,-0.0449864203992687,0.11529467340481017,0.9877675840979138,,0.2765352362409219,h3_atr_change_4,,,,,,,,both,False,
2026-08-05 20:30:00+00:00,1.0,0.6444444444443128,0.09041095890408425,0.0009721065087410241,-0.03612415440753247,-0.16356301540638596,0.04236056537670152,0.04547531283078703,0.47904191616772757,0.04057279236276799,-0.03950426173503385,0.11743472811187386,,,,h3_er_8;h3_atr_change_4;h3_slope_atr_8,,,,,,,,0,0.6250000000001735,0.08602150537632226,0.000977762127495649,-0.036166481458065114,-0.16488493422595074,0.04676549312851448,0.04699473574188155,0.4940476190475797,0.04057279236276799,-0.0449864203992687,0.11529467340481017,0.9877675840979138,,0.2765352362409219,h3_atr_change_4,,,,,,,,both,False,
2026-08-05 20:45:00+00:00,1.0,0.5294117647057287,0.1685393258426672,0.0009626835296702746,-0.017283487864466984,-0.1860170551813728,0.07033015708348687,0.018716896643212744,0.532934131736542,0.04057279236276799,-0.03950426173503385,0.11743472811187386,,,,h3_er_8;h3_atr_change_4;h3_slope_atr_8,,,,,,,,0,0.4705882352942329,0.16526610644256762,0.0009621017520108853,-0.014164702291604825,-0.18454491787152938,0.051955280700422594,0.018935108695206666,0.5297619047618372,0.04057279236276799,-0.0449864203992687,0.11529467340481017,0.9877675840979138,,0.2765352362409219,h3_atr_change_4,,,,,,,,both,False,
2026-08-05 21:00:00+00:00,1.0,0.5675675675671135,0.19346049046319713,0.0009690835900103557,-0.035777339727235735,-0.18487117990396051,0.22587792680887608,-0.005397818103895306,0.610778443113763,0.1967654986522698,-0.04920318770186305,0.11049713756618705,,,,h3_er_8;h3_atr_change_4;h3_slope_atr_8,,,,,,,,0,0.571428571428798,0.2010723860590122,0.000975712109138089,-0.03270413860829502,-0.17959972623365716,0.2452064156284812,-0.0026443829136377894,0.6428571428571618,0.20967741935483006,-0.05349930706320227,0.11060212826701593,0.772893772893885,0.053210643643456956,0.2785509685058755,,S1,1.3880766027913311e-06,0.9939392072120309,0.006059404711366003,0.9939392072120309,0.037001302066006575,0.9878798025006649,both,False,
2026-08-05 21:15:00+00:00,1.0,1.0,0.26462395543172523,0.0009616190018314637,-0.022690030673640393,-0.1910205358528858,0.24797474691930593,-0.04131732290903653,0.6586826347305755,0.1967654986522698,-0.04920318770186305,0.11049713756618705,,,,h3_er_8;h3_atr_change_4;h3_slope_atr_8,,,,,,,,0,0.736842105262635,0.2409972299168992,0.0009655075261766169,-0.02138644579010074,-0.18238091270346668,0.1885204182252332,-0.04344532348525897,0.6130952380951925,0.20967741935483006,-0.05349930706320227,0.11060212826701593,0.772893772893885,0.053210643643456956,0.2785509685058755,,S1,2.8332122921708393e-06,0.9926385066173737,0.0073586601703335,0.9926385066173737,0.04351535921226179,0.9852798464470403,both,False,
2026-08-05 21:30:00+00:00,1.0,0.8181818181819405,0.1455696202531819,0.0008755977633928497,0.019713325844125773,-0.15827596915902875,0.14638070203805434,-0.05662877728272837,0.6078431372549532,0.1967654986522698,-0.04920318770186305,0.11049713756618705,,,,h3_er_8;h3_atr_change_4;h3_slope_atr_8,,,,,,,,0,0.6129032258068213,0.12380952380957752,0.0008755521882267677,0.06322887016088075,-0.11432554992706279,0.07631035249909217,-0.059048105804792785,0.5686274509804775,0.20967741935483006,-0.05349930706320227,0.11060212826701593,0.772893772893885,0.053210643643456956,0.2785509685058755,,S1,5.218248741399334e-05,0.9969282750640388,0.0030195424485473673,0.9969282750640388,0.021102909410827122,0.9939087326154914,both,False,
2026-08-05 21:45:00+00:00,1.0,0.2363636363635483,0.10666666666668739,0.0008204449204316998,-0.010717681182416117,-0.14131059229183396,-0.19331115156687587,-0.06503368987900003,0.23529411764710273,0.1967654986522698,-0.04920318770186305,0.11049713756618705,,,,h3_er_8;h3_atr_change_4;h3_slope_atr_8,,,,,,,,0,0.11627906976712962,0.0909090909090768,0.0007907703695675269,-0.008905383456726645,-0.0961528543762854,-0.1653150092077222,-0.06290895495435267,0.2881355932203549,0.20967741935483006,-0.05349930706320227,0.11060212826701593,0.772893772893885,0.053210643643456956,0.2785509685058755,,S1,8.946505206318473e-07,0.8846154991266013,0.11538360622287805,0.8846154991266013,0.3576383489178891,0.7692318929037233,both,False,
2026-08-05 22:00:00+00:00,1.0,0.2830188679242121,0.16901408450703123,0.0007922108555644187,-0.03392552615101707,-0.15460617538947918,-0.24703658893331645,-0.05038819836036596,0.3220338983051358,0.21643835616441956,-0.10012264918747871,0.04452311058727281,,,,h3_er_8;h3_atr_change_4;h3_slope_atr_8,,,,,,,,0,1.0,0.26164874551971157,0.0007750499212642822,-0.016431405938713617,-0.09262313782027765,-0.3108268598873739,-0.06020154214377121,0.11864406779663887,0.13350125944587848,-0.09388648946026534,0.02311418054097639,0.772893772893885,0.053210643643456956,0.2785509685058755,,S2,5.834974825309013e-06,0.0065886309407395685,0.9934055340844351,0.9934055340844351,0.03973379943772712,0.9868169031436955,both,False,
2026-08-05 22:15:00+00:00,,,,,,,,,,,,,,,,,,,,,,,,0,0.07142857142877912,0.051282051282034856,0.0008612096346947852,0.023957449065989067,-0.04543526470072701,0.0022485516233771395,-0.034720282419555444,0.500000000000094,0.13350125944587848,-0.09388648946026534,0.02311418054097639,0.772893772893885,0.053210643643456956,0.2785509685058755,,S1,4.759326745598757e-07,0.9554218969921683,0.0445776270751573,0.9554218969921683,0.18223606788715666,0.910844269917011,right_only,False,
2026-08-05 22:30:00+00:00,,,,,,,,,,,,,,,,,,,,,,,,0,0.1555555555553582,0.17142857142860315,0.0007946545704792527,-0.04733694689256607,-0.05649830844793413,0.33279949071172366,0.01659138053402732,0.5593220338982253,0.13350125944587848,-0.09388648946026534,0.02311418054097639,0.772893772893885,0.053210643643456956,0.2785509685058755,,S1,2.103069735093515e-06,0.9099841986141728,0.09001369831609204,0.9099841986141728,0.30259891111245296,0.8199705002980807,right_only,False,
2026-08-05 22:45:00+00:00,,,,,,,,,,,,,,,,,,,,,,,,0,0.473684210526285,0.038961038961009,0.0006498768459714269,-0.04782577066886462,-0.08871390777494115,0.43379562329134863,0.0459677547034064,0.5932203389830062,0.13350125944587848,-0.09388648946026534,0.02311418054097639,0.772893772893885,0.053210643643456956,0.2785509685058755,,S1,1.0877558334471963e-05,0.7263699370784839,0.2736191853631812,0.7263699370784839,0.5869571459916935,0.45275075171530266,right_only,False,
2026-08-05 23:00:00+00:00,,,,,,,,,,,,,,,,,,,,,,,,0,1.0,0.04721030042920909,0.0006501073107611535,-0.05372262762075797,-0.108515353724565,0.1126411608628359,0.07920322391724935,0.818181818181887,0.039106145251405655,-0.09119875637875963,0.08385067680788622,0.772893772893885,0.053210643643456956,0.2785509685058755,,S1,2.8591642614787332e-05,0.9547401239284148,0.04523128442897071,0.9547401239284148,0.1845535055657771,0.909508839499444,right_only,False,
2026-08-05 23:15:00+00:00,2.0,,,,,,,,,,,,,,,er_4;er_16;rv_16;atr_change_1;atr_change_8;slope_atr_4;slope_atr_16;range_pos_16;h1_er_8;h1_atr_change_4;h1_slope_atr_8;h3_er_8;h3_atr_change_4;h3_slope_atr_8,,,,,,,,0,1.0,0.1981566820276375,0.0006198982121964169,-0.0414907213653245,-0.1268296851812475,0.1202499812079263,0.10212406492285535,0.9090909090908174,0.039106145251405655,-0.09119875637875963,0.08385067680788622,0.772893772893885,0.053210643643456956,0.2785509685058755,,S1,9.070828959658354e-06,0.9997000965732826,0.0002908325977578298,0.9997000965732826,0.0027733556644784114,0.9994092639755248,both,False,
2026-08-05 23:30:00+00:00,2.0,,,,,,,,,,,,,,,er_4;er_16;rv_16;atr_change_1;atr_change_8;slope_atr_4;slope_atr_16;range_pos_16;h1_er_8;h1_atr_change_4;h1_slope_atr_8;h3_er_8;h3_atr_change_4;h3_slope_atr_8,,,,,,,,0,0.27272727272819025,0.3612565445027286,0.0005499144810958724,-0.051907470583140713,-0.22138471252858083,0.040356142960698595,0.09504041230853501,0.818181818181887,0.039106145251405655,-0.09119875637875963,0.08385067680788622,0.772893772893885,0.053210643643456956,0.2785509685058755,,S1,1.7713751199124423e-06,0.9999713724282945,2.685619658632453e-05,0.9999713724282945,0.00033474866346219285,0.9999445162317081,both,False,
2026-08-05 23:45:00+00:00,2.0,,,,,,,,,,,,,,,er_4;er_16;rv_16;atr_change_1;atr_change_8;slope_atr_4;slope_atr_16;range_pos_16;h1_er_8;h1_atr_change_4;h1_slope_atr_8;h3_er_8;h3_atr_change_4;h3_slope_atr_8,,,,,,,,0,0.38461538461577877,0.3184357541900079,0.0005265063846094952,-0.04672072879959188,-0.25109288114689,0.048381736217295454,0.10072116960694993,0.9058823529410843,0.039106145251405655,-0.09119875637875963,0.08385067680788622,0.772893772893885,0.053210643643456956,0.2785509685058755,,S1,2.819476527088443e-06,0.9999826586868757,1.452183659653826e-05,0.9999826586868757,0.00021514232267091238,0.9999681368502792,both,False,
2026-08-06 00:00:00+00:00,2.0,,,,,,,,,,,,,,,er_4;er_16;rv_16;atr_change_1;atr_change_8;slope_atr_4;slope_atr_16;range_pos_16;h1_er_8;h1_atr_change_4;h1_slope_atr_8;h3_er_8;h3_atr_change_4;h3_slope_atr_8,,,,,,,,0,0.5675675675680542,0.32596685082884314,0.0005299000980855896,-0.026070693724767002,-0.25843241118804483,0.14592573528998984,0.11670406113920273,1.0625000000001388,0.35294117647066936,-0.11306070214886188,0.07802196735040003,0.8104575163399238,-0.016136328453560278,0.26701488622311903,,S1,7.63203839133989e-06,0.999992351410721,1.6550887690377573e-08,0.999992351410721,9.787459526592073e-05,0.9999847193723296,both,False,
2026-08-06 00:15:00+00:00,2.0,0.08333333333294785,,,,,,,,,,,,,,er_16;rv_16;atr_change_1;atr_change_8;slope_atr_4;slope_atr_16;range_pos_16;h1_er_8;h1_atr_change_4;h1_slope_atr_8;h3_er_8;h3_atr_change_4;h3_slope_atr_8,,,,,,,,0,0.04545454545433901,0.2834224598930329,0.0005399732822105218,-0.004897081174842666,-0.27932935806461,0.09672254739980267,0.10787225281638185,0.7526881720430287,0.35294117647066936,-0.11306070214886188,0.07802196735040003,0.8104575163399238,-0.016136328453560278,0.26701488622311903,,S1,1.2920422343768682e-06,0.9999762008746194,2.2507083146968185e-05,0.9999762008746194,0.00028218162559910323,0.9999536937914724,both,False,
2026-08-06 00:30:00+00:00,2.0,0.3061224489797213,,,,,,,,,,,,,,er_16;rv_16;atr_change_1;atr_change_8;slope_atr_4;slope_atr_16;range_pos_16;h1_er_8;h1_atr_change_4;h1_slope_atr_8;h3_er_8;h3_atr_change_4;h3_slope_atr_8,,,,,,,,0,0.34782608695629086,0.2910052910053258,0.0005424596837084723,-0.009026927944821517,-0.250348591089789,0.028336531394834448,0.10769733990895801,0.8602150537634614,0.35294117647066936,-0.11306070214886188,0.07802196735040003,0.8104575163399238,-0.016136328453560278,0.26701488622311903,,S1,1.5453555927532373e-06,0.9999966426532434,1.811991164545589e-06,0.9999966426532434,4.799108316570149e-05,0.9999948306620788,both,False,
2026-08-06 00:45:00+00:00,2.0,0.20930232558125125,,,,,,,,,,,,,,er_16;rv_16;atr_change_1;atr_change_8;slope_atr_4;slope_atr_16;range_pos_16;h1_er_8;h1_atr_change_4;h1_slope_atr_8;h3_er_8;h3_atr_change_4;h3_slope_atr_8,,,,,,,,0,0.24999999999986122,0.2756756756756951,0.0005402443671714795,-0.021952088040820605,-0.2299781147228389,0.0032191710136304148,0.1099725627222362,0.8453608247421571,0.35294117647066936,-0.11306070214886188,0.07802196735040003,0.8104575163399238,-0.016136328453560278,0.26701488622311903,,S1,9.673008141987688e-07,0.9999941159776661,4.916721519744856e-06,0.9999941159776661,7.937635939214211e-05,0.9999891992561464,both,False,
2026-08-06 01:00:00+00:00,2.0,0.21428571428645066,,,,,,,,,,,,,,er_16;rv_16;atr_change_1;atr_change_8;slope_atr_4;slope_atr_16;range_pos_16;h1_er_8;h1_atr_change_4;h1_slope_atr_8;h3_er_8;h3_atr_change_4;h3_slope_atr_8,,,,,,,,0,0.17241379310387073,0.17857142857144273,0.0005148922198112004,0.004451888182975372,-0.1826392988092277,0.10255690058850798,0.11834576166260646,0.8247422680412182,0.33980582524271286,-0.10736075621900176,0.03295779513227127,0.8104575163399238,-0.016136328453560278,0.26701488622311903,,S1,1.0937564775971936e-06,0.9998240227583696,0.0001748834851535609,0.9998240227583696,0.0017039598809454434,0.999649139273216,both,False,
2026-08-06 01:15:00+00:00,2.0,0.047619047618342715,,,,,,,,,,,,,,er_16;rv_16;atr_change_1;atr_change_8;slope_atr_4;slope_atr_16;range_pos_16;h1_er_8;h1_atr_change_4;h1_slope_atr_8;h3_er_8;h3_atr_change_4;h3_slope_atr_8,,,,,,,,0,0.04347826086990101,0.15116279069780503,0.0005189475803694624,0.013272440218216275,-0.13594047476121707,-0.09172477950574955,0.11251634970823662,0.6283185840708677,0.33980582524271286,-0.10736075621900176,0.03295779513227127,0.8104575163399238,-0.016136328453560278,0.26701488622311903,,S1,7.885385917766048e-07,0.9966140725540302,0.0033851389073776147,0.9966140725540302,0.022647160009450412,0.9932289336466527,both,False,
2026-08-06 01:30:00+00:00,2.0,0.8333333333354921,,,,,,,,,,,,,,er_16;rv_16;atr_change_1;atr_change_8;slope_atr_4;slope_atr_16;range_pos_16;h1_er_8;h1_atr_change_4;h1_slope_atr_8;h3_er_8;h3_atr_change_4;h3_slope_atr_8,,,,,,,,0,0.7333333333343202,0.14450867052016889,0.000519163973437757,0.007644514352300735,-0.08166680606983523,-0.15066853690645904,0.10284604786388134,0.6106194690265018,0.33980582524271286,-0.10736075621900176,0.03295779513227127,0.8104575163399238,-0.016136328453560278,0.26701488622311903,,S1,2.386840155322762e-06,0.9909253574855494,0.009072255674295026,0.9909253574855494,0.05172683570155928,0.9818531018112544,both,False,
2026-08-06 01:45:00+00:00,2.0,0.08333333333395013,,,,,,,,,,,,,,er_16;rv_16;atr_change_1;atr_change_8;slope_atr_4;slope_atr_16;range_pos_16;h1_er_8;h1_atr_change_4;h1_slope_atr_8;h3_er_8;h3_atr_change_4;h3_slope_atr_8,,,,,,,,0,0.03703703703728071,0.33727810650890216,0.0005098322708870056,-0.017618379676239804,-0.05363131423787226,0.0223665574669722,0.0888553785087559,0.734513274336278,0.33980582524271286,-0.10736075621900176,0.03295779513227127,0.8104575163399238,-0.016136328453560278,0.26701488622311903,,S1,5.034488930333045e-07,0.9999544759836045,4.5020567502382285e-05,0.9999544759836045,0.0005034073349522206,0.9999094554161022,both,False,
2026-08-06 02:00:00+00:00,2.0,0.3658536585364533,,,,,,,,,,,,,,er_16;rv_16;atr_change_1;atr_change_8;slope_atr_4;slope_atr_16;range_pos_16;h1_er_8;h1_atr_change_4;h1_slope_atr_8;h3_er_8;h3_atr_change_4;h3_slope_atr_8,,,,,,,,0,0.3488372093024217,0.35329341317360813,0.0005041899697020436,-0.016653328652146637,-0.04448044533014561,-0.01299733893826176,0.03966099749494356,0.5752212389379662,0.06363636363637097,-0.13103606326653705,0.07473937611541535,0.8104575163399238,-0.016136328453560278,0.26701488622311903,,S1,1.957758254271284e-06,0.9928310511039329,0.00716699113781371,0.9928310511039329,0.04256145529043492,0.9856640599661192,both,False,
2026-08-06 02:15:00+00:00,2.0,0.12195121951251214,,,,,,,,,,,,,,er_16;rv_16;atr_change_1;atr_change_8;slope_atr_4;slope_atr_16;range_pos_16;h1_er_8;h1_atr_change_4;h1_slope_atr_8;h3_er_8;h3_atr_change_4;h3_slope_atr_8,,,,,,,,0,0.11111111111078216,0.18796992481194974,0.00033392492872517655,-0.008762830119855236,-0.04819242189108752,0.009834179447436113,0.02800812872041722,0.5934065934065987,0.06363636363637097,-0.13103606326653705,0.07473937611541535,0.8104575163399238,-0.016136328453560278,0.26701488622311903,,S1,4.270491088060686e-07,0.9656444789008319,0.03435509405006002,0.9656444789008319,0.14957594947451913,0.931289384850772,both,False,
2026-08-06 02:30:00+00:00,2.0,0.1707317073166505,,,,,,,,,,,,,,er_16;rv_16;atr_change_1;atr_change_8;slope_atr_4;slope_atr_16;range_pos_16;h1_er_8;h1_atr_change_4;h1_slope_atr_8;h3_er_8;h3_atr_change_4;h3_slope_atr_8,,,,,,,,0,0.18181818181827358,0.14960629921269203,0.0003284967177773768,0.0011570387787644965,-0.038410948533173284,-0.022919899498111036,0.0200308365362191,0.4285714285714789,0.06363636363637097,-0.13103606326653705,0.07473937611541535,0.8104575163399238,-0.016136328453560278,0.26701488622311903,,S1,8.168478509859703e-07,0.7881603132732272,0.21183886987892217,0.7881603132732272,0.5163949393972773,0.576321443394305,both,False,
2026-08-06 02:45:00+00:00,2.0,0.17073170731709958,,,,,0.2815426997244938,,,,,,,,,er_16;rv_16;atr_change_1;atr_change_8;slope_atr_16;range_pos_16;h1_er_8;h1_atr_change_4;h1_slope_atr_8;h3_er_8;h3_atr_change_4;h3_slope_atr_8,,,,,,,,0,0.1428571428569918,0.2,0.0003427732734568243,-0.010620674800766672,-0.027270223445937658,0.24158763273564957,0.022435918350331704,0.6190476190475351,0.06363636363637097,-0.13103606326653705,0.07473937611541535,0.8104575163399238,-0.016136328453560278,0.26701488622311903,,S1,7.662727463874607e-07,0.9573526122735885,0.0426466214536646,0.9573526122735885,0.1762774369908262,0.9147059908199239,both,False,
2026-08-06 03:00:00+00:00,2.0,0.20000000000014803,,,0.07182211727663024,,-0.19071048283465503,-0.003968725364206461,,,,,,,,er_16;rv_16;atr_change_8;range_pos_16;h1_er_8;h1_atr_change_4;h1_slope_atr_8;h3_er_8;h3_atr_change_4;h3_slope_atr_8,,,,,,,,0,0.19999999999985196,0.06508875739649168,0.0004628726220552017,0.04676498666124429,0.013706563309406672,-0.18020942724978656,-0.002510657655189088,0.01639344262305823,0.0,-0.1311427493495546,0.07527534340211102,0.6077170418006367,-0.06544957378736416,0.21434330268734123,,S2,1.7082967699111293e-05,0.003842313724624863,0.9961406033076768,0.9961406033076768,0.02540918823316044,0.992298289583052,both,False,
2026-08-06 03:15:00+00:00,2.0,0.5757575757575554,0.20454545454543446,0.00048384785329513993,-0.02259435075660321,,-0.5632682632319941,-0.03470347527219025,-0.05714285714292058,,,,,,,atr_change_8;h1_er_8;h1_atr_change_4;h1_slope_atr_8;h3_er_8;h3_atr_change_4;h3_slope_atr_8,,,,,,,,0,0.6,0.19774011299428507,0.000478161355787915,-0.02852156494054381,-0.028105347934619718,-0.5076847107083292,-0.031155990447890775,-0.07042253521110463,0.0,-0.1311427493495546,0.07527534340211102,0.6077170418006367,-0.06544957378736416,0.21434330268734123,,S2,2.347198667255582e-05,0.006002446764145293,0.9939740812491817,0.9939740812491817,0.036963975958768165,0.9879716344850364,both,False,
2026-08-06 03:30:00+00:00,2.0,0.7011494252870571,0.2592592592593202,0.0005141184997813913,0.010090178152116325,,-0.8674424275086814,-0.08672280324450872,-0.2800000000000474,,,,,,,atr_change_8;h1_er_8;h1_atr_change_4;h1_slope_atr_8;h3_er_8;h3_atr_change_4;h3_slope_atr_8,,,,,,,,0,0.7142857142858653,0.24867724867723998,0.000503809312148008,-0.0016916606169857795,-0.037110288063955665,-0.7562976867313607,-0.0773747760132226,-0.24675324675315313,0.0,-0.1311427493495546,0.07527534340211102,0.6077170418006367,-0.06544957378736416,0.21434330268734123,,S2,2.495987885168661e-05,8.387103857640662e-06,0.9999666530172908,0.9999666530172908,0.0003959125425867235,0.9999416931384392,both,False,
2026-08-06 03:45:00+00:00,2.0,1.0,0.3823529411765058,0.0005449195307809903,0.014482593360728657,,-0.7257223074854816,-0.1430733844402368,-0.14563106796127598,,,,,,,atr_change_8;h1_er_8;h1_atr_change_4;h1_slope_atr_8;h3_er_8;h3_atr_change_4;h3_slope_atr_8,,,,,,,,0,1.0,0.3853658536584415,0.0005405704912810402,0.0054120186642134804,-0.01453684698460922,-0.6484712260451126,-0.12907438300766338,-0.1538461538461046,0.0,-0.1311427493495546,0.07527534340211102,0.6077170418006367,-0.06544957378736416,0.21434330268734123,,S2,3.5849252579161256e-06,1.0396787746951032e-08,0.9999964046779536,0.9999964046779536,4.873699072308238e-05,0.9999928197526957,both,False,
2026-08-06 04:00:00+00:00,2.0,0.690140845070264,0.4100000000000666,0.0005377380334371921,-0.017538301070782025,,-0.442475109235194,-0.17326869250804933,0.10084033613455257,,,,,,,atr_change_8;h1_er_8;h1_atr_change_4;h1_slope_atr_8;h3_er_8;h3_atr_change_4;h3_slope_atr_8,,,,,,,,0,0.6901408450707925,0.3990147783252697,0.0005372474020981143,-0.027425166804097012,-0.02533186963358247,-0.4100556485791998,-0.15962950642913146,0.0991735537189294,0.09649122807021132,-0.09907815357403349,-0.01333496705225628,0.6077170418006367,-0.06544957378736416,0.21434330268734123,,S2,4.251859053461894e-06,1.3633537379457705e-06,0.9999943847872095,0.9999943847872095,7.661570530842454e-05,0.999990132928156,both,False,
2026-08-06 04:15:00+00:00,2.0,0.4666666666668147,0.3191489361703535,0.0005190332135622774,-0.029636353318996167,,-0.026379526561616788,-0.20981699067769202,0.19685039370069654,,,,,,,atr_change_8;h1_er_8;h1_atr_change_4;h1_slope_atr_8;h3_er_8;h3_atr_change_4;h3_slope_atr_8,,,,,,,,0,0.4666666666668147,0.31606217616584126,0.0005231259921622432,-0.03332816273361772,-0.04948658006820028,-0.04483343076711529,-0.19388937310196197,0.18750000000002168,0.09649122807021132,-0.09907815357403349,-0.01333496705225628,0.6077170418006367,-0.06544957378736416,0.21434330268734123,,S2,2.726778834163251e-06,0.00013282773412609747,0.9998644454870406,0.9998644454870406,0.0013561630013834564,0.9997316177529144,both,False,
2026-08-06 04:30:00+00:00,2.0,0.31914893617011225,0.4224598930482566,0.0005176677731572947,-0.02566816820930362,,0.10056234997230887,-0.2386080645554023,0.12598425196846677,,,,,,,atr_change_8;h1_er_8;h1_atr_change_4;h1_slope_atr_8;h3_er_8;h3_atr_change_4;h3_slope_atr_8,,,,,,,,0,0.3600000000001776,0.4196891191710238,0.0005231347952993246,-0.0295511910418359,-0.07864143132154167,0.08173608383140614,-0.22200440160860743,0.1093750000000271,0.09649122807021132,-0.09907815357403349,-0.01333496705225628,0.6077170418006367,-0.06544957378736416,0.21434330268734123,,S2,1.5198973715646819e-06,4.943958217416154e-07,0.9999979857068074,0.9999979857068074,2.9554747653781044e-05,0.9999964658094359,both,False,
2026-08-06 04:45:00+00:00,2.0,0.0303030303032342,0.4536082474227158,0.000522210972340672,-0.03275074451612603,-0.035509955514475555,-0.17994350486112054,-0.2675042495466504,0.06299212598414597,,,,,,,h1_er_8;h1_atr_change_4;h1_slope_atr_8;h3_er_8;h3_atr_change_4;h3_slope_atr_8,,,,,,,,0,0.0,0.451776649746154,0.000525423678306456,-0.03335275597912668,-0.0998106605990573,-0.15808345834742382,-0.2469107914752074,0.06250000000006506,0.09649122807021132,-0.09907815357403349,-0.01333496705225628,0.6077170418006367,-0.06544957378736416,0.21434330268734123,,S2,6.246910617549184e-07,1.0855301415817657e-08,0.9999993644536372,0.9999993644536372,9.758959211702267e-06,0.9999987397625755,both,False,
2026-08-06 05:00:00+00:00,2.0,0.0810810810810162,0.3492822966506811,0.0005381223489688966,-0.01430364925048011,-0.11301110337299047,-0.05679479658404898,-0.2685821157791521,0.18110236220470377,,,,,,,h1_er_8;h1_atr_change_4;h1_slope_atr_8;h3_er_8;h3_atr_change_4;h3_slope_atr_8,,,,,,,,0,0.05882352941214886,0.35576923076923694,0.0005370685087381973,-0.016283178981718494,-0.15403036349684562,-0.056058198120178225,-0.2498986537771082,0.16406250000004066,0.21359223300966584,-0.11563876645889626,-0.06462818044659797,0.6077170418006367,-0.06544957378736416,0.21434330268734123,,S2,1.762684440057402e-06,2.491877004741368e-06,0.9999957454385556,0.9999957454385556,5.975916059255478e-05,0.9999932535615509,both,False,
2026-08-06 05:15:00+00:00,2.0,0.5714285714283902,0.4261603375527268,0.0006248082114606332,0.05896764521867737,-0.03899415363179337,-0.29880814000879063,-0.2844423640468468,-0.1363636363637373,,,,,,,h1_er_8;h1_atr_change_4;h1_slope_atr_8;h3_er_8;h3_atr_change_4;h3_slope_atr_8,,,,,,,,0,0.6060606060606468,0.4322033898305324,0.0006205234998244429,0.04602670082332949,-0.0891132567302454,-0.2751033188642656,-0.26727474848405225,-0.1467889908256264,0.21359223300966584,-0.11563876645889626,-0.06462818044659797,0.6077170418006367,-0.06544957378736416,0.21434330268734123,,S2,1.8798932607846196e-05,1.9453446887446265e-11,0.9999812010479386,0.9999812010479386,0.00022336379684715157,0.9999624021153308,both,False,
2026-08-06 05:30:00+00:00,2.0,0.4153846153844367,0.4,0.000625708192240875,-0.041328850365460745,-0.08791452538549582,-0.3796223461767892,-0.3144518845808837,0.08333333333337539,,,,,,,h1_er_8;h1_atr_change_4;h1_slope_atr_8;h3_er_8;h3_atr_change_4;h3_slope_atr_8,,,,,,,,0,0.4827586206899192,0.41525423728818106,0.0006205239181464369,-0.04335680419750765,-0.12712979475434316,-0.38467356505063893,-0.29806159873344745,0.06818181818176083,0.21359223300966584,-0.11563876645889626,-0.06462818044659797,0.6077170418006367,-0.06544957378736416,0.21434330268734123,,S2,2.5246280330781512e-05,7.924330879024628e-10,0.9999747529272357,0.9999747529272357,0.00029254148180092376,0.999949506646905,both,False,
2026-08-06 05:45:00+00:00,2.0,0.10588235294131784,0.3176470588234864,0.0006615551316219023,0.03703495605048568,-0.06763849249721987,-0.05394644165647678,-0.27313219410143985,0.2954545454546334,,,,,,,h1_er_8;h1_atr_change_4;h1_slope_atr_8;h3_er_8;h3_atr_change_4;h3_slope_atr_8,,,,,,,,0,0.11904761904761275,0.31496062992125434,0.00066870886785577,0.02994171617144037,-0.10583380694011957,-0.02538285733429222,-0.2587878290825326,0.3106060606060797,0.21359223300966584,-0.11563876645889626,-0.06462818044659797,0.6077170418006367,-0.06544957378736416,0.21434330268734123,,S2,4.1673559659193947e-05,0.00020426916559720357,0.9997540572747443,0.9997540572747443,0.0024017026901235385,0.9995497881091471,both,False,
2026-08-06 06:00:00+00:00,2.0,0.012987012987095379,0.23265306122444615,0.0006478321535990091,0.0001330348505681478,-0.0508682983846398,0.5586566820633581,-0.24425648644769576,0.3484848484849479,,,,,,,h1_er_8;h1_atr_change_4;h1_slope_atr_8;h3_er_8;h3_atr_change_4;h3_slope_atr_8,,,,,,,,0,0.038961038961009,0.2314049586776761,0.0006523860747847514,-0.009266471834394663,-0.08913905955637369,0.556325793699713,-0.23332742992339506,0.3560606060605869,0.018181818181798606,-0.0960137814630676,-0.16311627206794826,0.3930635838150348,-0.08788528328404388,0.09958208115107893,,S2,7.4688726345115946e-06,0.0029038345770140608,0.9970886965503507,0.9970886965503507,0.01995862744959965,0.9941848619733367,both,False,
2026-08-06 06:15:00+00:00,2.0,0.21874999999997832,0.35384615384611445,0.0006775436564092006,0.09369163016644655,0.06976121944890457,0.13034183503993027,-0.20167756908204088,0.1590909090909435,,,,,,,h1_er_8;h1_atr_change_4;h1_slope_atr_8;h3_er_8;h3_atr_change_4;h3_slope_atr_8,,,,,,,,0,0.19402985074622908,0.36434108527135384,0.0006864487640435991,0.08804451793084223,0.02522615704787179,0.13119085128324776,-0.19406550135144124,0.15151515151513623,0.018181818181798606,-0.0960137814630676,-0.16311627206794826,0.3930635838150348,-0.08788528328404388,0.09958208115107893,,S2,0.00025817362153005637,4.954086301638768e-06,0.9997368722921686,0.9997368722921686,0.002456607754083482,0.9994786986706385,both,False,
2026-08-06 06:30:00+00:00,2.0,0.09374999999989159,0.3688212927755524,0.0006783735305421415,-0.0009735254610235833,0.09687453985813654,-0.32088284677376155,-0.17288678266696264,0.12878787878788261,,,,,,,h1_er_8;h1_atr_change_4;h1_slope_atr_8;h3_er_8;h3_atr_change_4;h3_slope_atr_8,,,,,,,,0,0.13432835820918276,0.37451737451742484,0.0006866127360268963,-0.006553974640172711,0.04952145998052959,-0.32506177285130017,-0.16611612656740757,0.1363636363636899,0.018181818181798606,-0.0960137814630676,-0.16311627206794826,0.3930635838150348,-0.08788528328404388,0.09958208115107893,,S2,2.6145750440604866e-06,7.254226436088973e-06,0.999990131198519,0.999990131198519,0.0001293235507358356,0.9999828769720829,both,False,
2026-08-06 06:45:00+00:00,2.0,0.6666666666666666,0.45312499999995937,0.0006709970879072026,0.019244760469760536,0.15583818886870593,-0.3770970369525467,-0.12464756348264673,0.08396946564890154,,,,,,,h1_er_8;h1_atr_change_4;h1_slope_atr_8;h3_er_8;h3_atr_change_4;h3_slope_atr_8,,,,,,,,0,0.7272727272729567,0.4609375000000427,0.0006831773356827588,0.01564154629950254,0.10271622360940502,-0.38673385995269727,-0.12188392188671213,0.06923076923071798,0.018181818181798606,-0.0960137814630676,-0.16311627206794826,0.3930635838150348,-0.08788528328404388,0.09958208115107893,,S2,1.1364685113336e-05,1.258910822142152e-07,0.9999885094238052,0.9999885094238052,0.00014287758647901682,0.9999771447386919,both,False,
2026-08-06 07:00:00+00:00,2.0,1.0,0.3859649122806505,0.0005983141028015612,0.03235960387941117,0.21055602356837122,-0.20106981117437492,-0.10181623281522374,0.12925170068022485,,,,,,,h1_er_8;h1_atr_change_4;h1_slope_atr_8;h3_er_8;h3_atr_change_4;h3_slope_atr_8,,,,,,,,0,1.0,0.3947368421052862,0.0006119442038827243,0.023826073879960052,0.14767745930489906,-0.21491758832515506,-0.10209543188710053,0.11034482758632096,0.6601307189541099,-0.06127780353451573,-0.2269653709318683,0.3930635838150348,-0.08788528328404388,0.09958208115107893,,S2,1.2024560693529516e-05,4.635685183592682e-09,0.9999879708036218,0.9999879708036218,0.00014833902900102304,0.9999759462429283,both,False,
2026-08-06 07:15:00+00:00,2.0,1.0,0.3488372093022872,0.0005826442282630773,0.019531581245538332,0.1654747928017286,-0.19393087109006726,-0.0881196355925005,0.1467889908256264,,,,,,,h1_er_8;h1_atr_change_4;h1_slope_atr_8;h3_er_8;h3_atr_change_4;h3_slope_atr_8,,,,,,,,0,1.0,0.35211267605639385,0.0005961294548823494,0.01695744974413782,0.11578331721827384,-0.19852578885445457,-0.08876212333742664,0.13888888888898027,0.6601307189541099,-0.06127780353451573,-0.2269653709318683,0.3930635838150348,-0.08788528328404388,0.09958208115107893,,S2,8.177212251891205e-06,6.686274494207452e-08,0.9999917559250031,0.9999917559250031,0.00010513782194666342,0.9999835787127512,both,False,
2026-08-06 07:30:00+00:00,2.0,1.0,0.27835051546387035,0.0005507030090038924,0.015441189229189023,0.2344912122059668,-0.1262422620967842,-0.08658924387401125,0.22772277227719073,,,,,,,h1_er_8;h1_atr_change_4;h1_slope_atr_8;h3_er_8;h3_atr_change_4;h3_slope_atr_8,,,,,,,,0,1.0,0.2849740932643095,0.0005704310578561175,0.010909313349745986,0.17907674669658546,-0.08868926884510067,-0.08514915097107245,0.25242718446614293,0.6601307189541099,-0.06127780353451573,-0.2269653709318683,0.3930635838150348,-0.08788528328404388,0.09958208115107893,,S2,1.0034340922883207e-05,8.526287622162714e-06,0.9999814393714556,0.9999814393714556,0.00023357254440383322,0.9999714050305327,both,False,
2026-08-06 07:45:00+00:00,2.0,0.7142857142843548,0.17241379310337787,0.0005169957315328647,0.0002474381867649811,0.1906991806484284,-0.022653262273605153,-0.09760890950274162,0.26595744680861616,,,,,,,h1_er_8;h1_atr_change_4;h1_slope_atr_8;h3_er_8;h3_atr_change_4;h3_slope_atr_8,,,,,,,,0,0.7999999999986678,0.17647058823529413,0.0005313010398666833,-0.0012916496378048148,0.14332080558989535,0.0,-0.09580008374005594,0.2783505154640992,0.6601307189541099,-0.06127780353451573,-0.2269653709318683,0.3930635838150348,-0.08788528328404388,0.09958208115107893,,S2,5.633727909790337e-06,0.00027116103080544285,0.9997232052412846,0.9997232052412846,0.00257184053858829,0.9994520442104791,both,False,
2026-08-06 08:00:00+00:00,2.0,0.6666666666648163,0.27810650887565413,0.0005107960952472813,0.023345280940878732,0.21833430661431752,-0.04111060558533937,-0.09887007632890407,0.2021276595746239,0.941605839416004,,,,,,h1_atr_change_4;h1_slope_atr_8;h3_er_8;h3_atr_change_4;h3_slope_atr_8,,,,,,,,0,0.714285714284808,0.28048780487797614,0.000524484109509083,0.019187727004093436,0.17615736215487843,-0.03423046998333508,-0.09646768813480047,0.22680412371142045,0.9270072992699357,-0.07090644722451822,-0.2409312264628388,0.3930635838150348,-0.08788528328404388,0.09958208115107893,,S2,9.629126619522595e-06,2.2016601059743126e-07,0.99999015070737,0.99999015070737,0.0001244474698158232,0.9999805215807505,both,False,
2026-08-06 08:15:00+00:00,2.0,0.7894736842092962,0.3563218390802632,0.0005162778689846541,0.06861854649999,0.19040376645026202,-0.1420460142075023,-0.09452326680731732,0.19811320754724096,0.941605839416004,,,,,,h1_atr_change_4;h1_slope_atr_8;h3_er_8;h3_atr_change_4;h3_slope_atr_8,,,,,,,,0,0.8823529411758559,0.3647058823529719,0.0005313092521179221,0.0641596538300262,0.15033823592126883,-0.1462121259895952,-0.09245766790511643,0.18867924528298724,0.9270072992699357,-0.07090644722451822,-0.2409312264628388,0.3930635838150348,-0.08788528328404388,0.09958208115107893,,S2,7.008875506370053e-05,1.7255476213261124e-09,0.9999299095193873,0.9999299095193873,0.0007405742236969959,0.9998598207643237,both,False,
2026-08-06 08:30:00+00:00,2.0,0.8947368421046481,0.3945945945944895,0.0005389765292769462,0.017350187451252497,0.21223763914737215,-0.34324115324424903,-0.10895254453051127,0.1666666666665492,0.941605839416004,,,,,,h1_atr_change_4;h1_slope_atr_8;h3_er_8;h3_atr_change_4;h3_slope_atr_8,,,,,,,,0,0.947368421052324,0.4033149171271179,0.0005548831036986598,0.016298704165089273,0.17679997571573702,-0.35103615300544244,-0.10802739858034104,0.15748031496059964,0.9270072992699357,-0.07090644722451822,-0.2409312264628388,0.3930635838150348,-0.08788528328404388,0.09958208115107893,,S2,1.71842938491968e-05,4.876510522704191e-11,0.9999828156573862,0.9999828156573862,0.00020572308609751537,0.999965631363537,both,False,
2026-08-06 08:45:00+00:00,2.0,0.2857142857140025,0.22842639593889863,0.0005618918655752952,0.017913859500622964,0.2106547335379063,-0.14288160562060703,-0.10976669231791356,0.32539682539688974,0.941605839416004,,,,,,h1_atr_change_4;h1_slope_atr_8;h3_er_8;h3_atr_change_4;h3_slope_atr_8,,,,,,,,0,0.25423728813561874,0.2284263959390886,0.0005844027597186844,0.016947040861963414,0.17831262156505123,-0.144299177284476,-0.10743381653648904,0.33070866141736416,0.9270072992699357,-0.07090644722451822,-0.2409312264628388,0.3930635838150348,-0.08788528328404388,0.09958208115107893,,S2,3.826053839895084e-06,1.1978668260221535e-06,0.9999949760793345,0.9999949760793345,6.908174246998321e-05,0.9999911500254947,both,False,
2026-08-06 09:00:00+00:00,2.0,0.19999999999982238,0.32967032967014465,0.0005466727593111558,-0.002028934412869776,0.17032707396409896,0.057268836962378875,-0.09819921161479976,0.32539682539688974,0.9432624113474575,,,,,,h1_atr_change_4;h1_slope_atr_8;h3_er_8;h3_atr_change_4;h3_slope_atr_8,,,,,,,,0,0.1851851851850938,0.3152173913043124,0.0005734584003748794,-0.0027146774835828946,0.1477670991219986,0.07092743593912072,-0.09596064862340882,0.33070866141736416,0.9295774647885936,-0.037021963849815376,-0.23089425903636956,0.18427518427519043,-0.07797589605145139,-0.08442752171061994,,S2,5.827425194404055e-06,2.5316324575261725e-07,0.9999939194115605,0.9999939194115605,8.016350390310731e-05,0.9999880919863661,both,False,
2026-08-06 09:15:00+00:00,2.0,0.11111111111078216,0.11409395973149562,0.0004386674125234071,-0.005978472043041028,0.14104391435327268,0.21604978621557253,-0.10603384605831367,0.3650793650793427,0.9432624113474575,,,,,,h1_atr_change_4;h1_slope_atr_8;h3_er_8;h3_atr_change_4;h3_slope_atr_8,,,,,,,,0,0.12499999999988436,0.10526315789482911,0.00047755445989371565,-0.0025276336592225945,0.12577567985499605,0.23038722695196265,-0.10272894506066105,0.37007874015742664,0.9295774647885936,-0.037021963849815376,-0.23089425903636956,0.18427518427519043,-0.07797589605145139,-0.08442752171061994,,S2,2.032386088692957e-06,3.486515546967605e-05,0.9999631024584419,0.9999631024584419,0.00042139066773709365,0.9999282373029722,both,False,
2026-08-06 09:30:00+00:00,2.0,0.3513513513518704,0.21019108280244148,0.00044948464798734796,0.00264564098819986,0.12666564941182656,-0.045969003579296744,-0.11627453846515991,0.2698412698413146,0.9432624113474575,,,,,,h1_atr_change_4;h1_slope_atr_8;h3_er_8;h3_atr_change_4;h3_slope_atr_8,,,,,,,,0,0.28571428571466334,0.19999999999994617,0.0004946160513410974,0.001710230778385835,0.11553133518524583,-0.07098576676920387,-0.11570679983378179,0.2519685039370643,0.9295774647885936,-0.037021963849815376,-0.23089425903636956,0.18427518427519043,-0.07797589605145139,-0.08442752171061994,,S2,2.2260527228507167e-06,7.040363805822738e-07,0.9999970699108963,0.9999970699108963,4.18764718646295e-05,0.9999948438581735,both,False,
2026-08-06 09:45:00+00:00,2.0,0.8412698412701881,0.6114285714284394,0.0005496627461151132,0.045546125179334984,0.1776894987610489,-0.4698919673860081,-0.127252305237205,-0.09523809523820433,0.9432624113474575,,,,,,h1_atr_change_4;h1_slope_atr_8;h3_er_8;h3_atr_change_4;h3_slope_atr_8,,,,,,,,0,0.8437500000003035,0.6158192090395509,0.0005596629707863174,0.04417682016698721,0.166318437157283,-0.48131620911233486,-0.12540774607648655,-0.09448818897628984,0.9295774647885936,-0.037021963849815376,-0.23089425903636956,0.18427518427519043,-0.07797589605145139,-0.08442752171061994,,S2,0.00039055466283218767,2.5779629621515843e-18,0.9996094453371694,0.9996094453371694,0.0034555289690725946,0.9992188906743372,both,False,
2026-08-06 10:00:00+00:00,2.0,0.6571428571431109,0.6114285714284394,0.0005496689473767756,0.0011946649677450072,0.15219805583509527,-0.5461808390481404,-0.12544561393448125,0.08391608391602311,0.9534883720929812,,,,,,h1_atr_change_4;h1_slope_atr_8;h3_er_8;h3_atr_change_4;h3_slope_atr_8,,,,,,,,0,0.6619718309860917,0.6067415730336518,0.0005605392195154076,0.002381016732292407,0.14708549749504596,-0.5425682591871712,-0.12271617391619638,0.08333333333341043,0.9425287356320651,-0.018650011265296307,-0.2499761375382004,0.18427518427519043,-0.07797589605145139,-0.08442752171061994,,S2,0.0002904965058012519,1.1018017113636076e-16,0.9997095034941974,0.9997095034941974,0.002656234323534321,0.9994190069883961,both,False,
2026-08-06 10:15:00+00:00,2.0,0.8313253012048064,0.5952380952379599,0.0005287795992912985,0.01483114471685587,0.09420379776618137,-0.44354066661733055,-0.1411121130880361,0.013245033112523378,0.9534883720929812,,,,,,h1_atr_change_4;h1_slope_atr_8;h3_er_8;h3_atr_change_4;h3_slope_atr_8,,,,,,,,0,0.8333333333332893,0.5857988165680085,0.0005328018348364165,0.01576989879792645,0.09492491611528475,-0.4219744306906923,-0.13860273323785144,0.013157894736782519,0.9425287356320651,-0.018650011265296307,-0.2499761375382004,0.18427518427519043,-0.07797589605145139,-0.08442752171061994,,S2,9.676198590050822e-05,3.783719217537874e-17,0.9999032380141006,0.9999032380141006,0.0009911531447724285,0.9998064760282002,both,False,
2026-08-06 10:30:00+00:00,2.0,0.09401709401711349,0.23809523809513738,0.0006613098938701135,0.04254747095129807,0.12130455779868687,0.2256903605485124,-0.12078020309270941,0.4285714285714569,0.9534883720929812,,,,,,h1_atr_change_4;h1_slope_atr_8;h3_er_8;h3_atr_change_4;h3_slope_atr_8,,,,,,,,0,0.0782608695651368,0.23943661971826874,0.000665205270091805,0.03921571871636109,0.1196149114211218,0.2235849642376372,-0.11821733741298583,0.4285714285714569,0.9425287356320651,-0.018650011265296307,-0.2499761375382004,0.18427518427519043,-0.07797589605145139,-0.08442752171061994,,S2,4.065071518327254e-06,6.321214012590169e-07,0.9999953028070798,0.9999953028070798,6.418025411234727e-05,0.9999912377355615,both,False,
2026-08-06 10:45:00+00:00,2.0,0.4133333333332386,0.23076923076916508,0.0006601753614672818,-0.023251647173574086,0.07595782258426076,0.3133957318649121,-0.1111570604296362,0.4166666666667352,0.9534883720929812,,,,,,h1_atr_change_4;h1_slope_atr_8;h3_er_8;h3_atr_change_4;h3_slope_atr_8,,,,,,,,0,0.39473684210505555,0.22488038277506572,0.0006620414460350027,-0.02370107495750451,0.074863085845156,0.3027180876180831,-0.11044177800184847,0.4056603773584866,0.9425287356320651,-0.018650011265296307,-0.2499761375382004,0.18427518427519043,-0.07797589605145139,-0.08442752171061994,,S2,5.520491738751484e-06,1.4798021967349969e-06,0.9999929997060653,0.9999929997060653,9.370137962949423e-05,0.9999874792143265,both,False,
2026-08-06 11:00:00+00:00,2.0,0.35294117647049217,0.1999999999999112,0.0006565287553219727,-0.010722376394196487,0.06658502889561024,0.3275312291153638,-0.10130727265066397,0.4166666666667352,0.6956521739129911,,,,,,h1_atr_change_4;h1_slope_atr_8;h3_er_8;h3_atr_change_4;h3_slope_atr_8,,,,,,,,0,0.3333333333331188,0.19402985074627524,0.0006584051121959558,-0.011261001218746736,0.06565195268676272,0.3141527557737544,-0.10257729562902282,0.4056603773584866,0.6972972972972558,-0.03895456967551991,-0.20950393507612325,0.18427518427519043,-0.07797589605145139,-0.08442752171061994,,S2,2.3683990588295085e-06,0.0002548266657070231,0.9997428049352347,0.9997428049352347,0.0023965126150020354,0.9994879782695277,both,False,
2026-08-06 11:15:00+00:00,2.0,0.8873239436618926,0.07339449541279078,0.0006807784404812791,0.009111894747339866,0.08277699138986772,0.1356824681303604,-0.07597905222294478,0.6470588235295014,0.6956521739129911,,,,,,h1_atr_change_4;h1_slope_atr_8;h3_er_8;h3_atr_change_4;h3_slope_atr_8,,,,,,,,0,0.8611111111108712,0.07692307692306147,0.0006830276825128894,0.0103424243236665,0.07940170945543512,0.1264828125837512,-0.07792798287561727,0.6336633663366359,0.6972972972972558,-0.03895456967551991,-0.20950393507612325,0.18427518427519043,-0.07797589605145139,-0.08442752171061994,,S2,1.3142567862301278e-05,0.07838283742373042,0.9216040200084069,0.9216040200084069,0.2749616103334354,0.8432211825846765,both,False,
2026-08-06 11:30:00+00:00,2.0,0.8297872340423723,0.029288702928869516,0.0007068968491231531,0.014085589157800005,0.09513121919913381,0.39352307833082123,-0.03753901521726536,0.8627450980391901,0.6956521739129911,,,,,,h1_atr_change_4;h1_slope_atr_8;h3_er_8;h3_atr_change_4;h3_slope_atr_8,,,,,,,,0,0.7959183673465503,0.024590163934400867,0.0007114928898290562,0.017034109991640234,0.09591409089075542,0.3964114488885582,-0.03897817303084872,0.8613861386138265,0.6972972972972558,-0.03895456967551991,-0.20950393507612325,0.18427518427519043,-0.07797589605145139,-0.08442752171061994,,S1,3.240242499645233e-05,0.7178991821224899,0.2820684154525148,0.7178991821224899,0.5952528783570447,0.4358307666699751,both,False,
2026-08-06 11:45:00+00:00,2.0,0.21100917431191912,0.20132013201318052,0.0009090642411612751,0.06161970743567102,0.11196709215525003,-0.11614695640384774,-0.03539647544974876,0.21153846153853545,0.6956521739129911,,,,,,h1_atr_change_4;h1_slope_atr_8;h3_er_8;h3_atr_change_4;h3_slope_atr_8,,,,,,,,0,0.20720720720717478,0.2,0.0009182172685015739,0.06181897441632933,0.11443038531723992,-0.11224373456154119,-0.03713947099462361,0.1941747572815576,0.6972972972972558,-0.03895456967551991,-0.20950393507612325,0.18427518427519043,-0.07797589605145139,-0.08442752171061994,,S2,6.305792934589872e-06,1.1226060729788588e-05,0.9999824681463348,0.9999824681463348,0.000220984003091904,0.9999712420856051,both,False,
2026-08-06 12:00:00+00:00,2.0,0.24137931034489798,0.027624309392259093,0.0010681105659553162,0.0627229283691717,0.18030285794965795,-0.006976075623450875,0.0006839289826922747,0.8365384615384821,0.20903954802255634,,,,,,h1_atr_change_4;h1_slope_atr_8;h3_er_8;h3_atr_change_4;h3_slope_atr_8,,,,,,,,0,0.24293785310732904,0.024258760107795416,0.0010808523911695989,0.06103297867515445,0.17963865189103956,-0.0022997222850112613,-0.0006087500165958469,0.8349514563106545,0.2067039106145196,-0.0010804698651608602,-0.14432763942804355,0.2968750000000488,-0.06893472571116366,-0.13049294613129075,,S1,1.85181170713827e-05,0.9581859269269387,0.041795554955989266,0.9581859269269387,0.1738286422456373,0.9163903719709494,both,False,
2026-08-06 12:15:00+00:00,2.0,0.16746411483257656,0.08823529411766946,0.0011699365443608434,0.0348735333106005,0.20361322702976192,-0.23818176562637827,-0.0005287053621028053,0.29807692307691075,0.20903954802255634,,,,,,h1_atr_change_4;h1_slope_atr_8;h3_er_8;h3_atr_change_4;h3_slope_atr_8,,,,,,,,0,0.1603773584905937,0.08653846153844255,0.0011809121172574263,0.035344248943887546,0.20237082779539595,-0.2332275860570552,-0.0015025866888768824,0.29126213592233635,0.2067039106145196,-0.0010804698651608602,-0.14432763942804355,0.2968750000000488,-0.06893472571116366,-0.13049294613129075,,S2,2.5613505144810537e-06,0.12155994736006198,0.878437491289423,0.878437491289423,0.3700568050354429,0.7568775439293609,both,False,
2026-08-06 12:30:00+00:00,2.0,0.12962962962954397,0.031175059952079486,0.001184004980358321,-0.0024136393400662204,0.15170596279818627,0.1306411924794566,0.0038092639794934475,0.5769230769231426,0.20903954802255634,,,,,,h1_atr_change_4;h1_slope_atr_8;h3_er_8;h3_atr_change_4;h3_slope_atr_8,,,,,,,,0,0.12844036697252564,0.0330188679245367,0.001193562411140804,-0.0032055360513483233,0.15328950782251005,0.13592984945646072,0.002490517974610412,0.5728155339805302,0.2067039106145196,-0.0010804698651608602,-0.14432763942804355,0.2968750000000488,-0.06893472571116366,-0.13049294613129075,,S1,8.270496836757391e-07,0.5054869914792102,0.49451218147110676,0.5054869914792102,0.6930987930184807,0.010974810008103408,both,False,
2026-08-06 12:45:00+00:00,2.0,0.21290322580636103,0.029850746268683923,0.0011720573271175507,0.0138421576528307,0.19544410279895486,-0.1488526596750698,0.015845816493061344,0.5288461538461251,0.20903954802255634,,,,,,h1_atr_change_4;h1_slope_atr_8;h3_er_8;h3_atr_change_4;h3_slope_atr_8,,,,,,,,0,0.20253164556958111,0.03667481662594262,0.0011798044430515193,0.009747333984568618,0.19280168805416453,-0.16109985363205986,0.014247146604438436,0.5048543689319634,0.2067039106145196,-0.0010804698651608602,-0.14432763942804355,0.2968750000000488,-0.06893472571116366,-0.13049294613129075,,S1,1.2236920806117542e-06,0.5193829978346876,0.4806157784732323,0.5193829978346876,0.6924125770465259,0.038767219361455274,both,False,
2026-08-06 13:00:00+00:00,2.0,0.5206611570247388,0.09930715935337502,0.001202446583240141,0.01585177273057048,0.2275563320661167,-0.0568623496365317,0.013315052460131982,0.23076923076921435,0.43459915611810157,,,,,,h1_atr_change_4;h1_slope_atr_8;h3_er_8;h3_atr_change_4;h3_slope_atr_8,,,,,,,,0,0.5245901639345009,0.1025056947608417,0.0012081051937123041,0.01526900146538801,0.2248071333989159,-0.0673833895373314,0.012210841937013309,0.21359223300962712,0.42738589211625366,0.026417085373784843,-0.1385664235288131,0.2968750000000488,-0.06893472571116366,-0.13049294613129075,,S2,1.0736758931834591e-05,0.02777451229453258,0.9722147509465364,0.9722147509465364,0.1270522177349554,0.9444402386520039,both,False,
2026-08-06 13:15:00+00:00,2.0,0.19444444444441017,0.1264367816091919,0.0012031966094352216,0.012927661548650216,0.23219810541456098,-0.34545621063832105,0.012986359388879092,0.16346153846151792,0.43459915611810157,,,,,,h1_atr_change_4;h1_slope_atr_8;h3_er_8;h3_atr_change_4;h3_slope_atr_8,,,,,,,,0,0.20547945205495285,0.12925170068026867,0.0012088517359456466,0.017070350313927785,0.23296319172871227,-0.346222413883901,0.012414474717136869,0.1456310679610604,0.42738589211625366,0.026417085373784843,-0.1385664235288131,0.2968750000000488,-0.06893472571116366,-0.13049294613129075,,S2,9.143676776056834e-06,0.01302396803458382,0.9869668882886399,0.9869668882886399,0.06959047373632728,0.973942920254056,both,False,
2026-08-06 13:30:00+00:00,2.0,0.7200000000000355,0.08372093023257783,0.0012002311914170855,-0.006655531933892567,0.20699592289012236,-0.2173567564827268,0.013265154991224068,0.27927927927926666,0.43459915611810157,,,,,,h1_atr_change_4;h1_slope_atr_8;h3_er_8;h3_atr_change_4;h3_slope_atr_8,,,,,,,,0,0.7254901960783802,0.08083140877599929,0.0012033769881405869,-0.0073133095982043095,0.20344650996461722,-0.2088332756507,0.011777740834136451,0.28318584070789155,0.42738589211625366,0.026417085373784843,-0.1385664235288131,0.2968750000000488,-0.06893472571116366,-0.13049294613129075,,S2,5.7205488698739904e-06,0.04094294079161716,0.9590513386595136,0.9590513386595136,0.1710039098682592,0.9181083978678964,both,False,
2026-08-06 13:45:00+00:00,2.0,0.06172839506184346,0.10952380952382286,0.0011742962946222173,0.0217243242068621,0.16163734056347567,0.24464551154660882,0.007852432659616802,0.6036036036036667,0.43459915611810157,,,,,,h1_atr_change_4;h1_slope_atr_8;h3_er_8;h3_atr_change_4;h3_slope_atr_8,,,,,,,,0,0.09756097560984855,0.1100702576112344,0.0011879225923718218,0.022377244585374045,0.15874396343297126,0.2548016065999154,0.007463197276429852,0.6194690265486847,0.42738589211625366,0.026417085373784843,-0.1385664235288131,0.2968750000000488,-0.06893472571116366,-0.13049294613129075,,S2,2.049909602907643e-06,0.25027625076699284,0.7497216993234047,0.7497216993234047,0.5626667422116614,0.4994454485564119,both,False,
2026-08-06 14:00:00+00:00,2.0,0.75,0.10739856801909282,0.0011738795261607054,0.0212632062381215,0.1163186972264767,0.38119993339839653,0.006249179236041986,0.6576576576576667,0.2230215827338003,,-0.05725747629468127,,,,h1_atr_change_4;h3_er_8;h3_atr_change_4;h3_slope_atr_8,,,,,,,,0,0.754385964912308,0.10588235294118876,0.0011871629311134943,0.017315789783916236,0.1110008397562372,0.389151631662737,0.006392509593952604,0.6637168141594033,0.22419928825619684,0.04305700795807632,-0.04905630083921782,0.2968750000000488,-0.06893472571116366,-0.13049294613129075,,S1,2.8056345647133045e-06,0.9253385851196354,0.07465860924580012,0.9253385851196354,0.26556439903117324,0.8506799758738353,both,False,
2026-08-06 14:15:00+00:00,2.0,0.2631578947367191,0.04329896907212398,0.0013724486244727596,0.09670410801721818,0.18301537501709486,-0.22792580753013178,-0.04187019429996868,-0.0990990990989333,0.2230215827338003,,-0.05725747629468127,,,,h1_atr_change_4;h3_er_8;h3_atr_change_4;h3_slope_atr_8,,,,,,,,0,0.2592592592591131,0.044715447154448244,0.0013884044383078113,0.10008202611268091,0.18046925557237592,-0.22767812585810215,-0.0412853383301462,-0.08849557522124067,0.22419928825619684,0.04305700795807632,-0.04905630083921782,0.2968750000000488,-0.06893472571116366,-0.13049294613129075,,S2,0.001628508686926796,0.00010110919086476826,0.998270382122209,0.998270382122209,0.013113429279741223,0.9966418734352822,both,False,
2026-08-06 14:30:00+00:00,2.0,0.3124999999999783,0.1473922902494338,0.0013133898261824125,-0.004950210898946539,0.18000731148262417,-0.5955552235370395,-0.06591080622477351,0.14893617021278271,0.2230215827338003,,-0.05725747629468127,,,,h1_atr_change_4;h3_er_8;h3_atr_change_4;h3_slope_atr_8,,,,,,,,0,0.3178294573643544,0.14988814317678023,0.001329970587629692,-0.005571262296021007,0.17766760769014933,-0.6092817122504957,-0.06547496661149556,0.14685314685304043,0.22419928825619684,0.04305700795807632,-0.04905630083921782,0.2968750000000488,-0.06893472571116366,-0.13049294613129075,,S2,9.249499440174727e-06,0.007183771558267581,0.9928069789422925,0.9928069789422925,0.042732898348930334,0.985623207384025,both,False,
2026-08-06 14:45:00+00:00,2.0,0.6633663366340072,0.1165919282511347,0.0013152486761351908,-0.018253997898497576,0.14265070923920087,-0.4219179832734564,-0.0857789339807622,0.21276595744676496,0.2230215827338003,,-0.05725747629468127,,,,h1_atr_change_4;h3_er_8;h3_atr_change_4;h3_slope_atr_8,,,,,,,,0,0.6666666666666666,0.11258278145696338,0.0013326809415109785,-0.01871786429065092,0.14446866689877336,-0.42036337691081443,-0.08507083990367897,0.22377622377616513,0.22419928825619684,0.04305700795807632,-0.04905630083921782,0.2968750000000488,-0.06893472571116366,-0.13049294613129075,,S2,6.444772195582022e-06,0.013704460061271736,0.9862890951665325,0.9862890951665325,0.07248610618859436,0.9725846351052608,both,False,
2026-08-06 15:00:00+00:00,2.0,0.7821782178220564,0.1283185840707997,0.001316276780345923,0.0021779233491940886,0.12727008569442733,0.046562330897795844,-0.10379519595985758,0.17021276595744345,0.31210191082798316,,-0.09884423811598753,,,,h1_atr_change_4;h3_er_8;h3_atr_change_4;h3_slope_atr_8,,,,,,,,0,0.7647058823530949,0.12227074235806654,0.001333385634476697,0.00019297378558458256,0.1274741154292316,0.06169281078158124,-0.10263234146564497,0.18881118881120726,0.3035143769967997,0.11246229625393567,-0.08743110377093032,0.5229885057471514,-0.022324897890982576,-0.2171101395044655,,S2,6.65188081298275e-06,0.0034974081672229955,0.9964959399519637,0.9964959399519637,0.02335761529448895,0.9929985317847407,both,False,
2026-08-06 15:15:00+00:00,2.0,0.7471264367819084,0.2974051896207592,0.001438043457214141,0.043591472158434064,0.16139532259531397,-0.3848250150641254,-0.13267659833094522,-0.14024390243898807,0.31210191082798316,,-0.09884423811598753,,,,h1_atr_change_4;h3_er_8;h3_atr_change_4;h3_slope_atr_8,,,,,,,,0,0.7272727272729567,0.29133858267720875,0.00145735900497882,0.04286837711764169,0.1560725377914205,-0.3697303282418634,-0.13147175495423583,-0.14723926380369018,0.3035143769967997,0.11246229625393567,-0.08743110377093032,0.5229885057471514,-0.022324897890982576,-0.2171101395044655,,S2,1.9053248723451627e-05,7.412065119966262e-09,0.999980939339211,0.999980939339211,0.00022627514156528408,0.9999618860904875,both,False,
2026-08-06 15:30:00+00:00,2.0,0.8604651162791659,0.41108986615675835,0.0014755964420437608,0.02550802656894402,0.19900020952435593,-0.779511167263505,-0.16144731973147586,-0.19072164948452133,0.31210191082798316,,-0.09884423811598753,,,,h1_atr_change_4;h3_er_8;h3_atr_change_4;h3_slope_atr_8,,,,,,,,0,0.8320610687022254,0.40642722117205665,0.0014932957516182684,0.024965407005900886,0.19366399356691155,-0.7773617059806942,-0.15980634224557022,-0.19689119170987018,0.3035143769967997,0.11246229625393567,-0.08743110377093032,0.5229885057471514,-0.022324897890982576,-0.2171101395044655,,S2,9.994210831729178e-06,2.556762273361993e-13,0.9999900057889131,0.9999900057889131,0.00012506256043706248,0.9999800115780814,both,False,
2026-08-06 15:45:00+00:00,2.0,1.0,0.34188034188033417,0.0013636358977892628,-0.015749202338323998,0.15502477983673124,-0.7717242248820254,-0.21982710266540328,0.0495867768594647,0.31210191082798316,,-0.09884423811598753,,,,h1_atr_change_4;h3_er_8;h3_atr_change_4;h3_slope_atr_8,,,,,,,,0,1.0,0.3361522198731688,0.0013791551633462054,-0.014743263070688739,0.15032440082202747,-0.7725185389983066,-0.21773522244974808,0.05327868852457525,0.3035143769967997,0.11246229625393567,-0.08743110377093032,0.5229885057471514,-0.022324897890982576,-0.2171101395044655,,S2,2.2977200802702872e-05,8.055965783601757e-12,0.9999770227911419,0.9999770227911419,0.00026839681862711386,0.9999540455903392,both,False,
2026-08-06 16:00:00+00:00,2.0,1.0,0.5771971496437052,0.0012516974442297742,-0.0003867914360228264,0.13053913926503546,-0.42378341871570646,-0.24443415730394605,0.04247104247097991,0.518930957683715,,-0.2667893371078424,,,,h1_atr_change_4;h3_er_8;h3_atr_change_4;h3_slope_atr_8,,,,,,,,0,1.0,0.5717647058823552,0.0012647059159169166,-0.002126806758767641,0.1283397885285944,-0.421938291089768,-0.24229077955741246,0.03861003861003298,0.5176991150442406,0.17605699534236918,-0.23761873969280758,0.5229885057471514,-0.022324897890982576,-0.2171101395044655,,S2,1.9987351599938556e-05,3.8565766703634175e-20,0.9999800126484006,0.9999800126484006,0.00023625850905447453,0.9999600252968007,both,False,
2026-08-06 16:15:00+00:00,2.0,1.0,0.5202156334231628,0.0011550164867640987,-0.03062954664538542,-0.0007229571284896874,-0.23379297501638732,-0.2929959306696832,0.045112781954850814,0.518930957683715,,-0.2667893371078424,,,,h1_atr_change_4;h3_er_8;h3_atr_change_4;h3_slope_atr_8,,,,,,,,0,1.0,0.5159574468085266,0.0011695217834204697,-0.02949681579229968,-0.0045675398362724495,-0.2381741829456736,-0.2903512302600226,0.04119850187267693,0.5176991150442406,0.17605699534236918,-0.23761873969280758,0.5229885057471514,-0.022324897890982576,-0.2171101395044655,,S2,2.9602243220665656e-05,4.213654570391875e-19,0.9999703977567787,0.9999703977567787,0.0003382839448986842,0.999940795513558,both,False,
2026-08-06 16:30:00+00:00,2.0,1.0,0.6581196581196862,0.0011300551622497959,0.004601664349083379,0.008869497195179932,-0.19866517844727355,-0.31160382821169125,0.011406844106454568,0.518930957683715,,-0.2667893371078424,,,,h1_atr_change_4;h3_er_8;h3_atr_change_4;h3_slope_atr_8,,,,,,,,0,1.0,0.6516853932583913,0.001144877234096112,0.001481892738480095,0.0024927342705680644,-0.205734694211571,-0.3098511051650896,0.007633587786309357,0.5176991150442406,0.17605699534236918,-0.23761873969280758,0.5229885057471514,-0.022324897890982576,-0.2171101395044655,,S2,5.022640181476147e-05,9.011450342834982e-24,0.999949773598186,0.999949773598186,0.0005474147720076195,0.9998995471963713,both,False,
2026-08-06 16:45:00+00:00,2.0,1.0,0.6685082872928502,0.0011377361479645526,-0.020072947068034308,0.007000294437882193,-0.19694224168447527,-0.33445540149962527,0.10097719869700975,0.518930957683715,,-0.2667893371078424,,,,h1_atr_change_4;h3_er_8;h3_atr_change_4;h3_slope_atr_8,,,,,,,,0,1.0,0.6584022038567157,0.0011497123868720632,-0.020197127260547676,0.0009814967523948948,-0.19071178174939252,-0.33275409810290113,0.10163934426230582,0.5176991150442406,0.17605699534236918,-0.23761873969280758,0.5229885057471514,-0.022324897890982576,-0.2171101395044655,,S2,6.313733379170927e-05,2.53139284658067e-24,0.9999368626662075,0.9999368626662075,0.0006736858786558198,0.9998737253324158,both,False,
2026-08-06 17:00:00+00:00,2.0,0.016393442622688256,0.501385041551194,0.0011358307856177672,0.0002870908094512181,0.00510036341775888,-0.0019302521333465974,-0.3392701985017599,0.20065789473684642,0.5090909090908668,,-0.38500385971531,,,,h1_atr_change_4;h3_er_8;h3_atr_change_4;h3_slope_atr_8,,,,,,,,0,0.052631578947327416,0.5055555555555302,0.0011442022048368738,-0.0012532404818113019,-0.00046585766814599694,-0.003857597765329701,-0.33912822707714213,0.19205298013245714,0.510112359550553,0.15346407637740955,-0.34673769095085183,0.5229885057471514,-0.022324897890982576,-0.2171101395044655,,S2,3.7395502969206675e-06,1.6307484199573594e-20,0.9999962604497026,0.9999962604497026,5.047100260060932e-05,0.9999925208994057,both,False,
2026-08-06 17:15:00+00:00,2.0,0.09090909090896857,0.5068493150684464,0.0011382216727148374,-0.03006602571335859,-0.06584040205846786,0.07761335843203505,-0.35256716780937497,0.1644736842105119,0.5090909090908668,,-0.38500385971531,,,,h1_atr_change_4;h3_er_8;h3_atr_change_4;h3_slope_atr_8,,,,,,,,0,0.0847457627116858,0.508287292817642,0.0011452605086181068,-0.030097166799855524,-0.0703994695789093,0.07755741487639362,-0.35257624198699833,0.16225165562917146,0.510112359550553,0.15346407637740955,-0.34673769095085183,0.5229885057471514,-0.022324897890982576,-0.2171101395044655,,S2,5.287034072919554e-06,4.0707295180155176e-21,0.9999947129659272,0.9999947129659272,6.952582242138277e-05,0.9999894259318544,both,False,
2026-08-06 17:30:00+00:00,2.0,0.1290322580642273,0.5151515151515226,0.0011374321709530864,-0.02451939874989073,-0.11141157099241561,0.12444660896029139,-0.3473584470931277,0.18092105263152658,0.5090909090908668,,-0.38500385971531,,,,h1_atr_change_4;h3_er_8;h3_atr_change_4;h3_slope_atr_8,,,,,,,,0,0.16363636363627554,0.5166666666666841,0.0011444758482269972,-0.02313274531507914,-0.11402247149120703,0.1221446406741047,-0.3470943539156189,0.17880794701986122,0.510112359550553,0.15346407637740955,-0.34673769095085183,0.5229885057471514,-0.022324897890982576,-0.2171101395044655,,S2,8.556467119559434e-06,9.381083464606614e-21,0.9999914435328808,0.9999914435328808,0.00010840033231349442,0.9999828870657612,both,False,
2026-08-06 17:45:00+00:00,2.0,0.20689655172433594,0.6932153392331049,0.001098769380962766,-0.026254743820030124,-0.12089604651763841,-0.10266063757700673,-0.3174407409829585,0.14144736842103292,0.5090909090908668,,-0.38500385971531,,,,h1_atr_change_4;h3_er_8;h3_atr_change_4;h3_slope_atr_8,,,,,,,,0,0.2307692307690994,0.7057057057057634,0.001100237711611543,-0.023443176878033545,-0.12184574013212357,-0.0833845594249905,-0.3151139287972914,0.1423841059602408,0.510112359550553,0.15346407637740955,-0.34673769095085183,0.5229885057471514,-0.022324897890982576,-0.2171101395044655,,S2,3.045351900610987e-05,1.1880873043394134e-25,0.9999695464809938,0.9999695464809938,0.00034714860969019756,0.9999390929619877,both,False,
2026-08-06 18:00:00+00:00,2.0,0.3235294117646387,0.5388739946381182,0.0011511466553130877,-0.008575119850873891,-0.12809722375322985,0.18385155872621325,-0.24414094749041199,0.2730263157894425,0.3749999999999867,0.16253296857526545,-0.4860924236530899,,,,h3_er_8;h3_atr_change_4;h3_slope_atr_8,,,,,,,,0,0.3650793650793427,0.5519125683060813,0.0011477970180280269,-0.007401141870170935,-0.12648729166133665,0.1785133917156516,-0.24210492693074434,0.2682119205297918,0.372921615201913,0.10338388319497605,-0.439642953617096,0.7562076749435698,0.044228568361083465,-0.313693556524692,,S2,6.378552178489973e-06,3.693947580486922e-17,0.9999936214478213,0.9999936214478213,8.268240505622689e-05,0.9999872428956429,both,False,
2026-08-06 18:15:00+00:00,2.0,0.6065573770493713,0.3856655290102808,0.0008924020873925557,-0.035201663305173825,-0.13220962597799146,0.29788622849781327,-0.20534436707106365,0.2959183673469195,0.3749999999999867,0.16253296857526545,-0.4860924236530899,,,,h3_er_8;h3_atr_change_4;h3_slope_atr_8,,,,,,,,0,0.627118644067669,0.3916083916084139,0.0008812888882914235,-0.03542587057833513,-0.1318238065623839,0.2917568521299621,-0.2038007422966057,0.292517006802755,0.372921615201913,0.10338388319497605,-0.439642953617096,0.7562076749435698,0.044228568361083465,-0.313693556524692,,S2,1.750714828851275e-05,4.837919518277836e-12,0.999982492846874,0.999982492846874,0.00020926119294222668,0.9999649856985855,both,False,
2026-08-06 18:30:00+00:00,2.0,0.3134328358209846,0.41721854304636735,0.0008973261637150782,-0.037008944186166404,-0.16815350983317523,0.23427529251354548,-0.16052072084132674,0.3140495867768239,0.3749999999999867,0.16253296857526545,-0.4860924236530899,,,,h3_er_8;h3_atr_change_4;h3_slope_atr_8,,,,,,,,0,0.32307692307686003,0.41891891891887734,0.0008864018211461253,-0.034103601006834516,-0.16267257050451223,0.22767067389148926,-0.15961477792473136,0.31120331950208346,0.372921615201913,0.10338388319497605,-0.439642953617096,0.7562076749435698,0.044228568361083465,-0.313693556524692,,S2,9.701966898237956e-06,7.601819798692876e-12,0.9999902980254997,0.9999902980254997,0.0001216936909507852,0.9999805960586015,both,False,
2026-08-06 18:45:00+00:00,2.0,0.5999999999998386,0.46075085324229237,0.0008939277098073829,-0.04380943153445982,-0.188303082429643,-0.07611930016654114,-0.09857729221932897,0.3318777292576,0.3749999999999867,0.16253296857526545,-0.4860924236530899,,,,h3_er_8;h3_atr_change_4;h3_slope_atr_8,,,,,,,,0,0.5636363636361434,0.4755244755244712,0.0008813000901994628,-0.044056566788162166,-0.1830625527394112,-0.0754576895567358,-0.09865676782575593,0.3245614035087472,0.372921615201913,0.10338388319497605,-0.439642953617096,0.7562076749435698,0.044228568361083465,-0.313693556524692,,S2,5.517248804293441e-05,3.148081192204243e-11,0.9999448274804769,0.9999448274804769,0.0005961405493349777,0.9998896549924339,both,False,
2026-08-06 19:00:00+00:00,2.0,0.24137931034477478,0.3820598006644239,0.0009006459304344948,-0.037446740997094,-0.21892272677665336,0.0222414219385551,-0.01668106645393811,0.4265402843601761,0.4335839598997343,0.03447096566163621,-0.5091664666121504,,,,h3_er_8;h3_atr_change_4;h3_slope_atr_8,,,,,,,,0,0.2727272727269057,0.38720538720543857,0.000891118121107864,-0.03774210287647117,-0.21290907570837359,0.02695595522002344,-0.016144743233471332,0.4265402843601312,0.42014742014744294,-0.0005217330802440578,-0.4606220390736777,0.7562076749435698,0.044228568361083465,-0.313693556524692,,S2,1.2404010616721988e-05,1.88272267032528e-07,0.9999874077171171,0.9999874077171171,0.000155641865170789,0.9999750037065004,both,False,
2026-08-06 19:15:00+00:00,2.0,0.2222222222223593,0.23140495867770414,0.0006721510584302934,-0.006116459386730333,-0.19963640166875873,0.05718898349347249,0.028338530823170383,0.37440758293834525,0.4335839598997343,0.03447096566163621,-0.5091664666121504,,,,h3_er_8;h3_atr_change_4;h3_slope_atr_8,,,,,,,,0,0.17948717948726708,0.2320675105484742,0.0006512461485261448,-0.006664263432015538,-0.1938929176569788,0.06907549604461201,0.029277271695372357,0.3744075829384111,0.42014742014744294,-0.0005217330802440578,-0.4606220390736777,0.7562076749435698,0.044228568361083465,-0.313693556524692,,S2,5.2146530313867415e-06,1.2043771442436712e-06,0.9999935809698249,0.9999935809698249,8.626536334583584e-05,0.9999883663167936,both,False,
2026-08-06 19:30:00+00:00,2.0,0.5483870967741473,0.20851063829788924,0.0006396869301621242,0.04579108417917066,-0.14194796476351013,-0.26866930367988556,0.028601183030985425,0.29787234042545485,0.4335839598997343,0.03447096566163621,-0.5091664666121504,,,,h3_er_8;h3_atr_change_4;h3_slope_atr_8,,,,,,,,0,0.5151515151516171,0.21212121212117716,0.0006222414554877736,0.044872008646535066,-0.13777565757015842,-0.2597141256818953,0.02965185338667934,0.29496402877699335,0.42014742014744294,-0.0005217330802440578,-0.4606220390736777,0.7562076749435698,0.044228568361083465,-0.313693556524692,,S2,3.082145753565845e-05,1.0639637036278599e-07,0.9999690721460944,0.9999690721460944,0.0003527873943154552,0.9999382506885588,both,False,
2026-08-06 19:45:00+00:00,2.0,0.5624999999998915,0.17699115044244657,0.0006327622607428406,-0.017083326689264267,-0.13386622769202094,-0.4523394969236818,0.0263947708963034,0.36036036036033875,0.4335839598997343,0.03447096566163621,-0.5091664666121504,,,,h3_er_8;h3_atr_change_4;h3_slope_atr_8,,,,,,,,0,0.5223880597014826,0.18018018018016937,0.0006151205506703688,-0.020834910581438715,-0.1354727596340467,-0.4605537600935139,0.027729676654855755,0.3545454545455243,0.42014742014744294,-0.0005217330802440578,-0.4606220390736777,0.7562076749435698,0.044228568361083465,-0.313693556524692,,S2,1.2603097638735768e-05,1.019180160093736e-05,0.9999772051007602,0.9999772051007602,0.00028212116441259257,0.9999646020031214,both,False,
2026-08-06 20:00:00+00:00,2.0,0.052631578947245405,0.09090909090915474,0.0007270136343440722,0.05297342925328774,-0.08009586335775909,0.0367557657026233,0.037667903270471204,0.7657657657658198,0.6077348066298359,-0.047606428289934,-0.3942141679116516,,,,h3_er_8;h3_atr_change_4;h3_slope_atr_8,,,,,,,,0,0.05154639175247348,0.09600000000001777,0.0007165099118540032,0.050857580279166203,-0.08473096008985914,0.03671327153908459,0.039615239693844805,0.7727272727272176,0.593495934959331,-0.06963489279123902,-0.3578013287790454,0.7562076749435698,0.044228568361083465,-0.313693556524692,,S2,3.0071687538130416e-05,0.0012975013933671474,0.998672426919094,0.998672426919094,0.010264695968909037,0.9973749255257268,both,False,
2026-08-06 20:15:00+00:00,2.0,0.12621359223296366,0.03759398496239723,0.0007436590272726815,-0.023842981903049565,-0.0692657265185821,0.27534149907914723,0.03651147329417714,0.5945945945945189,0.6077348066298359,-0.047606428289934,-0.3942141679116516,,,,h3_er_8;h3_atr_change_4;h3_slope_atr_8,,,,,,,,0,0.14018691588795132,0.03787878787878724,0.0007368258571525239,-0.02389799666814718,-0.07379234400619006,0.270337155631783,0.037473846125944794,0.5818181818181047,0.593495934959331,-0.06963489279123902,-0.3578013287790454,0.7562076749435698,0.044228568361083465,-0.313693556524692,,S2,2.7702820100410866e-07,3.720475022867815e-05,0.9999625182215697,0.9999625182215697,0.0004211179702244408,0.999925313471341,both,False,
2026-08-06 20:30:00+00:00,2.0,0.23287671232873378,0.045454545454499576,0.0007420354653270156,-0.029404533107568298,-0.06191603622004482,0.09213638080681674,0.02556570628427316,0.5315315315314396,0.6077348066298359,-0.047606428289934,-0.3942141679116516,,,,h3_er_8;h3_atr_change_4;h3_slope_atr_8,,,,,,,,0,0.24324324324342167,0.053846153846170926,0.0007339563886265945,-0.027771639463156306,-0.06772056315544206,0.09429837767401686,0.02652586340303353,0.5363636363636693,0.593495934959331,-0.06963489279123902,-0.3578013287790454,0.7562076749435698,0.044228568361083465,-0.313693556524692,,S2,3.570617154450657e-07,7.358151870343322e-05,0.9999260614195813,0.9999260614195813,0.0007795204537357129,0.9998524799008779,both,False,
2026-08-06 20:45:00+00:00,2.0,0.40229885057447207,0.16666666666665264,0.000742029146443028,-0.03505894742583493,-0.053331252926495654,-0.0929712120419842,0.011935493437792627,0.5999999999999013,0.6077348066298359,-0.047606428289934,-0.3942141679116516,,,,h3_er_8;h3_atr_change_4;h3_slope_atr_8,,,,,,,,0,0.38823529411767166,0.1583011583011881,0.0007325645809279666,-0.033432888116667114,-0.05735986938949189,-0.11006779763686633,0.012397342180368037,0.5730337078651433,0.593495934959331,-0.06963489279123902,-0.3578013287790454,0.7562076749435698,0.044228568361083465,-0.313693556524692,,S2,1.1951630791450595e-06,8.89739935453112e-05,0.9999098308433758,0.9999098308433758,0.0009363390490446521,0.9998208568498305,both,False,
2026-08-06 21:00:00+00:00,2.0,0.18749999999978317,0.1406249999999607,0.0007205765643871609,-0.02476348430334596,-0.04085730137027754,0.2808428117651476,0.025803285862391574,0.8333333333332893,0.4662379421222122,-0.06702965623211632,-0.2965461634242374,,,,h3_er_8;h3_atr_change_4;h3_slope_atr_8,,,,,,,,0,0.10344827586201616,0.13147410358565667,0.0007133720984722042,-0.02675819901101384,-0.04659989682361454,0.24160988581377185,0.022301287958409924,0.7738095238094105,0.4790996784565971,-0.08731071441141414,-0.2771482613886406,0.6981132075471836,0.017254098247201144,-0.38779719778709093,,S2,8.676961920205912e-07,0.006415304457638977,0.9935838278461683,0.9935838278461683,0.03879896887984059,0.9871685233885293,both,False,
2026-08-06 21:15:00+00:00,2.0,0.013333333333420178,0.061818181818182404,0.0007601961128106411,-0.0033343116952188057,-0.038172402651483694,0.11891732707853545,0.012545625938587303,0.476190476190451,0.4662379421222122,-0.06702965623211632,-0.2965461634242374,,,,h3_er_8;h3_atr_change_4;h3_slope_atr_8,,,,,,,,0,0.2075471698115421,0.1007751937984376,0.0007225485234443813,-0.02553003688946265,-0.06470719901630217,0.17672304751282847,0.01489500663849828,0.5833333333333334,0.4790996784565971,-0.08731071441141414,-0.2771482613886406,0.6981132075471836,0.017254098247201144,-0.38779719778709093,,S2,3.459101864268494e-07,0.0016665292149774314,0.9983331248748356,0.9983331248748356,0.012331438854703213,0.9966665956598582,both,False,
2026-08-06 21:30:00+00:00,2.0,0.07317073170725102,0.007042253521094275,0.0007686234226903575,-0.030804639817943347,-0.10861848150397113,-0.2560632267651718,-0.0070605669144819284,0.3095238095237403,0.4662379421222122,-0.06702965623211632,-0.2965461634242374,,,,h3_er_8;h3_atr_change_4;h3_slope_atr_8,,,,,,,,0,0.30434782608708244,0.07744107744106939,0.0008161336169665341,0.011469233374920673,-0.09460691399180954,-0.3624770482936975,-0.017218810271242613,0.05952380952392281,0.4790996784565971,-0.08731071441141414,-0.2771482613886406,0.6981132075471836,0.017254098247201144,-0.38779719778709093,,S2,3.898576750518379e-06,1.2415494526940145e-05,0.9999836859287222,0.9999836859287222,0.00020512276264163316,0.9999712704341953,both,False,
2026-08-06 21:45:00+00:00,2.0,0.2753623188404211,0.047272727272709654,0.0007619765845253893,-0.010461136484482991,-0.10261298976617728,-0.3692867219970153,-0.03349584371913121,0.3452380952379977,0.4662379421222122,-0.06702965623211632,-0.2965461634242374,,,,h3_er_8;h3_atr_change_4;h3_slope_atr_8,,,,,,,,0,0.18811881188137097,0.03246753246753387,0.000832726321591397,-0.011822890311440015,-0.08627387502667683,-0.41695387059939437,-0.042417217103976314,0.3214285714284959,0.4790996784565971,-0.08731071441141414,-0.2771482613886406,0.6981132075471836,0.017254098247201144,-0.38779719778709093,,S2,4.142776167016422e-06,0.00404860689601301,0.9959472503278202,0.9959472503278202,0.026401196043917847,0.9918986434318071,both,False,
2026-08-06 22:00:00+00:00,2.0,0.8965517241380234,0.15447154471544422,0.0006849672213149108,-0.03484646653833268,-0.17745669572690115,-0.17594918918160968,-0.04193373533014187,0.21428571428554435,0.7445482866044635,-0.05985863874991415,-0.14448474910210635,,,,h3_er_8;h3_atr_change_4;h3_slope_atr_8,,,,,,,,0,0.5217391304349295,0.1357142857143282,0.0007695307856174034,-0.026189453461187395,-0.15326667110239245,-0.20053407025975073,-0.05025307285323049,0.2023809523809146,0.7594936708861738,-0.07218692094829371,-0.13643177859389127,0.6981132075471836,0.017254098247201144,-0.38779719778709093,,S2,1.2235111116114178e-06,2.1977946226091428e-05,0.9999767985426624,0.9999767985426624,0.00027558163249036244,0.9999548205964364,both,False,
2026-08-06 22:15:00+00:00,2.0,0.05660377358484242,0.06367041198501062,0.0007176824322776301,-0.01357679720786853,-0.16880605722827646,0.11325136167992704,-0.028229567359923362,0.5119047619047085,0.7445482866044635,-0.05985863874991415,-0.14448474910210635,,,,h3_er_8;h3_atr_change_4;h3_slope_atr_8,,,,,,,,0,0.048543689320497185,0.0529801324503954,0.0008032578225054507,-0.007551888816878294,-0.13908701132484902,0.292167844997166,-0.0346537727092777,0.5238095238094105,0.7594936708861738,-0.07218692094829371,-0.13643177859389127,0.6981132075471836,0.017254098247201144,-0.38779719778709093,,S2,4.196769975921517e-07,0.00028911705608985203,0.9997104632669127,0.9997104632669127,0.0026515793166725326,0.9994213462108229,both,False,
2026-08-06 22:30:00+00:00,2.0,0.4999999999997477,0.0038314176245458453,0.0007126274611368595,-0.05322745972998044,-0.189207422146086,0.24521760145009247,-0.018162637984027393,0.5714285714283827,0.7445482866044635,-0.05985863874991415,-0.14448474910210635,,,,h3_er_8;h3_atr_change_4;h3_slope_atr_8,,,,,,,,0,0.6875000000000216,0.0,0.0007987446694562441,-0.053875096094973096,-0.16220175038804674,0.26840037234504227,-0.023130645624295423,0.5833333333333334,0.7594936708861738,-0.07218692094829371,-0.13643177859389127,0.6981132075471836,0.017254098247201144,-0.38779719778709093,,S2,1.5563420040290608e-06,0.0017195001322198615,0.9982789435257756,0.9982789435257756,0.012686247056939576,0.9965594433935557,both,False,
2026-08-06 22:45:00+00:00,2.0,0.4634146341461037,0.0038314176245458453,0.0007126274611368595,-0.05220419500828022,-0.20361373167994834,0.2997413168104014,-0.006774339358267634,0.5714285714283827,0.7445482866044635,-0.05985863874991415,-0.14448474910210635,,,,h3_er_8;h3_atr_change_4;h3_slope_atr_8,,,,,,,,0,0.5348837209304487,0.006756756756802374,0.0007987446686378048,-0.05493699709092359,-0.18084101985687118,0.31759433182883706,-0.010284092475791035,0.5952380952381707,0.7594936708861738,-0.07218692094829371,-0.13643177859389127,0.6981132075471836,0.017254098247201144,-0.38779719778709093,,S2,1.372512868499396e-06,0.0008977038415911499,0.9991009236455405,0.9991009236455405,0.0072151936504024905,0.9982032198039493,both,False,
2026-08-06 23:00:00+00:00,2.0,0.8181818181819405,0.07200000000002274,0.0007026763301534867,-0.048891630315004875,-0.22331697684605045,0.019904178260550718,0.015415981201853248,0.5357142857141253,0.49442379182164786,-0.05503319703268861,0.004674847170554889,,,,h3_er_8;h3_atr_change_4;h3_slope_atr_8,,,,,,,,0,0.7368421052627888,0.06666666666664589,0.000787779005421028,-0.04961577391286942,-0.2000798027843228,0.012852871789724517,0.013230897430496992,0.535714285714248,0.5037593984963071,-0.0674070776725012,0.00317426372220496,0.6981132075471836,0.017254098247201144,-0.38779719778709093,,S2,1.9708573671888643e-06,0.08592179479599357,0.9140762343466386,0.9140762343466386,0.2930270786195411,0.828154439550645,both,False,
2026-08-06 23:15:00+00:00,2.0,0.7391304347827766,0.03149606299215489,0.0007082288446045236,-0.028776760870090623,-0.24314380400932023,0.11271659905062478,0.042796141885465024,0.7142857142856766,0.49442379182164786,-0.05503319703268861,0.004674847170554889,,,,h3_er_8;h3_atr_change_4;h3_slope_atr_8,,,,,,,,0,0.6296296296291423,0.027586206896505785,0.0007942068793539629,-0.030115769247568758,-0.20384412602786894,0.10270272802796623,0.04287400411038566,0.7261904761903252,0.5037593984963071,-0.0674070776725012,0.00317426372220496,0.6981132075471836,0.017254098247201144,-0.38779719778709093,,S2,3.2593127224792903e-06,0.2597714983151004,0.7402252423721775,0.7402252423721775,0.572861232893904,0.4804537440570771,both,False,
2026-08-06 23:30:00+00:00,2.0,0.4285714285720328,0.19090909090911293,0.0006317585013959407,-0.04947079239277963,-0.257720424793925,0.15092381018142134,0.03688544100366193,0.6867469879518524,0.49442379182164786,-0.05503319703268861,0.004674847170554889,,,,h3_er_8;h3_atr_change_4;h3_slope_atr_8,,,,,,,,0,0.35999999999957366,0.16862745098039078,0.0007229434421631374,-0.047764348380624266,-0.2504685437511167,0.13916686362561026,0.03954999469951084,0.6987951807228303,0.5037593984963071,-0.0674070776725012,0.00317426372220496,0.6981132075471836,0.017254098247201144,-0.38779719778709093,,S2,9.515566937363295e-06,0.4950296258998775,0.5049608585331852,0.5049608585331852,0.6932108089404423,0.009931232633307696,both,False,
2026-08-06 23:45:00+00:00,2.0,0.5714285714290246,0.22666666666664034,0.0006344347802653128,-0.03549433090922349,-0.2764984936588838,0.2011858561572959,0.02909305272860262,0.7564102564103695,0.49442379182164786,-0.05503319703268861,0.004674847170554889,,,,h3_er_8;h3_atr_change_4;h3_slope_atr_8,,,,,,,,0,0.46666666666607454,0.19691119691114195,0.0007246080440072232,-0.03912197808688156,-0.27117487747811597,0.19552457399395912,0.03386536739110492,0.7564102564100849,0.5037593984963071,-0.0674070776725012,0.00317426372220496,0.6981132075471836,0.017254098247201144,-0.38779719778709093,,S1,1.6049467683975723e-05,0.7816428538867508,0.21834109664556547,0.7816428538867508,0.524989589377012,0.5633017572411854,both,False,
2026-08-07 00:00:00+00:00,2.0,0.7857142857145123,0.04918032786880472,0.0005006168088299733,-0.0421554971199789,-0.28197751275002025,0.10890973615011332,0.06131892707611459,0.7777777777778806,0.2162162162163257,-0.10588994291692422,0.009592677286439227,,,,h3_er_8;h3_atr_change_4;h3_slope_atr_8,,,,,,,,0,0.7931034482759677,0.041474654377849064,0.0006056745113293882,-0.04815183642924259,-0.2876120956972631,0.10270785902477862,0.06931102251179858,0.8076923076921873,0.22758620689655384,-0.11374077584450037,0.011154349303944313,0.8367346938776111,-0.0034468142197029428,-0.38200712845123563,,S2,7.905267287528722e-06,0.3121754626619436,0.6878166320707682,0.6878166320707682,0.6209280633701229,0.3756411694088245,both,False,
2026-08-07 00:15:00+00:00,2.0,0.5,0.005235602094274923,0.0005275719005251273,0.017477335632754443,-0.25937305085323936,-0.1834953942366033,0.048740964094111335,0.4666666666668147,0.2162162162163257,-0.10588994291692422,0.009592677286439227,,,,h3_er_8;h3_atr_change_4;h3_slope_atr_8,,,,,,,,0,0.5238095238094231,0.0044444444444742695,0.0006300521305461274,0.015519880655926466,-0.27105097847805304,-0.19853055278497433,0.056848926324678715,0.5,0.22758620689655384,-0.11374077584450037,0.011154349303944313,0.8367346938776111,-0.0034468142197029428,-0.38200712845123563,,S2,3.373345097073151e-06,0.020394083754400584,0.9796025429005029,0.9796025429005029,0.0996146865402132,0.9592084591461023,both,False,
2026-08-07 00:30:00+00:00,2.0,0.350000000000111,0.05882352941179265,0.0005247078713230769,-0.008625088282132598,-0.2244821801476854,-0.3470471767310224,0.033230334242558564,0.5166666666667777,0.2162162162163257,-0.10588994291692422,0.009592677286439227,,,,h3_er_8;h3_atr_change_4;h3_slope_atr_8,,,,,,,,0,0.3809523809523558,0.04035874439458936,0.0006290947254047696,-0.015240679130893553,-0.24128480244061978,-0.3613640852917499,0.04380001219559172,0.5441176470587851,0.22758620689655384,-0.11374077584450037,0.011154349303944313,0.8367346938776111,-0.0034468142197029428,-0.38200712845123563,,S2,2.565699936641359e-06,0.2926735079112599,0.7073239263888027,0.7073239263888027,0.6045628794754441,0.4146504184775428,both,False,
2026-08-07 00:45:00+00:00,2.0,0.7073170731709959,0.07262569832399463,0.000510738538675131,-0.008078689961819263,-0.18837723508115534,-0.361536154457313,0.024868473622533836,0.38333333333329633,0.2162162162163257,-0.10588994291692422,0.009592677286439227,,,,h3_er_8;h3_atr_change_4;h3_slope_atr_8,,,,,,,,0,0.6666666666664904,0.04629629629629725,0.0006210801474968988,-0.01980513067260714,-0.21308024794197422,-0.36090417467805885,0.03692362444921416,0.4558823529412149,0.22758620689655384,-0.11374077584450037,0.011154349303944313,0.8367346938776111,-0.0034468142197029428,-0.38200712845123563,,S2,1.1951299374820078e-06,0.06443217950172524,0.9355666253683369,0.9355666253683369,0.23900995570818404,0.8711344458666117,both,False,
2026-08-07 01:00:00+00:00,2.0,0.8928571428572136,0.30285714285711096,0.0004988165951319659,0.03686566838576355,-0.11519674576789107,-0.2886935068593991,0.022826415553833534,0.08333333333351838,0.08629441624366511,-0.09598626150667489,-0.06258640338939052,,,,h3_er_8;h3_atr_change_4;h3_slope_atr_8,,,,,,,,0,0.8928571428572136,0.21860465116278974,0.0006188424503123592,0.036676365687047685,-0.14163020991041086,-0.2582943166583025,0.032149164733260016,0.19117647058817766,0.07291666666669316,-0.1009182090901175,-0.055298012601259626,0.8367346938776111,-0.0034468142197029428,-0.38200712845123563,,S2,3.381104611729588e-06,7.264265038537013e-05,0.9999239762450028,0.9999239762450028,0.0008108951133257129,0.9998513335946174,both,False,
2026-08-07 01:15:00+00:00,2.0,0.1186440677966612,0.04000000000001015,0.0004988437273271639,0.03837137088345943,-0.05402349218679492,-0.021664308712456067,0.023310371384363746,0.6249999999999566,0.08629441624366511,-0.09598626150667489,-0.06258640338939052,,,,h3_er_8;h3_atr_change_4;h3_slope_atr_8,,,,,,,,0,0.12727272727274194,0.0132158590308258,0.0006501974882160864,0.038199451169666165,-0.0811696729203687,-0.02163396959636736,0.04045764412266704,0.6029411764706074,0.07291666666669316,-0.1009182090901175,-0.055298012601259626,0.8367346938776111,-0.0034468142197029428,-0.38200712845123563,,S2,1.363007837305407e-06,0.08574993348177017,0.9142487035103917,0.9142487035103917,0.2926124923834377,0.8284987700286215,both,False,
2026-08-07 01:30:00+00:00,2.0,0.01639344262305823,0.09638554216863764,0.00048575776580344585,-0.035321390240972805,-0.039941860682903285,0.19088909217414646,0.0075408897427702215,0.5468749999997886,0.08629441624366511,-0.09598626150667489,-0.06258640338939052,,,,h3_er_8;h3_atr_change_4;h3_slope_atr_8,,,,,,,,0,0.0,0.19786096256683094,0.0005273333750669824,-0.03279648286357251,-0.06672689423913747,0.1714845227851475,0.007675138487848948,0.5692307692307061,0.07291666666669316,-0.1009182090901175,-0.055298012601259626,0.8367346938776111,-0.0034468142197029428,-0.38200712845123563,,S2,3.391266885480397e-07,0.11358736161148224,0.8864122992618294,0.8864122992618294,0.3539558213722138,0.7728249376503472,both,False,
2026-08-07 01:45:00+00:00,2.0,0.45882352941188764,0.2307692307692483,0.0005589300094849077,0.0782883636099434,0.07331615892991428,0.5762143980945577,0.01704957556377203,1.046874999999962,0.08629441624366511,-0.09598626150667489,-0.06258640338939052,,,,h3_er_8;h3_atr_change_4;h3_slope_atr_8,,,,,,,,0,0.45679012345665476,0.2346938775510632,0.0005603375054333767,0.07768840490640105,0.046727661318502145,0.5569289110058763,0.014345446922163555,1.046153846153804,0.07291666666669316,-0.1009182090901175,-0.055298012601259626,0.8367346938776111,-0.0034468142197029428,-0.38200712845123563,,S1,9.835914048554537e-05,0.9997554853681447,0.00014615549136838654,0.9997554853681447,0.002442708906839002,0.9996093298767763,both,False,
2026-08-07 02:00:00+00:00,2.0,0.27835051546387035,0.12149532710287161,0.0006091508867626891,0.027747744938825036,0.1516464923375922,0.07768144962514673,-0.009735015426139648,0.4868421052632156,0.05940594059401152,-0.07639853097362392,-0.057805542242317876,,,,h3_er_8;h3_atr_change_4;h3_slope_atr_8,,,,,,,,0,0.26881720430113687,0.12037037037043033,0.0006117373770617105,0.019992767112754883,0.12166486688016342,0.0746104184970304,-0.014363503026140307,0.48717948717954557,0.06185567010304559,-0.09188767226212402,-0.05293574194709091,0.8367346938776111,-0.0034468142197029428,-0.38200712845123563,,S2,4.468854877127636e-07,0.058932975159510494,0.9410665779550021,0.9410665779550021,0.22402836963243397,0.8821336027954917,both,False,
2026-08-07 02:15:00+00:00,2.0,0.08571428571419508,0.010416666666619685,0.0005697804982688698,-0.03041662597433159,0.09743701664971294,-0.11495245888696821,-0.020388181210789953,0.4473684210527161,0.05940594059401152,-0.07639853097362392,-0.057805542242317876,,,,h3_er_8;h3_atr_change_4;h3_slope_atr_8,,,,,,,,0,0.06060606060611158,0.010526315789424477,0.0005651279915615,-0.03024749628412604,0.07111375533544373,-0.10491489259245601,-0.02396585291571719,0.46052631578951214,0.06185567010304559,-0.09188767226212402,-0.05293574194709091,0.8367346938776111,-0.0034468142197029428,-0.38200712845123563,,S2,9.611997461237294e-07,0.1545187899839405,0.8454802488163137,0.8454802488163137,0.4304820787574998,0.6909614588323731,both,False,
2026-08-07 02:30:00+00:00,2.0,0.12000000000018948,0.01522842639603864,0.0005747168325169099,-0.01420115683108758,0.09126439319447965,-0.2544184004501244,-0.018759199869766752,0.5789473684211449,0.05940594059401152,-0.07639853097362392,-0.057805542242317876,,,,h3_er_8;h3_atr_change_4;h3_slope_atr_8,,,,,,,,0,0.12676056338017597,0.010309278350468265,0.0005688478998568549,-0.016473151499156513,0.06977320635180773,-0.23823439812256486,-0.021961906762812965,0.5789473684209757,0.06185567010304559,-0.09188767226212402,-0.05293574194709091,0.8367346938776111,-0.0034468142197029428,-0.38200712845123563,,S2,1.734044915947668e-06,0.27698033984101195,0.7230179261140713,0.7230179261140713,0.5901028732471985,0.4460375862730594,both,False,
2026-08-07 02:45:00+00:00,2.0,0.6296296296296601,0.038461538461468665,0.0005825927098196056,-0.02347272213738827,0.07432861511321032,-0.007237051079410265,-0.02634073738442683,0.4342105263157856,0.05940594059401152,-0.07639853097362392,-0.057805542242317876,,,,h3_er_8;h3_atr_change_4;h3_slope_atr_8,,,,,,,,0,0.6470588235295655,0.049019607843136186,0.0005767384851834999,-0.023172136840895474,0.06609849523346889,0.0,-0.028157134685684006,0.4342105263159509,0.06185567010304559,-0.09188767226212402,-0.05293574194709091,0.8367346938776111,-0.0034468142197029428,-0.38200712845123563,,S2,1.2758286617846685e-06,0.08491967533498002,0.915079048836358,0.915079048836358,0.2906419656892591,0.830159373501378,both,False,
2026-08-07 03:00:00+00:00,2.0,0.07692307692360248,0.01449275362317597,0.000582269400757527,-0.004227382834506632,0.03175083271158097,-0.029071098982459753,-0.03388065579918655,0.4605263157893545,0.1065989847715942,-0.07985381587383822,-0.041961565939432136,0.8256410256410227,,,h3_atr_change_4;h3_slope_atr_8,,,,,,,,0,0.04347826086990101,0.014925373134318465,0.000575365522408936,-0.0038269770174887974,0.024445618657456203,-0.040194768838467225,-0.03584212675839511,0.46052631578951214,0.11827956989241407,-0.09635580758597395,-0.035654273054501834,0.8341968911917635,-0.04533847977989891,-0.3550365494795159,,S2,3.104083807133201e-07,0.13658090296986142,0.8634187866217578,0.8634187866217578,0.39871286639220116,0.7268378836518963,both,False,
2026-08-07 03:15:00+00:00,2.0,0.11111111111184212,0.11224489795924147,0.0005685912729276777,0.0012491760270592067,-0.005134675237839614,-0.13428608583403936,-0.030529269116438485,0.40789473684192457,0.1065989847715942,-0.07985381587383822,-0.041961565939432136,0.8256410256410227,,,h3_atr_change_4;h3_slope_atr_8,,,,,,,,0,0.15384615384648231,0.12169312169311423,0.0005594367041197891,-0.006177323314113359,-0.01934326231222605,-0.1360409550565705,-0.03190149582008806,0.4078947368420976,0.11827956989241407,-0.09635580758597395,-0.035654273054501834,0.8341968911917635,-0.04533847977989891,-0.3550365494795159,,S2,2.5790982299966204e-07,0.06396751934132747,0.9360322227488498,0.9360322227488498,0.23775168346362785,0.8720647034075223,both,False,
2026-08-07 03:30:00+00:00,2.0,0.4999999999994449,0.08163265306118518,0.00056859146953557,-0.02995024375785682,0.00040454511618603917,-0.0037414098068399835,-0.025969785718473817,0.4473684210527161,0.1065989847715942,-0.07985381587383822,-0.041961565939432136,0.8256410256410227,,,h3_atr_change_4;h3_slope_atr_8,,,,,,,,0,0.5000000000005551,0.08994708994710486,0.0005594369144538465,-0.03203447247399771,-0.01857065281537784,-0.0037984643716408428,-0.026421671289620363,0.44736842105258545,0.11827956989241407,-0.09635580758597395,-0.035654273054501834,0.8341968911917635,-0.04533847977989891,-0.3550365494795159,,S2,6.877445656232648e-07,0.08169651469436776,0.9183027975610666,0.9183027975610666,0.2829038096555301,0.8366062828666988,both,False,
2026-08-07 03:45:00+00:00,2.0,0.11111111111165937,0.12169312169308565,0.0005653371484813775,-0.036686908935951834,-0.10626616479095863,2.5871958041734663e-13,-0.012622668564570295,0.4473684210527161,0.1065989847715942,-0.07985381587383822,-0.041961565939432136,0.8256410256410227,,,h3_atr_change_4;h3_slope_atr_8,,,,,,,,0,0.11111111110946634,0.12568306010927902,0.000557008606902675,-0.036157116550796564,-0.12224749975457683,-8.750684734648118e-14,-0.012750158400368337,0.44736842105258545,0.11827956989241407,-0.09635580758597395,-0.035654273054501834,0.8341968911917635,-0.04533847977989891,-0.3550365494795159,,S2,3.300831670059948e-07,0.07928193379866086,0.9207177361181728,0.9207177361181728,0.2770173214040336,0.8414358023195119,both,False,
2026-08-07 04:00:00+00:00,2.0,0.6799999999997869,0.03921568627454822,0.0005859463327001673,-0.0187185268732164,-0.14667343351905826,0.24935309791612628,0.02310765169763827,0.6842105263157126,0.004784688995140078,-0.06882471332206819,-0.0019437147189603297,0.8256410256410227,,,h3_atr_change_4;h3_slope_atr_8,,,,,,,,0,0.692307692307561,0.0404040404039713,0.00057986616123617,-0.015129170699723415,-0.15247160498586343,0.2640988276119737,0.02542127752412344,0.6973684210527316,0.0050251256281732245,-0.08586214437862616,0.00619208145676315,0.8341968911917635,-0.04533847977989891,-0.3550365494795159,,S2,1.8639798919988093e-06,0.20887058900397776,0.7911275470161309,0.7911275470161309,0.5124824541848165,0.582256958012153,both,False,
2026-08-07 04:15:00+00:00,2.0,0.2727272727277621,0.037037037037045736,0.0005470573651766508,-0.017713051469288144,-0.13549306687414042,0.14505688458599642,0.023228063218042275,0.5263157894737149,0.004784688995140078,-0.06882471332206819,-0.0019437147189603297,0.8256410256410227,,,h3_atr_change_4;h3_slope_atr_8,,,,,,,,0,0.29411764705859306,0.04972375690603262,0.0005326804385982598,-0.017122535447806175,-0.141000866885569,0.1628482708119925,0.02556478368994486,0.5394736842104879,0.0050251256281732245,-0.08586214437862616,0.00619208145676315,0.8341968911917635,-0.04533847977989891,-0.3550365494795159,,S2,3.5571278407585444e-07,0.04480369271183868,0.955195951575377,0.955195951575377,0.18292658088270114,0.9103922588635383,both,False,
2026-08-07 04:30:00+00:00,2.0,0.24999999999982653,0.03191489361699615,0.0005467129547208474,-0.028256879587437167,-0.1478193846185375,0.04975830941965497,0.027684157446790432,0.5526315789472839,0.004784688995140078,-0.06882471332206819,-0.0019437147189603297,0.8256410256410227,,,h3_atr_change_4;h3_slope_atr_8,,,,,,,,0,0.27272727272739505,0.044444444444482825,0.0005323267166609038,-0.0307165037255831,-0.15344081932183784,0.063003344005467,0.02995747239468505,0.5657894736843412,0.0050251256281732245,-0.08586214437862616,0.00619208145676315,0.8341968911917635,-0.04533847977989891,-0.3550365494795159,,S2,4.172531034173352e-07,0.08905904553124627,0.9109405372156498,0.9109405372156498,0.30036188316578943,0.8218814916844035,both,False,
2026-08-07 04:45:00+00:00,2.0,0.5200000000001421,0.16161616161622167,0.0005643357127952412,0.005578336006861084,-0.1224675596689716,0.10721160803614387,0.038688351768663656,0.7894736842105724,0.004784688995140078,-0.06882471332206819,-0.0019437147189603297,0.8256410256410227,,,h3_atr_change_4;h3_slope_atr_8,,,,,,,,0,0.5199999999998934,0.16230366492145745,0.0005499313243041444,0.0035754095301179234,-0.13026029612528756,0.09626095513853826,0.04185258919064064,0.7894736842106339,0.0050251256281732245,-0.08586214437862616,0.00619208145676315,0.8341968911917635,-0.04533847977989891,-0.3550365494795159,,S1,2.377398737835807e-06,0.8664067926363618,0.13359082996489954,0.8664067926363618,0.3931889858594957,0.7328159626714622,both,False,
2026-08-07 05:00:00+00:00,2.0,0.0810810810810162,0.24324324324313945,0.0005440059690505322,-0.02430258987426781,-0.1401589935566585,0.2662526010852011,0.02343072609922859,0.723684210526212,0.04000000000003553,-0.10026531235073988,0.06672998512270963,0.8256410256410227,,,h3_atr_change_4;h3_slope_atr_8,,,,,,,,0,0.02702702702657288,0.24022346368705796,0.0005298314173272601,-0.026586511581432104,-0.15013121251760775,0.24077589046797965,0.02636647750134838,0.7105263157893661,0.020618556701050988,-0.11478170778379448,0.06265809479384997,0.8341968911917635,-0.04533847977989891,-0.3550365494795159,,S1,1.0027752070559816e-06,0.5292386325666883,0.4707603646581052,0.5292386325666883,0.6914505078409563,0.058478267908583126,both,False,
2026-08-07 05:15:00+00:00,2.0,0.7222222222217425,0.15662650602403191,0.0004870746459221168,-0.01105383195344567,-0.15072442623567828,0.2863224888141933,0.044054447905768485,0.8611111111111368,0.04000000000003553,-0.10026531235073988,0.06672998512270963,0.8256410256410227,,,h3_atr_change_4;h3_slope_atr_8,,,,,,,,0,0.6842105263152974,0.17073170731705337,0.0004841239523904464,-0.01307727144265669,-0.1560317123625613,0.28753171548619366,0.04734535154731599,0.8732394366198241,0.020618556701050988,-0.11478170778379448,0.06265809479384997,0.8341968911917635,-0.04533847977989891,-0.3550365494795159,,S1,5.144711818322654e-06,0.9309701326398465,0.06902472264833547,0.9309701326398465,0.2511762970459092,0.861945409991511,both,False,
2026-08-07 05:30:00+00:00,2.0,0.10769230769228667,0.0,0.0005547384000917878,0.03540817812899366,-0.09350332918255977,-0.26414904251733695,0.025674412910078874,0.3050847457625205,0.04000000000003553,-0.10026531235073988,0.06672998512270963,0.8256410256410227,,,h3_atr_change_4;h3_slope_atr_8,,,,,,,,0,0.10447761194025894,0.005235602094273705,0.000552760757831042,0.03437314206204034,-0.09813097196190534,-0.2484943943610765,0.029234634630730012,0.29824561403511507,0.020618556701050988,-0.11478170778379448,0.06265809479384997,0.8341968911917635,-0.04533847977989891,-0.3550365494795159,,S2,8.366266955653493e-07,0.005645750931108851,0.9943534124421956,0.9943534124421956,0.03486954051400985,0.9887076615110867,both,False,
2026-08-07 05:45:00+00:00,2.0,0.07462686567178028,0.06666666666673246,0.0005106296437576507,0.025858464320019703,-0.03464689594448733,-0.124722071240225,0.05851524120327053,0.6440677966100165,0.04000000000003553,-0.10026531235073988,0.06672998512270963,0.8256410256410227,,,h3_atr_change_4;h3_slope_atr_8,,,,,,,,0,0.08823529411786796,0.06741573033713331,0.000507516440932824,0.03085725675882145,-0.03542553650229663,-0.1266565767650735,0.060083765068815534,0.6140350877190796,0.020618556701050988,-0.11478170778379448,0.06265809479384997,0.8341968911917635,-0.04533847977989891,-0.3550365494795159,,S2,8.064367115472081e-07,0.12775641114307643,0.8722427824202128,0.8722427824202128,0.38211138428602026,0.7444863712771363,both,False,
2026-08-07 06:00:00+00:00,2.0,0.17333333333327808,0.030674846625694998,0.00045353135932298734,0.00616350054120729,-0.010168758878299378,-0.20792964181408033,0.05139437413613225,0.4464285714284086,0.19254658385093854,-0.12170491560040031,0.02612057722387536,0.7670454545454549,,,h3_atr_change_4;h3_slope_atr_8,,,,,,,,0,0.15068493150664097,0.04402515723270792,0.00044598841743301884,0.004448640458309727,-0.01625118781371193,-0.2196504395009208,0.05246008590476202,0.4444444444444901,0.2101910828026721,-0.13177206308606348,0.02419439171594565,0.7714285714285859,-0.12359391853082369,-0.29938678805528035,,S2,5.277674507087651e-07,0.12342862174721471,0.8765708504853339,0.8765708504853339,0.3737091585670661,0.7531422287381192,both,False,
2026-08-07 06:15:00+00:00,2.0,0.1282051282051136,0.126436781609125,0.000468801152113509,0.02568142612194846,0.03355900282739177,0.19492636095997784,0.052056804632800706,0.6964285714285077,0.19254658385093854,-0.12170491560040031,0.02612057722387536,0.7670454545454549,,,h3_atr_change_4;h3_slope_atr_8,,,,,,,,0,0.15068493150699097,0.12280701754387788,0.0004599546855940442,0.021545159577102124,0.022450787175679165,0.19510878591593944,0.05375446142582562,0.6851851851851699,0.2101910828026721,-0.13177206308606348,0.02419439171594565,0.7714285714285859,-0.12359391853082369,-0.29938678805528035,,S2,1.3604236550703193e-06,0.4863851906822656,0.5136134488940798,0.5136134488940798,0.6927952388788983,0.027228258211814182,both,False,
2026-08-07 06:30:00+00:00,2.0,0.5000000000002135,0.10059171597632204,0.00046273561049784356,0.028819271350788656,0.09426596170340962,0.12125829529880514,0.06369404022347856,0.7857142857144274,0.19254658385093854,-0.12170491560040031,0.02612057722387536,0.7670454545454549,,,h3_atr_change_4;h3_slope_atr_8,,,,,,,,0,0.5319148936172625,0.10179640718562714,0.00045534536952843336,0.03380503030448834,0.09051146654595077,0.13095467964014232,0.0648542855484266,0.7777777777775493,0.2101910828026721,-0.13177206308606348,0.02419439171594565,0.7714285714285859,-0.12359391853082369,-0.29938678805528035,,S1,5.312024601587664e-06,0.7859145827310249,0.21408010524437393,0.7859145827310249,0.519381118960168,0.571834477486651,both,False,
2026-08-07 06:45:00+00:00,2.0,0.2692307692306707,0.0449438202246308,0.000484906736503087,0.001651204755850344,0.08999247459529691,0.007566150192945923,0.04767787290722767,0.42857142857114533,0.19254658385093854,-0.12170491560040031,0.02612057722387536,0.7670454545454549,,,h3_atr_change_4;h3_slope_atr_8,,,,,,,,0,0.25,0.05142857142852358,0.0004747756881393357,0.008354741797597987,0.09570481483909044,0.007639391307434964,0.048644947590761094,0.42592592592584977,0.2101910828026721,-0.13177206308606348,0.02419439171594565,0.7714285714285859,-0.12359391853082369,-0.29938678805528035,,S2,7.081099819874589e-07,0.056593290623687564,0.9434060012663307,0.9434060012663307,0.21749977159838205,0.8868127106426431,both,False,
2026-08-07 07:00:00+00:00,2.0,0.0499999999997502,0.02824858757067675,0.0004846736319247304,0.017743912988681387,0.1369643853824314,-0.25276408267174605,0.031376856283206654,0.41071428571427865,0.014705882353037216,-0.10417200812956517,0.01911452840721261,0.7670454545454549,,,h3_atr_change_4;h3_slope_atr_8,,,,,,,,0,0.02702702702722166,0.04046242774566771,0.00047445823748222445,0.01860711183901964,0.14657617769873532,-0.2287451483229354,0.033252971176174144,0.42592592592584977,0.03076923076926493,-0.11418419543033131,0.01962941325372444,0.7714285714285859,-0.12359391853082369,-0.29938678805528035,,S2,6.029686239202952e-07,0.13000054070170747,0.8699988563296689,0.8699988563296689,0.3863968884915997,0.7399983156279615,both,False,
2026-08-07 07:15:00+00:00,,,,,,,,,,,,,,,,,,,,,,,,0,0.3103448275870518,0.09195402298846614,0.00047517182004236044,0.08124676176125845,0.2561589102943902,-0.14566208664941727,0.016983709682856094,0.5185185185182292,0.03076923076926493,-0.11418419543033131,0.01962941325372444,0.7714285714285859,-0.12359391853082369,-0.29938678805528035,,S2,1.6372802329908883e-05,0.07509173249948727,0.9248918946981833,0.9248918946981833,0.2668103837663429,0.849800162198696,right_only,False,
2026-08-07 07:30:00+00:00,,,,,,,,,,,,,,,,,,,,,,,,0,0.6153846153850753,0.0635838150289329,0.000474775219951812,-0.007020165767241071,0.20589023031623999,0.04889729600659825,0.0026708607062365707,0.6363636363636364,0.03076923076926493,-0.11418419543033131,0.01962941325372444,0.7714285714285859,-0.12359391853082369,-0.29938678805528035,,S2,5.531820873243978e-06,0.22380523509739073,0.7761892330817366,0.7761892330817366,0.5317531948765415,0.5523839979843459,right_only,False,
2026-08-07 07:45:00+00:00,,,,,,,,,,,,,,,,,,,,,,,,0,0.6774193548392642,0.06598984771571659,0.0005184635893329307,0.023372308584363566,0.19713438578119602,-0.22183828712837064,-0.03066588086776163,0.32467532467536586,0.03076923076926493,-0.11418419543033131,0.01962941325372444,0.7714285714285859,-0.12359391853082369,-0.29938678805528035,,S2,2.4310497261220925e-06,0.028226396422973823,0.9717711725273002,0.9717711725273002,0.1285556220167337,0.9435447761043263,right_only,False,
2026-08-07 08:00:00+00:00,,,,,,,,,,,,,,,,,,,,,,,,0,0.03703703703688474,0.04477611940306092,0.0005305337715640528,0.0041427131975801945,0.19676977177445099,-0.11216094131484643,-0.028989904617943454,0.623376623376541,0.15596330275232348,-0.07388219991191802,0.05624158422259589,0.7714285714285859,-0.12359391853082369,-0.29938678805528035,,S2,1.42028284221316e-06,0.16830235841104985,0.8316962213061081,0.8316962213061081,0.45320442865676813,0.6633938628950582,right_only,False,
2026-08-07 08:15:00+00:00,3.0,,,,,,,,,,,,,,,er_4;er_16;rv_16;atr_change_1;atr_change_8;slope_atr_4;slope_atr_16;range_pos_16;h1_er_8;h1_atr_change_4;h1_slope_atr_8;h3_er_8;h3_atr_change_4;h3_slope_atr_8,,,,,,,,0,0.46511627906979147,0.1504424778761288,0.0006113653363341639,0.042674550688276636,0.22152346605882478,-0.2966335876450141,-0.06183861151618472,0.14285714285718407,0.15596330275232348,-0.07388219991191802,0.05624158422259589,0.7714285714285859,-0.12359391853082369,-0.29938678805528035,,S2,1.6097280704144987e-06,0.0008916936957450911,0.9991066965761841,0.9991066965761841,0.007176196185999157,0.9982150028804391,both,False,
2026-08-07 08:30:00+00:00,3.0,,,,,,,,,,,,,,,er_4;er_16;rv_16;atr_change_1;atr_change_8;slope_atr_4;slope_atr_16;range_pos_16;h1_er_8;h1_atr_change_4;h1_slope_atr_8;h3_er_8;h3_atr_change_4;h3_slope_atr_8,,,,,,,,0,0.35555555555570356,0.13043478260880478,0.0006133346769946367,-0.010891104562271714,0.1687114019060736,-0.20103175285550678,-0.08762425486083361,0.22077922077917958,0.15596330275232348,-0.07388219991191802,0.05624158422259589,0.7714285714285859,-0.12359391853082369,-0.29938678805528035,,S2,1.6171521486601095e-06,0.010478276812333211,0.9895201060355173,0.9895201060355173,0.05821106333602392,0.9790418292231841,both,False,
2026-08-07 08:45:00+00:00,3.0,,,,,,,,,,,,,,,er_4;er_16;rv_16;atr_change_1;atr_change_8;slope_atr_4;slope_atr_16;range_pos_16;h1_er_8;h1_atr_change_4;h1_slope_atr_8;h3_er_8;h3_atr_change_4;h3_slope_atr_8,,,,,,,,0,0.35087719298244247,0.003831417624461749,0.0007266185225721683,0.053333523434904384,0.22084307022118632,0.17833795151562204,-0.057835605019411616,0.8441558441557205,0.15596330275232348,-0.07388219991191802,0.05624158422259589,0.7714285714285859,-0.12359391853082369,-0.29938678805528035,,S1,3.321217954746491e-05,0.824092385966932,0.17587440185352052,0.824092385966932,0.4654489315660352,0.6482179841134115,both,False,
2026-08-07 09:00:00+00:00,3.0,,,,,,,,,,,,,,,er_4;er_16;rv_16;atr_change_1;atr_change_8;slope_atr_4;slope_atr_16;range_pos_16;h1_er_8;h1_atr_change_4;h1_slope_atr_8;h3_er_8;h3_atr_change_4;h3_slope_atr_8,,,,,,,,0,0.12500000000014455,0.007692307692360247,0.0007260482683829921,-0.0110886630210274,0.18525144658988912,0.6169446092173176,-0.04117616735728007,0.7792207792208204,0.6338028169015053,-0.021398980425969105,0.027357518041334794,0.6490066225165865,-0.1217493515292033,-0.22626401740320048,,S2,2.4267182503484964e-05,0.21568878619627996,0.7842869466212151,0.7842869466212151,0.5216732332079543,0.5685981604249352,both,False,
2026-08-07 09:15:00+00:00,3.0,0.908256880734143,,,,,,,,,,,,,,er_16;rv_16;atr_change_1;atr_change_8;slope_atr_4;slope_atr_16;range_pos_16;h1_er_8;h1_atr_change_4;h1_slope_atr_8;h3_er_8;h3_atr_change_4;h3_slope_atr_8,,,,,,,,0,0.9074074074076016,0.1283783783783642,0.0008337571151426577,0.05738403928710056,0.15909337857773842,0.8108641553400155,0.019316766018771667,1.4155844155841684,0.6338028169015053,-0.021398980425969105,0.027357518041334794,0.6490066225165865,-0.1217493515292033,-0.22626401740320048,,S1,0.0019359606508646812,0.9980640319708773,7.378258518062497e-09,0.9980640319708773,0.014028470695613672,0.9961280713200127,both,False,
2026-08-07 09:30:00+00:00,3.0,0.7043478260869465,,,,,,,,,,,,,,er_16;rv_16;atr_change_1;atr_change_8;slope_atr_4;slope_atr_16;range_pos_16;h1_er_8;h1_atr_change_4;h1_slope_atr_8;h3_er_8;h3_atr_change_4;h3_slope_atr_8,,,,,,,,0,0.7168141592924457,0.21014492753633507,0.0007949101975851475,-0.015860653561326266,0.14877398385061502,0.44997038524317223,0.04448733439157593,0.8828828828829334,0.6338028169015053,-0.021398980425969105,0.027357518041334794,0.6490066225165865,-0.1217493515292033,-0.22626401740320048,,S1,3.2241455736948456e-05,0.9986020085614045,0.0013657499828583091,0.9986020085614045,0.010739020539331347,0.9972362585785461,both,False,
2026-08-07 09:45:00+00:00,3.0,0.5,,,,,,,,,,,,,,er_16;rv_16;atr_change_1;atr_change_8;slope_atr_4;slope_atr_16;range_pos_16;h1_er_8;h1_atr_change_4;h1_slope_atr_8;h3_er_8;h3_atr_change_4;h3_slope_atr_8,,,,,,,,0,0.5223880597019872,0.16153846153856796,0.0007796023144283328,-0.017136777842325146,0.10330100768526518,0.33717520462626344,0.08056358437574906,0.8403361344538584,0.6338028169015053,-0.021398980425969105,0.027357518041334794,0.6490066225165865,-0.1217493515292033,-0.22626401740320048,,S1,1.5934518189244962e-05,0.9941082567558117,0.005875808725998804,0.9941082567558117,0.036233891569294185,0.9882324480298129,both,False,
2026-08-07 10:00:00+00:00,3.0,0.6923076923074734,,,,,,,,,,,,,,er_16;rv_16;atr_change_1;atr_change_8;slope_atr_4;slope_atr_16;range_pos_16;h1_er_8;h1_atr_change_4;h1_slope_atr_8;h3_er_8;h3_atr_change_4;h3_slope_atr_8,,,,,,,,0,0.7105263157897812,0.25475285171110174,0.0007832077776276338,0.012533799317163696,0.11252070688701465,0.05193600307982242,0.1116893630244581,0.9579831932774097,0.7400000000000444,0.0227134188364555,0.09633154435320657,0.6490066225165865,-0.1217493515292033,-0.22626401740320048,,S1,4.634621602876764e-05,0.9999513297229601,2.3240610111229668e-06,0.9999513297229601,0.0005413233439616577,0.9999049835069314,both,False,
2026-08-07 10:15:00+00:00,3.0,0.3333333333333333,,,,,,,,,,,,,,er_16;rv_16;atr_change_1;atr_change_8;slope_atr_4;slope_atr_16;range_pos_16;h1_er_8;h1_atr_change_4;h1_slope_atr_8;h3_er_8;h3_atr_change_4;h3_slope_atr_8,,,,,,,,0,0.37254901960782605,0.10948905109491536,0.0008025151151126085,0.0005835336819983716,0.06761011809158735,-0.030532773145443125,0.1314705290730552,0.656934306569388,0.7400000000000444,0.0227134188364555,0.09633154435320657,0.6490066225165865,-0.1217493515292033,-0.22626401740320048,,S1,1.7885298893027376e-05,0.9946684631525242,0.005313651548583494,0.9946684631525242,0.03334293507736771,0.9893548116039407,both,False,
2026-08-07 10:30:00+00:00,3.0,0.04000000000024869,,,,,,,,,,,,,,er_16;rv_16;atr_change_1;atr_change_8;slope_atr_4;slope_atr_16;range_pos_16;h1_er_8;h1_atr_change_4;h1_slope_atr_8;h3_er_8;h3_atr_change_4;h3_slope_atr_8,,,,,,,,0,0.039999999999822365,0.12544802867389787,0.0008060235060158725,-0.016905762240425504,0.061118103487662,-0.07453879062083911,0.16191177251891722,0.729927007299302,0.7400000000000444,0.0227134188364555,0.09633154435320657,0.6490066225165865,-0.1217493515292033,-0.22626401740320048,,S1,1.4168610701246501e-05,0.9994507414835341,0.0005350899057649587,0.9994507414835341,0.004738165646854351,0.9989156515777691,both,False,
2026-08-07 10:45:00+00:00,3.0,0.28124999999967476,,,,,,,,,,,,,,er_16;rv_16;atr_change_1;atr_change_8;slope_atr_4;slope_atr_16;range_pos_16;h1_er_8;h1_atr_change_4;h1_slope_atr_8;h3_er_8;h3_atr_change_4;h3_slope_atr_8,,,,,,,,0,0.261538461538451,0.13357400722024496,0.0008026443283421291,-0.00931291257786393,-0.001991316172081703,-0.26020323420302655,0.1620046358946494,0.6058394160584321,0.7400000000000444,0.0227134188364555,0.09633154435320657,0.6490066225165865,-0.1217493515292033,-0.22626401740320048,,S1,2.4885502165440198e-05,0.9983281121634986,0.0016470023343365529,0.9983281121634986,0.012489612206658628,0.996681109829162,both,False,
2026-08-07 11:00:00+00:00,3.0,0.322580645161221,,,,,,,,,,,,,,er_16;rv_16;atr_change_1;atr_change_8;slope_atr_4;slope_atr_16;range_pos_16;h1_er_8;h1_atr_change_4;h1_slope_atr_8;h3_er_8;h3_atr_change_4;h3_slope_atr_8,,,,,,,,0,0.322580645161221,0.16666666666671806,0.0008082977879515631,0.0024673556687004883,0.011689409151395491,-0.015636313280439695,0.16436524607185155,0.6861313868613861,0.462184873949699,0.015657239397466105,0.11322776862079334,0.6490066225165865,-0.1217493515292033,-0.22626401740320048,,S1,6.088006472216425e-06,0.9985014041516862,0.0014925078418414556,0.9985014041516862,0.011282776903968972,0.9970088963098448,both,False,
2026-08-07 11:15:00+00:00,3.0,0.2916666666667052,,,,,,,,,,,,,,er_16;rv_16;atr_change_1;atr_change_8;slope_atr_4;slope_atr_16;range_pos_16;h1_er_8;h1_atr_change_4;h1_slope_atr_8;h3_er_8;h3_atr_change_4;h3_slope_atr_8,,,,,,,,0,0.3199999999999112,0.18644067796616037,0.000813817366263955,-0.008883318306703525,-0.05171421844194357,0.09150347149014612,0.17646435196611182,0.773722627737218,0.462184873949699,0.015657239397466105,0.11322776862079334,0.6490066225165865,-0.1217493515292033,-0.22626401740320048,,S1,7.847255602280453e-06,0.9997822752802515,0.0002098774641467993,0.9997822752802515,0.002087397679015441,0.9995723978161047,both,False,
2026-08-07 11:30:00+00:00,3.0,0.14814814814830043,,,,,,,,,,,,,,er_16;rv_16;atr_change_1;atr_change_8;slope_atr_4;slope_atr_16;range_pos_16;h1_er_8;h1_atr_change_4;h1_slope_atr_8;h3_er_8;h3_atr_change_4;h3_slope_atr_8,,,,,,,,0,0.17857142857144273,0.13268608414242877,0.0008253864539637724,0.0006923913222791622,-0.03576422400119861,0.10405259485782233,0.16915502051757614,0.643939393939413,0.462184873949699,0.015657239397466105,0.11322776862079334,0.6490066225165865,-0.1217493515292033,-0.22626401740320048,,S1,2.1623284651076967e-05,0.9900945069020111,0.009883869813338407,0.9900945069020111,0.05572089844302489,0.9802106370886726,both,False,
2026-08-07 11:45:00+00:00,3.0,0.6923076923076172,,,,,0.3893660531696914,,,,,,,,,er_16;rv_16;atr_change_1;atr_change_8;slope_atr_16;range_pos_16;h1_er_8;h1_atr_change_4;h1_slope_atr_8;h3_er_8;h3_atr_change_4;h3_slope_atr_8,,,,,,,,0,0.6559139784947109,0.35103244837765685,0.000925873666985251,0.056948006642781435,0.03691648888668353,0.39975154373350497,0.16727970108166307,1.0530303030303145,0.462184873949699,0.015657239397466105,0.11322776862079334,0.6490066225165865,-0.1217493515292033,-0.22626401740320048,,S1,3.328734150730864e-05,0.9999667124840417,1.7445095270783932e-10,0.9999667124840417,0.00037649446960737274,0.9999334251425344,both,False,
2026-08-07 12:00:00+00:00,3.0,0.681818181818113,,,-0.03257376570257131,,0.6037143288539423,0.18813848353776644,,,,,,,,er_16;rv_16;atr_change_8;range_pos_16;h1_er_8;h1_atr_change_4;h1_slope_atr_8;h3_er_8;h3_atr_change_4;h3_slope_atr_8,,,,,,,,0,0.6521739130435412,0.3251533742332099,0.0009082446492724916,-0.028811136062527387,-0.005424068293795603,0.6082006045442984,0.19338285710443914,1.0567375886525425,0.6024844720497614,0.016779276654311115,0.21719237906141195,0.3209549071618006,-0.09730449741302294,-0.019292560646299247,,S1,2.4938564595770856e-05,0.9999750614316629,3.74167712015022e-12,0.9999750614316629,0.0002892645754627302,0.9999501228670672,both,False,
2026-08-07 12:15:00+00:00,3.0,0.6888888888887902,0.5215946843853394,0.0008587330246969112,0.030036021656141276,,0.6837949050853745,0.17424432702499498,1.072368421052523,,,,,,,atr_change_8;h1_er_8;h1_atr_change_4;h1_slope_atr_8;h3_er_8;h3_atr_change_4;h3_slope_atr_8,,,,,,,,0,0.6521739130435412,0.5149501661130583,0.0008559125897590884,0.033887550570444125,0.027679988000730793,0.7071072798387268,0.17861187345410262,1.0592105263157405,0.6024844720497614,0.016779276654311115,0.21719237906141195,0.3209549071618006,-0.09730449741302294,-0.019292560646299247,,S1,2.993054683705061e-05,0.9999700694531625,6.5670603524049916e-18,0.9999700694531625,0.00034170555991866746,0.9999401389063254,both,False,
2026-08-07 12:30:00+00:00,3.0,0.07042253521127201,0.2354570637119233,0.0010306902724983732,0.08453905398110306,,-0.3178959200350482,0.10608218017835033,0.47395833333333515,,,,,,,atr_change_8;h1_er_8;h1_atr_change_4;h1_slope_atr_8;h3_er_8;h3_atr_change_4;h3_slope_atr_8,,,,,,,,0,0.14285714285709517,0.2613636363636973,0.0009870209319001928,0.09834508519538221,0.1481577458399248,-0.2515663154321468,0.11265588319157671,0.5156249999999295,0.6024844720497614,0.016779276654311115,0.21719237906141195,0.3209549071618006,-0.09730449741302294,-0.019292560646299247,,S1,0.001520505739024331,0.998331151514481,0.00014834274649576254,0.998331151514481,0.01284136688160752,0.9968106457754567,both,False,
2026-08-07 12:45:00+00:00,3.0,0.7582417582417922,0.6410923276983247,0.004073919197717771,0.8784747134379938,,1.616154859374294,0.18399709876255121,2.898936170212924,,,,,,,atr_change_8;h1_er_8;h1_atr_change_4;h1_slope_atr_8;h3_er_8;h3_atr_change_4;h3_slope_atr_8,,,,,,,,0,0.7849056603773681,0.6556291390729115,0.004005631393789466,0.8695299202413,1.1666934860229037,1.679845498957692,0.19092635230970734,2.9042553191487865,0.6024844720497614,0.016779276654311115,0.21719237906141195,0.3209549071618006,-0.09730449741302294,-0.019292560646299247,,S0,1.0,5.077454395730122e-171,8.176566215777329e-289,1.0,1.9909574082928274e-168,1.0,both,False,
2026-08-07 13:00:00+00:00,3.0,0.734317343173482,0.6389610389610403,0.004074018031982679,0.03131874573434179,,2.20976860661665,0.2787146265989504,0.9213893967093375,,,,,,,atr_change_8;h1_er_8;h1_atr_change_4;h1_slope_atr_8;h3_er_8;h3_atr_change_4;h3_slope_atr_8,,,,,,,,0,0.7537878787879353,0.6490765171504643,0.004005992837785619,0.03192109628140116,1.230353641701467,2.256039365048331,0.287005190674753,0.9194139194139205,0.8853046594982507,0.5625232190049092,0.5298509835531134,0.3209549071618006,-0.09730449741302294,-0.019292560646299247,,S0,0.9999999999999574,4.522129653204464e-14,6.011274444649375e-85,0.9999999999999574,1.4321567603292062e-12,0.9999999999999122,both,False,
2026-08-07 13:15:00+00:00,3.0,0.736263736263788,0.623306233062327,0.004055034448163034,0.0037801373362404966,,1.9044694775166042,0.3790347819849152,0.8894645941278103,,,,,,,atr_change_8;h1_er_8;h1_atr_change_4;h1_slope_atr_8;h3_er_8;h3_atr_change_4;h3_slope_atr_8,,,,,,,,0,0.7560975609756707,0.6336088154270735,0.0039860787180486836,0.0046874685890252454,1.2608925828097242,1.9147573936227182,0.3893096488555495,0.8894645941278103,0.8853046594982507,0.5625232190049092,0.5298509835531134,0.3209549071618006,-0.09730449741302294,-0.019292560646299247,,S0,0.9999999999997655,2.31198048582485e-13,2.3980411174489248e-88,0.9999999999997655,6.9613023180305356e-12,0.9999999999995344,both,False,
2026-08-07 13:30:00+00:00,3.0,0.8022813688212654,0.5518134715025853,0.004073141393867336,0.014200548754066178,,-0.12357506041534808,0.4378460340737149,0.80072463768114,,,,,,,atr_change_8;h1_er_8;h1_atr_change_4;h1_slope_atr_8;h3_er_8;h3_atr_change_4;h3_slope_atr_8,,,,,,,,0,0.7965451055662472,0.5605263157894935,0.004003864585952532,0.012307174648215291,1.287134190820606,-0.1254552156337638,0.45083187298784566,0.802893309222418,0.8853046594982507,0.5625232190049092,0.5298509835531134,0.3209549071618006,-0.09730449741302294,-0.019292560646299247,,S0,0.9999991844838959,8.155161027785313e-07,9.472921821068667e-56,0.9999991844838959,1.2248598651289989e-05,0.9999983689677931,both,False,
2026-08-07 13:45:00+00:00,3.0,0.16853932584279194,0.5620253164556949,0.004077099745245109,0.04850064093100115,1.2348319559230716,-0.093518420683254,0.46958907210897394,0.8387681159420177,,,,,,,h1_er_8;h1_atr_change_4;h1_slope_atr_8;h3_er_8;h3_atr_change_4;h3_slope_atr_8,,,,,,,,0,0.17777777777772844,0.5706940874036227,0.004007556152389971,0.050678545828828137,1.2735676784704406,-0.09053709496635108,0.48215055241330484,0.8390596745027031,0.8853046594982507,0.5625232190049092,0.5298509835531134,0.3209549071618006,-0.09730449741302294,-0.019292560646299247,,S0,0.9995241621576091,0.00047583784239258364,9.856817860232812e-57,0.9995241621576091,0.004116090349834725,0.9990483243152165,both,False,
2026-08-07 14:00:00+00:00,3.0,0.6725663716814542,0.31154684095859186,0.004258495617885632,0.07314980888397193,1.4790618667978905,-0.5765820023391192,0.43726417349474606,0.5797101449275158,,,,,,,h1_er_8;h1_atr_change_4;h1_slope_atr_8;h3_er_8;h3_atr_change_4;h3_slope_atr_8,,,,,,,,0,0.6740088105727028,0.3135313531353295,0.004197356152923705,0.07478040180895085,1.516077020384397,-0.5982101891324091,0.44725726985793124,0.5768535262206159,0.5028571428571298,0.6276016000002251,0.6108154775109753,0.3209549071618006,-0.09730449741302294,-0.019292560646299247,,S0,0.9999999998205809,1.7941741892180993e-10,1.1753881520289558e-41,0.9999999998205809,4.205780359505226e-09,0.9999999996411635,both,False,
2026-08-07 14:15:00+00:00,3.0,0.7914691943127204,0.34748603351954654,0.0042534122450486,-0.016004391966810916,1.368253087935237,-0.6138627888513476,0.42683873585411974,0.5815217391304263,,,,,,,h1_er_8;h1_atr_change_4;h1_slope_atr_8;h3_er_8;h3_atr_change_4;h3_slope_atr_8,,,,,,,,0,0.7840375586854871,0.3513513513513703,0.004192270073429385,-0.015618874483277478,1.3955977880246255,-0.6337461705588491,0.4359695079152471,0.5822784810126547,0.5028571428571298,0.6276016000002251,0.6108154775109753,0.3209549071618006,-0.09730449741302294,-0.019292560646299247,,S0,0.999999999998348,1.6517829962545934e-12,1.2855470574394958e-45,0.999999999998348,4.646350664430088e-11,0.9999999999966962,both,False,
2026-08-07 14:30:00+00:00,3.0,0.7456647398842684,0.3296089385474946,0.004253409280035391,-0.0029712587249456357,1.1771612434032015,-0.5463355417832738,0.39967740931719337,0.5670289855072635,,,,,,,h1_er_8;h1_atr_change_4;h1_slope_atr_8;h3_er_8;h3_atr_change_4;h3_slope_atr_8,,,,,,,,0,0.7386363636364153,0.33182844243793,0.004191943918211535,-0.0014454186830389348,1.177944963261921,-0.5551753340679754,0.4077057444092928,0.5678119349005245,0.5028571428571298,0.6276016000002251,0.6108154775109753,0.3209549071618006,-0.09730449741302294,-0.019292560646299247,,S0,0.9999993564552209,6.435447804677398e-07,5.930357013230649e-38,0.9999993564552209,9.818095437453586e-06,0.9999987129104404,both,False,
2026-08-07 14:45:00+00:00,3.0,0.9899999999999345,0.2850971922246248,0.004271102248292437,0.014615365314275097,0.1759440968362742,-0.2074711821644076,0.3376962084397797,0.48007246376812607,,,,,,,h1_er_8;h1_atr_change_4;h1_slope_atr_8;h3_er_8;h3_atr_change_4;h3_slope_atr_8,,,,,,,,0,0.9705882352941433,0.2868047982551802,0.004209894950353532,0.014624492496942532,0.18200638519370704,-0.20442488816704943,0.34460246866684047,0.4810126582278242,0.5028571428571298,0.6276016000002251,0.6108154775109753,0.3209549071618006,-0.09730449741302294,-0.019292560646299247,,S0,0.9789694314219312,0.021030568578067822,1.1770110383381418e-27,0.9789694314219312,0.10202325179590943,0.9579388628438633,both,False,
2026-08-07 15:00:00+00:00,3.0,0.6969696969696766,0.2819956616052057,0.004270323537756955,-0.030311243831973145,0.10567152328096174,-0.23374435037478059,0.2871425306346981,0.4954627949183207,,,,,,,h1_er_8;h1_atr_change_4;h1_slope_atr_8;h3_er_8;h3_atr_change_4;h3_slope_atr_8,,,,,,,,0,0.6470588235291813,0.2852459016393516,0.004209534078945083,-0.030333747887733797,0.11069703452501001,-0.23859251825200245,0.2925784381926319,0.495462794918341,0.4158815612382257,0.7182693320041877,0.5928403993671362,0.37369519832983955,0.17792352281552914,0.2117429927522487,,S0,0.8786493684921067,0.12135063150789385,4.6172076340430476e-27,0.8786493684921067,0.3696074207203769,0.7572987369842129,both,False,
2026-08-07 15:15:00+00:00,3.0,0.21126760563381602,0.33063700707785365,0.0043211173883498525,0.024860673434797587,0.12889189554447777,0.1484292870980199,0.2348355758212644,0.6311926605504433,,,,,,,h1_er_8;h1_atr_change_4;h1_slope_atr_8;h3_er_8;h3_atr_change_4;h3_slope_atr_8,,,,,,,,0,0.20567375886515887,0.3319713993871359,0.0042593191166204105,0.025054419701315167,0.13321300382888301,0.14778465441867092,0.23904530069508484,0.6293577981651102,0.4158815612382257,0.7182693320041877,0.5928403993671362,0.37369519832983955,0.17792352281552914,0.2117429927522487,,S0,0.9595002855732169,0.040499714426784184,2.6195413803799083e-28,0.9595002855732169,0.16952902848667162,0.9190005711464326,both,False,
2026-08-07 15:30:00+00:00,3.0,0.0,0.2991115498519476,0.004331903078178268,-0.011953421546053722,0.09978029119325993,0.2699164449567404,0.16552767878103025,0.561467889908273,,,,,,,h1_er_8;h1_atr_change_4;h1_slope_atr_8;h3_er_8;h3_atr_change_4;h3_slope_atr_8,,,,,,,,0,0.005847953216283145,0.3026973026973227,0.004269732200974583,-0.010731302649491625,0.10742290501697771,0.270142901980227,0.1674388033010776,0.5596330275229399,0.4158815612382257,0.7182693320041877,0.5928403993671362,0.37369519832983955,0.17792352281552914,0.2117429927522487,,S0,0.9686071420632627,0.03139285793673617,4.15364817643827e-25,0.9686071420632627,0.13955103420987605,0.9372142841265265,both,False,
2026-08-07 15:45:00+00:00,3.0,0.5476190476191704,0.2921236291126853,0.004323298318942822,-0.0007652487346446746,0.048104925087361305,0.2579003891042751,0.1109216128493309,0.6422018348624013,,,,,,,h1_er_8;h1_atr_change_4;h1_slope_atr_8;h3_er_8;h3_atr_change_4;h3_slope_atr_8,,,,,,,,0,0.5502958579883056,0.2970795568983023,0.004262582101070092,0.0014868925687137047,0.055574541145675393,0.2660126752127957,0.11141748594159064,0.6433823529411741,0.4158815612382257,0.7182693320041877,0.5928403993671362,0.37369519832983955,0.17792352281552914,0.2117429927522487,,S0,0.9841835717127851,0.01581642828721364,3.472448910159122e-23,0.9841835717127851,0.08127676376437382,0.9683671434255715,both,False,
2026-08-07 16:00:00+00:00,3.0,0.2941176470588794,0.24975514201764448,0.004329209901528107,-0.014680009167992836,-0.03767514411427608,-0.02729071592338801,0.04177522691488304,0.5862708719851667,,,,,,,h1_er_8;h1_atr_change_4;h1_slope_atr_8;h3_er_8;h3_atr_change_4;h3_slope_atr_8,,,,,,,,0,0.2910052910053942,0.25296442687749543,0.004269077186028173,-0.013715541092014338,-0.031340017552748844,-0.021425713281810334,0.040571701015581656,0.588560885608863,0.4547738693467453,0.737345997496673,0.5530445224995263,0.37369519832983955,0.17792352281552914,0.2117429927522487,,S0,0.9994821788014641,0.0005178211985358837,2.5188457082243806e-20,0.9994821788014641,0.004435460441337131,0.9989643576029282,both,False,
2026-08-07 16:15:00+00:00,3.0,0.24571428571438433,0.2867783985102668,0.004364321317986963,-0.0023157194146909976,-0.024287940214742676,0.2673237706428231,-0.01685858526214832,0.7068645640074372,,,,,,,h1_er_8;h1_atr_change_4;h1_slope_atr_8;h3_er_8;h3_atr_change_4;h3_slope_atr_8,,,,,,,,0,0.24719101123602935,0.29014084507044285,0.00430467847208338,-0.0030103273352297677,-0.018932836286750798,0.2743187174964301,-0.019519832838933073,0.7084870848708225,0.4547738693467453,0.737345997496673,0.5530445224995263,0.37369519832983955,0.17792352281552914,0.2117429927522487,,S0,0.9999648808117303,3.511918826917601e-05,6.380051232405642e-21,0.9999648808117303,0.000395327758990008,0.9999297616234611,both,False,
2026-08-07 16:30:00+00:00,3.0,0.3212121212120429,0.3339768339768382,0.00433339574175936,-0.02080579758591128,-0.04174117293208568,0.11682024487644559,-0.11749248413726177,0.6549165120593746,,,,,,,h1_er_8;h1_atr_change_4;h1_slope_atr_8;h3_er_8;h3_atr_change_4;h3_slope_atr_8,,,,,,,,0,0.3293413173652424,0.3275362318840769,0.004282573574164766,-0.02086290921722711,-0.038010273535779904,0.1187791006804149,-0.11925376140889454,0.658671586715842,0.4547738693467453,0.737345997496673,0.5530445224995263,0.37369519832983955,0.17792352281552914,0.2117429927522487,,S0,0.9999999167116903,8.328831078005436e-08,2.970485754715976e-19,0.9999999167116903,1.4409675308704322e-06,0.9999998334233795,both,False,
2026-08-07 16:45:00+00:00,3.0,0.12499999999993495,0.17948717948718143,0.0017490456790648944,-0.044218887062937084,-0.09730749254616122,0.138167271076755,-0.08719464519450598,0.6679035250463903,,,,,,,h1_er_8;h1_atr_change_4;h1_slope_atr_8;h3_er_8;h3_atr_change_4;h3_slope_atr_8,,,,,,,,0,0.11111111111115027,0.18166383701188352,0.0017600778155297777,-0.04468482981572164,-0.09424285925616649,0.13784966114181332,-0.0884018588176102,0.6491228070175447,0.4547738693467453,0.737345997496673,0.5530445224995263,0.37369519832983955,0.17792352281552914,0.2117429927522487,,S0,0.9999999993907203,6.092790695821486e-10,5.430217914738758e-20,0.9999999993907203,1.3537416775120872e-08,0.9999999987814412,both,False,
2026-08-07 17:00:00+00:00,3.0,0.02127659574466075,0.22580645161291477,0.0017838851343078101,0.010181217806317422,-0.05961267398015824,-0.23541036581811878,-0.060747942740266195,0.2833876221498218,0.4467005076142029,,,,,,h1_atr_change_4;h1_slope_atr_8;h3_er_8;h3_atr_change_4;h3_slope_atr_8,,,,,,,,0,0.02189781021896154,0.2238325281803689,0.001792430570279185,0.009659464537212559,-0.05688553382974115,-0.24227532525088163,-0.06174989399677214,0.2833876221498737,0.4485387547649318,0.10805026874892687,0.46204574310075436,0.37369519832983955,0.17792352281552914,0.2117429927522487,,S1,2.3768072029966833e-05,0.9999540389595417,2.2192968428515284e-05,0.9999540389595417,0.0005368365954585902,0.9999302708875117,both,False,
2026-08-07 17:15:00+00:00,3.0,0.40816326530631203,0.21405750798724174,0.0017886736348638266,-0.0357318679126547,-0.11521092202641081,-0.10501841571169192,-0.018793402506067668,0.4308300395256313,0.4467005076142029,,,,,,h1_atr_change_4;h1_slope_atr_8;h3_er_8;h3_atr_change_4;h3_slope_atr_8,,,,,,,,0,0.42553191489359693,0.21405750798725695,0.0017965106373423378,-0.035096833624555734,-0.11222846595078007,-0.10959076792558897,-0.018951940320717082,0.4342629482071833,0.4485387547649318,0.10805026874892687,0.46204574310075436,0.37369519832983955,0.17792352281552914,0.2117429927522487,,S1,8.215625246135985e-06,0.9999895822041133,2.2021706398338258e-06,0.9999895822041133,0.00013530400351170535,0.9999813665788672,both,False,
2026-08-07 17:30:00+00:00,3.0,0.18309859154930458,0.15318416523233894,0.0017439655205499234,-0.03343489598559546,-0.13444743817589844,-0.053620050916604045,0.015314085749404674,0.4268774703557326,0.4467005076142029,,,,,,h1_atr_change_4;h1_slope_atr_8;h3_er_8;h3_atr_change_4;h3_slope_atr_8,,,,,,,,0,0.19402985074622908,0.153184165232383,0.0017539205705106417,-0.034766198795231684,-0.13379742560669972,-0.0459900980250188,0.016527691477724003,0.4342629482071833,0.4485387547649318,0.10805026874892687,0.46204574310075436,0.37369519832983955,0.17792352281552914,0.2117429927522487,,S1,3.775151775752447e-06,0.9999949107592739,1.3140889511640085e-06,0.9999949107592739,7.002568692456733e-05,0.9999911356074982,both,False,
2026-08-07 17:45:00+00:00,3.0,0.05000000000006939,0.1631944444444471,0.0017400080863183391,-0.03413643075349626,-0.16335407102762645,0.1607017200006177,0.06849158868475068,0.5081967213114381,0.4467005076142029,,,,,,h1_atr_change_4;h1_slope_atr_8;h3_er_8;h3_atr_change_4;h3_slope_atr_8,,,,,,,,0,0.038961038961009,0.1631944444444471,0.001750198090171901,-0.03652537203461825,-0.16667486184899805,0.16557587288105355,0.07098615853777508,0.5102880658436425,0.4485387547649318,0.10805026874892687,0.46204574310075436,0.37369519832983955,0.17792352281552914,0.2117429927522487,,S1,1.0229892418557682e-05,0.9999895515513779,2.1855620380713805e-07,0.9999895515513779,0.00013134369464061076,0.9999793216589593,both,False,
2026-08-07 18:00:00+00:00,3.0,0.40740740740737696,0.07589285714286555,0.0012310514120607609,-0.04742766519472008,-0.19116046220316119,0.024538604347795208,0.0714957498001227,0.4932126696832129,0.4232804232804054,,,,,,h1_atr_change_4;h1_slope_atr_8;h3_er_8;h3_atr_change_4;h3_slope_atr_8,,,,,,,,0,0.42307692307664385,0.0807174887892245,0.0012280003860121965,-0.047987971664188,-0.19563210403544495,0.023502978209243557,0.0734583279715913,0.4954545454545661,0.42516556291390173,0.004650894303337871,0.3717602861748792,0.8804597701149721,0.24235858284032852,0.3590364335280016,,S1,4.524523236248663e-06,0.9999908121117533,4.663365010918798e-06,0.9999908121117533,0.000122113033037308,0.9999861487467424,both,False,
2026-08-07 18:15:00+00:00,3.0,0.0303030303032342,0.07589285714286555,0.0012310513941793198,-0.02322774145966966,-0.20811419253089025,-0.014131200824973688,0.07194905518044345,0.6432748538011446,0.4232804232804054,,,,,,h1_atr_change_4;h1_slope_atr_8;h3_er_8;h3_atr_change_4;h3_slope_atr_8,,,,,,,,0,0.06250000000034694,0.07865168539327749,0.001227847895551318,-0.023303425571587044,-0.21200450705879026,-0.014438247552719413,0.0742909175550133,0.6529411764706727,0.42516556291390173,0.004650894303337871,0.3717602861748792,0.8804597701149721,0.24235858284032852,0.3590364335280016,,S1,1.830085797955278e-06,0.9999977988411692,3.7107303235356504e-07,0.9999977988411692,3.187311921891383e-05,0.9999959687553713,both,False,
2026-08-07 18:30:00+00:00,3.0,0.3023255813951567,0.11751662971173922,0.0012327806403623915,-0.043390474553728686,-0.22637868502175362,-0.013130819906944896,0.0729677731227215,0.7076023391812979,0.4232804232804054,,,,,,h1_atr_change_4;h1_slope_atr_8;h3_er_8;h3_atr_change_4;h3_slope_atr_8,,,,,,,,0,0.26829268292680286,0.11659192825114631,0.001228364196788372,-0.041635362192685266,-0.22872187940233846,-0.016739450359473974,0.07481057300360326,0.7058823529412149,0.42516556291390173,0.004650894303337871,0.3717602861748792,0.8804597701149721,0.24235858284032852,0.3590364335280016,,S1,2.343357980137808e-06,0.9999975518251373,1.0481688198954632e-07,0.9999975518251373,3.451180788367373e-05,0.9999952084671572,both,False,
2026-08-07 18:45:00+00:00,3.0,0.2857142857139836,0.2775119617224715,0.0011679044009009318,-0.04563588946846875,-0.22752562468132287,0.1582251755527961,0.05647647330711542,0.7953216374268436,0.4232804232804054,,,,,,h1_atr_change_4;h1_slope_atr_8;h3_er_8;h3_atr_change_4;h3_slope_atr_8,,,,,,,,0,0.3181818181817264,0.28365384615390876,0.001166421055049773,-0.04512372086366778,-0.22907622011959272,0.16829271703802934,0.058752926184064844,0.8117647058824298,0.42516556291390173,0.004650894303337871,0.3717602861748792,0.8804597701149721,0.24235858284032852,0.3590364335280016,,S1,3.3509934742647067e-06,0.9999966484041616,6.023635551421074e-10,0.9999966484041616,4.560785236870012e-05,0.9999932974106873,both,False,
2026-08-07 19:00:00+00:00,3.0,1.0,0.2809523809523872,0.0011691789745382037,-0.040717163130298384,-0.2664470521694775,0.22589760665356046,0.04031249306410182,0.859649122806997,0.48837209302323714,,,,,,h1_atr_change_4;h1_slope_atr_8;h3_er_8;h3_atr_change_4;h3_slope_atr_8,,,,,,,,0,1.0,0.28537170263792544,0.0011670245661801384,-0.04012412257479825,-0.2670883940261568,0.2355964389129127,0.04259643776971538,0.8705882352941868,0.4909560723514194,-0.03940825088535327,0.20721871022685634,0.8804597701149721,0.24235858284032852,0.3590364335280016,,S1,3.5850156086737807e-06,0.9999964103217459,4.662644699693671e-09,0.9999964103217459,4.863072483454045e-05,0.9999928253061372,both,False,
2026-08-07 19:15:00+00:00,3.0,0.8048780487803029,0.10662824207492684,0.0009613834076472599,-0.018924025664411426,-0.2536607307951728,0.14071136284104538,0.049394095664978106,0.836257309941475,0.48837209302323714,,,,,,h1_atr_change_4;h1_slope_atr_8;h3_er_8;h3_atr_change_4;h3_slope_atr_8,,,,,,,,0,0.7619047619043088,0.10982658959539575,0.0009650684024736417,-0.019247743319405597,-0.25504989873091777,0.1471115551751618,0.051264488326128815,0.841176470588243,0.4909560723514194,-0.03940825088535327,0.20721871022685634,0.8804597701149721,0.24235858284032852,0.3590364335280016,,S1,2.5728275087115344e-06,0.9999971045909954,3.2258149514128186e-07,0.9999971045909954,4.0830590884063196e-05,0.9999945317634867,both,False,
2026-08-07 19:30:00+00:00,3.0,0.8999999999999168,0.3481894150417555,0.001001516118633501,0.008194741496353908,-0.22151614675577547,0.3026986523314254,0.05802879236748516,1.109489051094952,0.48837209302323714,,,,,,h1_atr_change_4;h1_slope_atr_8;h3_er_8;h3_atr_change_4;h3_slope_atr_8,,,,,,,,0,0.8809523809521543,0.35376044568242027,0.001008799992230041,0.011039027313406669,-0.21969824839947194,0.30021983333259733,0.05961600984890423,1.11678832116783,0.4909560723514194,-0.03940825088535327,0.20721871022685634,0.8804597701149721,0.24235858284032852,0.3590364335280016,,S1,2.7800532420277433e-05,0.9999721994673729,2.0645590658911126e-13,0.9999721994673729,0.00031944039727102336,0.9999443989349527,both,False,
2026-08-07 19:45:00+00:00,3.0,0.20792079207916875,0.12820512820506982,0.0009772371425709888,-0.017051568015774343,-0.20774578601364047,0.1475208034479303,0.06708942421508382,0.7341772151898414,0.48837209302323714,,,,,,h1_atr_change_4;h1_slope_atr_8;h3_er_8;h3_atr_change_4;h3_slope_atr_8,,,,,,,,0,0.18446601941737525,0.12571428571428245,0.0009806218261673297,-0.018804586620045027,-0.20534648500334707,0.14641678565574417,0.06909525160189328,0.7341772151898414,0.4909560723514194,-0.03940825088535327,0.20721871022685634,0.8804597701149721,0.24235858284032852,0.3590364335280016,,S1,1.1263285770288755e-06,0.999995801792771,3.0718786528127305e-06,0.999995801792771,5.8617046380394396e-05,0.9999927299141183,both,False,
2026-08-07 20:00:00+00:00,3.0,0.2481203007517843,0.08196721311474017,0.001017152698777726,0.008917580449305795,-0.16088345685655747,-0.2248084875279089,0.04192984702815809,0.37037037037033993,0.38152610441766877,,,,,,h1_atr_change_4;h1_slope_atr_8;h3_er_8;h3_atr_change_4;h3_slope_atr_8,,,,,,,,0,0.25,0.08241758241757136,0.0010183123878480006,0.009020211898774333,-0.15776121075941418,-0.23068432493445246,0.043198594529371886,0.37037037037044346,0.38235294117647406,-0.06457570817141889,-0.019755041773625564,0.8804597701149721,0.24235858284032852,0.3590364335280016,,S1,5.495569720066602e-06,0.9599972650183137,0.039997239411966846,0.9599972650183137,0.16800720553523268,0.9200000256063469,both,False,
2026-08-07 20:15:00+00:00,3.0,0.3589743589742385,0.18902439024391235,0.0008792514036329229,-0.02965231358364573,-0.1664026192863982,-0.6799663477066379,0.03562150574998532,0.11811023622053715,0.38152610441766877,,,,,,h1_atr_change_4;h1_slope_atr_8;h3_er_8;h3_atr_change_4;h3_slope_atr_8,,,,,,,,0,0.3544303797467874,0.19018404907969108,0.0008805952878815028,-0.03156376873251987,-0.16488438657954774,-0.6992407897048608,0.03658358204056462,0.11111111111113069,0.38235294117647406,-0.06457570817141889,-0.019755041773625564,0.8804597701149721,0.24235858284032852,0.3590364335280016,,S1,0.00011494476111787359,0.8484499161075327,0.1514351391313497,0.8484499161075327,0.42632915854422593,0.697014776976183,both,False,
2026-08-07 20:30:00+00:00,3.0,1.0,0.17647058823527795,0.0008683626121577503,-0.02972109857754779,-0.15449101302843415,-0.5940254558859728,0.008992599894471197,-0.07142857142850849,0.38152610441766877,,,,,,h1_atr_change_4;h1_slope_atr_8;h3_er_8;h3_atr_change_4;h3_slope_atr_8,,,,,,,,0,1.0,0.18012422360246733,0.0008720851763084616,-0.027520201588373983,-0.15258448470340236,-0.6044581102822113,0.009615322688549359,-0.07142857142868472,0.38235294117647406,-0.06457570817141889,-0.019755041773625564,0.8804597701149721,0.24235858284032852,0.3590364335280016,,S2,0.00028168660924564895,0.011792163868826866,0.9879261495219285,0.9879261495219285,0.06666435590414374,0.9761339856531016,both,False,
2026-08-07 20:45:00+00:00,3.0,0.7884615384618012,0.16207951070341292,0.0008714629842634633,-0.01873723780655323,-0.13066043152752205,-0.2769659288391944,-0.007506009416017415,0.12676056338017597,0.38152610441766877,,,,,,h1_atr_change_4;h1_slope_atr_8;h3_er_8;h3_atr_change_4;h3_slope_atr_8,,,,,,,,0,0.8058252427184843,0.1620795107033909,0.0008752996795735884,-0.02204473888916947,-0.13210278688582777,-0.2888429904294448,-0.008376565538990265,0.11971830985914061,0.38235294117647406,-0.06457570817141889,-0.019755041773625564,0.8804597701149721,0.24235858284032852,0.3590364335280016,,S2,6.455931212924182e-05,0.31549678794113994,0.6844386527467311,0.6844386527467311,0.6240912974082417,0.36894186480559116,both,False,
