entry_time,required_state_timestamp,weekday,hour_utc,missing_features,number_missing_features,continuity_segment_id,bars_since_segment_start,segment_start_utc,completed_m15_bars,completed_h1_bars,completed_h3_bars,warmup_shortfall_features,preceding_gap_classification,diagnostic_reason,cause_explained,previous_available_feature_timestamp,next_available_feature_timestamp,previous_complete_vector_timestamp,next_complete_vector_timestamp
2016-01-04T14:26:05+00:00,2016-01-04T14:15:00+00:00,Monday,14,"[""h3_atr_change_4"", ""h3_slope_atr_8""]",2.0,0,152.0,2016-01-03T00:00:00+00:00,153.0,38.0,12.0,"[""h3_atr_change_4"", ""h3_slope_atr_8""]",,INITIAL_SEGMENT_WARMUP,True,2016-01-04T14:00:00+00:00,2016-01-04T14:30:00+00:00,,2016-01-05T09:00:00+00:00
2016-01-05T02:01:40+00:00,2016-01-05T02:00:00+00:00,Tuesday,2,"[""h3_atr_change_4""]",1.0,0,199.0,2016-01-03T00:00:00+00:00,200.0,50.0,16.0,"[""h3_atr_change_4""]",,INITIAL_SEGMENT_WARMUP,True,2016-01-05T01:45:00+00:00,2016-01-05T02:15:00+00:00,,2016-01-05T09:00:00+00:00
2016-01-11T08:15:38+00:00,2016-01-11T08:15:00+00:00,Monday,8,"[""h1_er_8"", ""h1_atr_change_4"", ""h1_slope_atr_8"", ""h3_er_8"", ""h3_atr_change_4"", ""h3_slope_atr_8""]",6.0,1,32.0,2016-01-11T00:00:00+00:00,33.0,8.0,2.0,"[""h1_er_8"", ""h1_atr_change_4"", ""h1_slope_atr_8"", ""h3_er_8"", ""h3_atr_change_4"", ""h3_slope_atr_8""]",EXPECTED_MARKET_GAP,WEEKLY_SEGMENT_WARMUP,True,2016-01-11T08:00:00+00:00,2016-01-11T08:30:00+00:00,2016-01-08T22:00:00+00:00,2016-01-13T09:00:00+00:00
2016-01-11T16:22:26+00:00,2016-01-11T16:15:00+00:00,Monday,16,"[""h1_atr_change_4"", ""h3_er_8"", ""h3_atr_change_4"", ""h3_slope_atr_8""]",4.0,1,64.0,2016-01-11T00:00:00+00:00,65.0,16.0,5.0,"[""h1_atr_change_4"", ""h3_er_8"", ""h3_atr_change_4"", ""h3_slope_atr_8""]",EXPECTED_MARKET_GAP,WEEKLY_SEGMENT_WARMUP,True,2016-01-11T16:00:00+00:00,2016-01-11T16:30:00+00:00,2016-01-08T22:00:00+00:00,2016-01-13T09:00:00+00:00
2016-01-11T17:00:02+00:00,2016-01-11T17:00:00+00:00,Monday,17,"[""h1_atr_change_4"", ""h3_er_8"", ""h3_atr_change_4"", ""h3_slope_atr_8""]",4.0,1,67.0,2016-01-11T00:00:00+00:00,68.0,17.0,5.0,"[""h1_atr_change_4"", ""h3_er_8"", ""h3_atr_change_4"", ""h3_slope_atr_8""]",EXPECTED_MARKET_GAP,WEEKLY_SEGMENT_WARMUP,True,2016-01-11T16:45:00+00:00,2016-01-11T17:15:00+00:00,2016-01-08T22:00:00+00:00,2016-01-13T09:00:00+00:00
2016-01-11T21:41:03+00:00,2016-01-11T21:30:00+00:00,Monday,21,"[""h3_er_8"", ""h3_atr_change_4"", ""h3_slope_atr_8""]",3.0,1,85.0,2016-01-11T00:00:00+00:00,86.0,21.0,7.0,"[""h3_er_8"", ""h3_atr_change_4"", ""h3_slope_atr_8""]",EXPECTED_MARKET_GAP,WEEKLY_SEGMENT_WARMUP,True,2016-01-11T21:15:00+00:00,2016-01-11T21:45:00+00:00,2016-01-08T22:00:00+00:00,2016-01-13T09:00:00+00:00
2016-01-12T03:04:31+00:00,2016-01-12T03:00:00+00:00,Tuesday,3,"[""h3_atr_change_4"", ""h3_slope_atr_8""]",2.0,1,107.0,2016-01-11T00:00:00+00:00,108.0,27.0,9.0,"[""h3_atr_change_4"", ""h3_slope_atr_8""]",EXPECTED_MARKET_GAP,WEEKLY_SEGMENT_WARMUP,True,2016-01-12T02:45:00+00:00,2016-01-12T03:15:00+00:00,2016-01-08T22:00:00+00:00,2016-01-13T09:00:00+00:00
2016-01-12T10:32:39+00:00,2016-01-12T10:30:00+00:00,Tuesday,10,"[""h3_atr_change_4"", ""h3_slope_atr_8""]",2.0,1,137.0,2016-01-11T00:00:00+00:00,138.0,34.0,11.0,"[""h3_atr_change_4"", ""h3_slope_atr_8""]",EXPECTED_MARKET_GAP,WEEKLY_SEGMENT_WARMUP,True,2016-01-12T10:15:00+00:00,2016-01-12T10:45:00+00:00,2016-01-08T22:00:00+00:00,2016-01-13T09:00:00+00:00
2016-01-12T11:15:38+00:00,2016-01-12T11:15:00+00:00,Tuesday,11,"[""h3_atr_change_4"", ""h3_slope_atr_8""]",2.0,1,140.0,2016-01-11T00:00:00+00:00,141.0,35.0,11.0,"[""h3_atr_change_4"", ""h3_slope_atr_8""]",EXPECTED_MARKET_GAP,WEEKLY_SEGMENT_WARMUP,True,2016-01-12T11:00:00+00:00,2016-01-12T11:30:00+00:00,2016-01-08T22:00:00+00:00,2016-01-13T09:00:00+00:00
2016-01-13T02:23:05+00:00,2016-01-13T02:15:00+00:00,Wednesday,2,"[""h3_atr_change_4""]",1.0,1,200.0,2016-01-11T00:00:00+00:00,201.0,50.0,16.0,"[""h3_atr_change_4""]",EXPECTED_MARKET_GAP,WEEKLY_SEGMENT_WARMUP,True,2016-01-13T02:00:00+00:00,2016-01-13T02:30:00+00:00,2016-01-08T22:00:00+00:00,2016-01-13T09:00:00+00:00
2016-01-18T08:37:37+00:00,2016-01-18T08:30:00+00:00,Monday,8,"[""h3_atr_change_4"", ""h3_slope_atr_8""]",2.0,2,129.0,2016-01-17T00:00:00+00:00,130.0,32.0,10.0,"[""h3_atr_change_4"", ""h3_slope_atr_8""]",UNEXPLAINED_DATA_GAP,WEEKLY_SEGMENT_WARMUP,True,2016-01-18T08:15:00+00:00,2016-01-18T08:45:00+00:00,2016-01-15T22:00:00+00:00,2016-01-19T09:00:00+00:00
2016-01-18T14:33:41+00:00,2016-01-18T14:30:00+00:00,Monday,14,"[""h3_atr_change_4"", ""h3_slope_atr_8""]",2.0,2,153.0,2016-01-17T00:00:00+00:00,154.0,38.0,12.0,"[""h3_atr_change_4"", ""h3_slope_atr_8""]",UNEXPLAINED_DATA_GAP,WEEKLY_SEGMENT_WARMUP,True,2016-01-18T14:15:00+00:00,2016-01-18T14:45:00+00:00,2016-01-15T22:00:00+00:00,2016-01-19T09:00:00+00:00
2016-01-18T17:45:38+00:00,2016-01-18T17:45:00+00:00,Monday,17,"[""h3_atr_change_4"", ""h3_slope_atr_8""]",2.0,2,166.0,2016-01-17T00:00:00+00:00,167.0,41.0,13.0,"[""h3_atr_change_4"", ""h3_slope_atr_8""]",UNEXPLAINED_DATA_GAP,WEEKLY_SEGMENT_WARMUP,True,2016-01-18T17:30:00+00:00,2016-01-18T18:00:00+00:00,2016-01-15T22:00:00+00:00,2016-01-19T09:00:00+00:00
2016-01-19T02:18:19+00:00,2016-01-19T02:15:00+00:00,Tuesday,2,"[""h3_atr_change_4""]",1.0,2,200.0,2016-01-17T00:00:00+00:00,201.0,50.0,16.0,"[""h3_atr_change_4""]",UNEXPLAINED_DATA_GAP,WEEKLY_SEGMENT_WARMUP,True,2016-01-19T02:00:00+00:00,2016-01-19T02:30:00+00:00,2016-01-15T22:00:00+00:00,2016-01-19T09:00:00+00:00
2016-01-19T05:50:40+00:00,2016-01-19T05:45:00+00:00,Tuesday,5,"[""h3_atr_change_4""]",1.0,2,214.0,2016-01-17T00:00:00+00:00,215.0,53.0,17.0,"[""h3_atr_change_4""]",UNEXPLAINED_DATA_GAP,WEEKLY_SEGMENT_WARMUP,True,2016-01-19T05:30:00+00:00,2016-01-19T06:00:00+00:00,2016-01-15T22:00:00+00:00,2016-01-19T09:00:00+00:00
2016-01-26T02:27:40+00:00,2016-01-26T02:15:00+00:00,Tuesday,2,"[""h3_atr_change_4""]",1.0,3,200.0,2016-01-24T00:00:00+00:00,201.0,50.0,16.0,"[""h3_atr_change_4""]",UNEXPLAINED_DATA_GAP,WEEKLY_SEGMENT_WARMUP,True,2016-01-26T02:00:00+00:00,2016-01-26T02:30:00+00:00,2016-01-22T22:00:00+00:00,2016-01-26T09:00:00+00:00
2016-01-26T05:09:34+00:00,2016-01-26T05:00:00+00:00,Tuesday,5,"[""h3_atr_change_4""]",1.0,3,211.0,2016-01-24T00:00:00+00:00,212.0,53.0,17.0,"[""h3_atr_change_4""]",UNEXPLAINED_DATA_GAP,WEEKLY_SEGMENT_WARMUP,True,2016-01-26T04:45:00+00:00,2016-01-26T05:15:00+00:00,2016-01-22T22:00:00+00:00,2016-01-26T09:00:00+00:00
2016-02-01T08:24:53+00:00,2016-02-01T08:15:00+00:00,Monday,8,"[""h3_atr_change_4"", ""h3_slope_atr_8""]",2.0,4,128.0,2016-01-31T00:00:00+00:00,129.0,32.0,10.0,"[""h3_atr_change_4"", ""h3_slope_atr_8""]",UNEXPLAINED_DATA_GAP,WEEKLY_SEGMENT_WARMUP,True,2016-02-01T08:00:00+00:00,2016-02-01T08:30:00+00:00,2016-01-29T22:00:00+00:00,2016-02-02T09:00:00+00:00
2016-02-01T11:35:27+00:00,2016-02-01T11:30:00+00:00,Monday,11,"[""h3_atr_change_4"", ""h3_slope_atr_8""]",2.0,4,141.0,2016-01-31T00:00:00+00:00,142.0,35.0,11.0,"[""h3_atr_change_4"", ""h3_slope_atr_8""]",UNEXPLAINED_DATA_GAP,WEEKLY_SEGMENT_WARMUP,True,2016-02-01T11:15:00+00:00,2016-02-01T11:45:00+00:00,2016-01-29T22:00:00+00:00,2016-02-02T09:00:00+00:00
2016-02-02T00:04:59+00:00,2016-02-02T00:00:00+00:00,Tuesday,0,"[""h3_atr_change_4""]",1.0,4,191.0,2016-01-31T00:00:00+00:00,192.0,48.0,16.0,"[""h3_atr_change_4""]",UNEXPLAINED_DATA_GAP,WEEKLY_SEGMENT_WARMUP,True,2016-02-01T23:45:00+00:00,2016-02-02T00:15:00+00:00,2016-01-29T22:00:00+00:00,2016-02-02T09:00:00+00:00
2016-02-02T02:55:05+00:00,2016-02-02T02:45:00+00:00,Tuesday,2,"[""h3_atr_change_4""]",1.0,4,202.0,2016-01-31T00:00:00+00:00,203.0,50.0,16.0,"[""h3_atr_change_4""]",UNEXPLAINED_DATA_GAP,WEEKLY_SEGMENT_WARMUP,True,2016-02-02T02:30:00+00:00,2016-02-02T03:00:00+00:00,2016-01-29T22:00:00+00:00,2016-02-02T09:00:00+00:00
2016-02-02T05:07:40+00:00,2016-02-02T05:00:00+00:00,Tuesday,5,"[""h3_atr_change_4""]",1.0,4,211.0,2016-01-31T00:00:00+00:00,212.0,53.0,17.0,"[""h3_atr_change_4""]",UNEXPLAINED_DATA_GAP,WEEKLY_SEGMENT_WARMUP,True,2016-02-02T04:45:00+00:00,2016-02-02T05:15:00+00:00,2016-01-29T22:00:00+00:00,2016-02-02T09:00:00+00:00
2016-02-08T13:16:05+00:00,2016-02-08T13:15:00+00:00,Monday,13,"[""h3_atr_change_4"", ""h3_slope_atr_8""]",2.0,5,148.0,2016-02-07T00:00:00+00:00,149.0,37.0,12.0,"[""h3_atr_change_4"", ""h3_slope_atr_8""]",UNEXPLAINED_DATA_GAP,WEEKLY_SEGMENT_WARMUP,True,2016-02-08T13:00:00+00:00,2016-02-08T13:30:00+00:00,2016-02-05T22:00:00+00:00,2016-02-09T09:00:00+00:00
2016-02-08T15:22:42+00:00,2016-02-08T15:15:00+00:00,Monday,15,"[""h3_atr_change_4"", ""h3_slope_atr_8""]",2.0,5,156.0,2016-02-07T00:00:00+00:00,157.0,39.0,13.0,"[""h3_atr_change_4"", ""h3_slope_atr_8""]",UNEXPLAINED_DATA_GAP,WEEKLY_SEGMENT_WARMUP,True,2016-02-08T15:00:00+00:00,2016-02-08T15:30:00+00:00,2016-02-05T22:00:00+00:00,2016-02-09T09:00:00+00:00
2016-02-09T02:00:59+00:00,2016-02-09T02:00:00+00:00,Tuesday,2,"[""h3_atr_change_4""]",1.0,5,199.0,2016-02-07T00:00:00+00:00,200.0,50.0,16.0,"[""h3_atr_change_4""]",UNEXPLAINED_DATA_GAP,WEEKLY_SEGMENT_WARMUP,True,2016-02-09T01:45:00+00:00,2016-02-09T02:15:00+00:00,2016-02-05T22:00:00+00:00,2016-02-09T09:00:00+00:00
2016-02-09T08:58:31+00:00,2016-02-09T08:45:00+00:00,Tuesday,8,"[""h3_atr_change_4""]",1.0,5,226.0,2016-02-07T00:00:00+00:00,227.0,56.0,18.0,"[""h3_atr_change_4""]",UNEXPLAINED_DATA_GAP,WEEKLY_SEGMENT_WARMUP,True,2016-02-09T08:30:00+00:00,2016-02-09T09:00:00+00:00,2016-02-05T22:00:00+00:00,2016-02-09T09:00:00+00:00
2016-02-15T09:08:31+00:00,2016-02-15T09:00:00+00:00,Monday,9,"[""h3_atr_change_4"", ""h3_slope_atr_8""]",2.0,6,131.0,2016-02-14T00:00:00+00:00,132.0,33.0,11.0,"[""h3_atr_change_4"", ""h3_slope_atr_8""]",UNEXPLAINED_DATA_GAP,WEEKLY_SEGMENT_WARMUP,True,2016-02-15T08:45:00+00:00,2016-02-15T09:15:00+00:00,2016-02-12T22:00:00+00:00,2016-02-19T09:00:00+00:00
2016-02-15T14:18:39+00:00,2016-02-15T14:15:00+00:00,Monday,14,"[""h3_atr_change_4"", ""h3_slope_atr_8""]",2.0,6,152.0,2016-02-14T00:00:00+00:00,153.0,38.0,12.0,"[""h3_atr_change_4"", ""h3_slope_atr_8""]",UNEXPLAINED_DATA_GAP,WEEKLY_SEGMENT_WARMUP,True,2016-02-15T14:00:00+00:00,2016-02-15T14:30:00+00:00,2016-02-12T22:00:00+00:00,2016-02-19T09:00:00+00:00
2016-02-16T05:58:04+00:00,2016-02-16T05:45:00+00:00,Tuesday,5,,,,,,,,,,,SOURCE_BAR_GAP,True,2016-02-16T00:00:00+00:00,2016-02-17T00:15:00+00:00,2016-02-12T22:00:00+00:00,2016-02-19T09:00:00+00:00
2016-02-16T17:10:39+00:00,2016-02-16T17:00:00+00:00,Tuesday,17,,,,,,,,,,,SOURCE_BAR_GAP,True,2016-02-16T00:00:00+00:00,2016-02-17T00:15:00+00:00,2016-02-12T22:00:00+00:00,2016-02-19T09:00:00+00:00
2016-02-16T20:20:00+00:00,2016-02-16T20:15:00+00:00,Tuesday,20,,,,,,,,,,,SOURCE_BAR_GAP,True,2016-02-16T00:00:00+00:00,2016-02-17T00:15:00+00:00,2016-02-12T22:00:00+00:00,2016-02-19T09:00:00+00:00
2016-02-17T02:00:26+00:00,2016-02-17T02:00:00+00:00,Wednesday,2,"[""er_16"", ""rv_16"", ""atr_change_1"", ""atr_change_8"", ""slope_atr_4"", ""slope_atr_16"", ""range_pos_16"", ""h1_er_8"", ""h1_atr_change_4"", ""h1_slope_atr_8"", ""h3_er_8"", ""h3_atr_change_4"", ""h3_slope_atr_8""]",13.0,7,7.0,2016-02-17T00:00:00+00:00,8.0,2.0,0.0,"[""er_16"", ""rv_16"", ""atr_change_1"", ""atr_change_8"", ""slope_atr_4"", ""slope_atr_16"", ""range_pos_16"", ""h1_er_8"", ""h1_atr_change_4"", ""h1_slope_atr_8"", ""h3_er_8"", ""h3_atr_change_4"", ""h3_slope_atr_8""]",UNEXPLAINED_DATA_GAP,MIDWEEK_SEGMENT_WARMUP,True,2016-02-17T01:45:00+00:00,2016-02-17T02:15:00+00:00,2016-02-12T22:00:00+00:00,2016-02-19T09:00:00+00:00
2016-02-17T11:05:05+00:00,2016-02-17T11:00:00+00:00,Wednesday,11,"[""h1_atr_change_4"", ""h1_slope_atr_8"", ""h3_er_8"", ""h3_atr_change_4"", ""h3_slope_atr_8""]",5.0,7,43.0,2016-02-17T00:00:00+00:00,44.0,11.0,3.0,"[""h1_atr_change_4"", ""h1_slope_atr_8"", ""h3_er_8"", ""h3_atr_change_4"", ""h3_slope_atr_8""]",UNEXPLAINED_DATA_GAP,MIDWEEK_SEGMENT_WARMUP,True,2016-02-17T10:45:00+00:00,2016-02-17T11:15:00+00:00,2016-02-12T22:00:00+00:00,2016-02-19T09:00:00+00:00
2016-02-18T09:13:35+00:00,2016-02-18T09:00:00+00:00,Thursday,9,"[""h3_atr_change_4"", ""h3_slope_atr_8""]",2.0,7,131.0,2016-02-17T00:00:00+00:00,132.0,33.0,11.0,"[""h3_atr_change_4"", ""h3_slope_atr_8""]",UNEXPLAINED_DATA_GAP,MIDWEEK_SEGMENT_WARMUP,True,2016-02-18T08:45:00+00:00,2016-02-18T09:15:00+00:00,2016-02-12T22:00:00+00:00,2016-02-19T09:00:00+00:00
2016-02-18T12:27:42+00:00,2016-02-18T12:15:00+00:00,Thursday,12,"[""h3_atr_change_4"", ""h3_slope_atr_8""]",2.0,7,144.0,2016-02-17T00:00:00+00:00,145.0,36.0,12.0,"[""h3_atr_change_4"", ""h3_slope_atr_8""]",UNEXPLAINED_DATA_GAP,MIDWEEK_SEGMENT_WARMUP,True,2016-02-18T12:00:00+00:00,2016-02-18T12:30:00+00:00,2016-02-12T22:00:00+00:00,2016-02-19T09:00:00+00:00
2016-02-18T17:00:31+00:00,2016-02-18T17:00:00+00:00,Thursday,17,"[""h3_atr_change_4"", ""h3_slope_atr_8""]",2.0,7,163.0,2016-02-17T00:00:00+00:00,164.0,41.0,13.0,"[""h3_atr_change_4"", ""h3_slope_atr_8""]",UNEXPLAINED_DATA_GAP,MIDWEEK_SEGMENT_WARMUP,True,2016-02-18T16:45:00+00:00,2016-02-18T17:15:00+00:00,2016-02-12T22:00:00+00:00,2016-02-19T09:00:00+00:00
2016-02-19T08:32:59+00:00,2016-02-19T08:30:00+00:00,Friday,8,"[""h3_atr_change_4""]",1.0,7,225.0,2016-02-17T00:00:00+00:00,226.0,56.0,18.0,"[""h3_atr_change_4""]",UNEXPLAINED_DATA_GAP,MIDWEEK_SEGMENT_WARMUP,True,2016-02-19T08:15:00+00:00,2016-02-19T08:45:00+00:00,2016-02-12T22:00:00+00:00,2016-02-19T09:00:00+00:00
2016-02-19T23:36:30+00:00,2016-02-19T23:30:00+00:00,Friday,23,,,,,,,,,,,SOURCE_BAR_GAP,True,2016-02-19T22:00:00+00:00,2016-02-21T00:15:00+00:00,2016-02-19T22:00:00+00:00,2016-02-23T09:00:00+00:00
2016-02-22T12:07:59+00:00,2016-02-22T12:00:00+00:00,Monday,12,"[""h3_atr_change_4"", ""h3_slope_atr_8""]",2.0,8,143.0,2016-02-21T00:00:00+00:00,144.0,36.0,12.0,"[""h3_atr_change_4"", ""h3_slope_atr_8""]",UNEXPLAINED_DATA_GAP,WEEKLY_SEGMENT_WARMUP,True,2016-02-22T11:45:00+00:00,2016-02-22T12:15:00+00:00,2016-02-19T22:00:00+00:00,2016-02-23T09:00:00+00:00
2016-02-23T01:35:39+00:00,2016-02-23T01:30:00+00:00,Tuesday,1,"[""h3_atr_change_4""]",1.0,8,197.0,2016-02-21T00:00:00+00:00,198.0,49.0,16.0,"[""h3_atr_change_4""]",UNEXPLAINED_DATA_GAP,WEEKLY_SEGMENT_WARMUP,True,2016-02-23T01:15:00+00:00,2016-02-23T01:45:00+00:00,2016-02-19T22:00:00+00:00,2016-02-23T09:00:00+00:00
2016-02-23T08:08:00+00:00,2016-02-23T08:00:00+00:00,Tuesday,8,"[""h3_atr_change_4""]",1.0,8,223.0,2016-02-21T00:00:00+00:00,224.0,56.0,18.0,"[""h3_atr_change_4""]",UNEXPLAINED_DATA_GAP,WEEKLY_SEGMENT_WARMUP,True,2016-02-23T07:45:00+00:00,2016-02-23T08:15:00+00:00,2016-02-19T22:00:00+00:00,2016-02-23T09:00:00+00:00
2016-02-29T06:23:35+00:00,2016-02-29T06:15:00+00:00,Monday,6,"[""h3_atr_change_4"", ""h3_slope_atr_8""]",2.0,9,120.0,2016-02-28T00:00:00+00:00,121.0,30.0,10.0,"[""h3_atr_change_4"", ""h3_slope_atr_8""]",UNEXPLAINED_DATA_GAP,WEEKLY_SEGMENT_WARMUP,True,2016-02-29T06:00:00+00:00,2016-02-29T06:30:00+00:00,2016-02-26T22:00:00+00:00,2016-03-01T09:00:00+00:00
2016-02-29T12:04:05+00:00,2016-02-29T12:00:00+00:00,Monday,12,"[""h3_atr_change_4"", ""h3_slope_atr_8""]",2.0,9,143.0,2016-02-28T00:00:00+00:00,144.0,36.0,12.0,"[""h3_atr_change_4"", ""h3_slope_atr_8""]",UNEXPLAINED_DATA_GAP,WEEKLY_SEGMENT_WARMUP,True,2016-02-29T11:45:00+00:00,2016-02-29T12:15:00+00:00,2016-02-26T22:00:00+00:00,2016-03-01T09:00:00+00:00
2016-02-29T17:21:31+00:00,2016-02-29T17:15:00+00:00,Monday,17,"[""h3_atr_change_4"", ""h3_slope_atr_8""]",2.0,9,164.0,2016-02-28T00:00:00+00:00,165.0,41.0,13.0,"[""h3_atr_change_4"", ""h3_slope_atr_8""]",UNEXPLAINED_DATA_GAP,WEEKLY_SEGMENT_WARMUP,True,2016-02-29T17:00:00+00:00,2016-02-29T17:30:00+00:00,2016-02-26T22:00:00+00:00,2016-03-01T09:00:00+00:00
2016-03-01T05:03:24+00:00,2016-03-01T05:00:00+00:00,Tuesday,5,"[""h3_atr_change_4""]",1.0,9,211.0,2016-02-28T00:00:00+00:00,212.0,53.0,17.0,"[""h3_atr_change_4""]",UNEXPLAINED_DATA_GAP,WEEKLY_SEGMENT_WARMUP,True,2016-03-01T04:45:00+00:00,2016-03-01T05:15:00+00:00,2016-02-26T22:00:00+00:00,2016-03-01T09:00:00+00:00
2016-03-07T00:01:00+00:00,2016-03-07T00:00:00+00:00,Monday,0,"[""atr_change_8"", ""h1_atr_change_4"", ""h3_er_8"", ""h3_atr_change_4"", ""h3_slope_atr_8""]",5.0,10,95.0,2016-03-06T00:00:00+00:00,96.0,24.0,8.0,"[""h3_er_8"", ""h3_atr_change_4"", ""h3_slope_atr_8""]",UNEXPLAINED_DATA_GAP,SPECIFIC_FEATURE_INCOMPLETE,False,2016-03-06T23:45:00+00:00,2016-03-07T00:15:00+00:00,2016-03-04T22:00:00+00:00,2016-03-08T09:00:00+00:00
2016-03-07T17:01:02+00:00,2016-03-07T17:00:00+00:00,Monday,17,"[""h3_atr_change_4"", ""h3_slope_atr_8""]",2.0,10,163.0,2016-03-06T00:00:00+00:00,164.0,41.0,13.0,"[""h3_atr_change_4"", ""h3_slope_atr_8""]",UNEXPLAINED_DATA_GAP,WEEKLY_SEGMENT_WARMUP,True,2016-03-07T16:45:00+00:00,2016-03-07T17:15:00+00:00,2016-03-04T22:00:00+00:00,2016-03-08T09:00:00+00:00
2016-03-14T09:34:04+00:00,2016-03-14T09:30:00+00:00,Monday,9,"[""h3_atr_change_4"", ""h3_slope_atr_8""]",2.0,11,133.0,2016-03-13T00:00:00+00:00,134.0,33.0,11.0,"[""h3_atr_change_4"", ""h3_slope_atr_8""]",UNEXPLAINED_DATA_GAP,WEEKLY_SEGMENT_WARMUP,True,2016-03-14T09:15:00+00:00,2016-03-14T09:45:00+00:00,2016-03-11T22:00:00+00:00,2016-03-15T09:00:00+00:00
2016-03-14T16:00:41+00:00,2016-03-14T16:00:00+00:00,Monday,16,"[""h3_atr_change_4"", ""h3_slope_atr_8""]",2.0,11,159.0,2016-03-13T00:00:00+00:00,160.0,40.0,13.0,"[""h3_atr_change_4"", ""h3_slope_atr_8""]",UNEXPLAINED_DATA_GAP,WEEKLY_SEGMENT_WARMUP,True,2016-03-14T15:45:00+00:00,2016-03-14T16:15:00+00:00,2016-03-11T22:00:00+00:00,2016-03-15T09:00:00+00:00
2016-03-14T19:52:05+00:00,2016-03-14T19:45:00+00:00,Monday,19,"[""h3_atr_change_4"", ""h3_slope_atr_8""]",2.0,11,174.0,2016-03-13T00:00:00+00:00,175.0,43.0,14.0,"[""h3_atr_change_4"", ""h3_slope_atr_8""]",UNEXPLAINED_DATA_GAP,WEEKLY_SEGMENT_WARMUP,True,2016-03-14T19:30:00+00:00,2016-03-14T20:00:00+00:00,2016-03-11T22:00:00+00:00,2016-03-15T09:00:00+00:00
2016-03-15T07:23:23+00:00,2016-03-15T07:15:00+00:00,Tuesday,7,"[""h3_atr_change_4""]",1.0,11,220.0,2016-03-13T00:00:00+00:00,221.0,55.0,18.0,"[""h3_atr_change_4""]",UNEXPLAINED_DATA_GAP,WEEKLY_SEGMENT_WARMUP,True,2016-03-15T07:00:00+00:00,2016-03-15T07:30:00+00:00,2016-03-11T22:00:00+00:00,2016-03-15T09:00:00+00:00
2016-03-18T22:58:43+00:00,2016-03-18T22:45:00+00:00,Friday,22,,,,,,,,,,,SOURCE_BAR_GAP,True,2016-03-18T21:00:00+00:00,2016-03-20T00:15:00+00:00,2016-03-18T21:00:00+00:00,2016-03-24T09:00:00+00:00
2016-03-21T09:19:29+00:00,2016-03-21T09:15:00+00:00,Monday,9,,,,,,,,,,,SOURCE_BAR_GAP,True,2016-03-21T00:00:00+00:00,2016-03-22T00:15:00+00:00,2016-03-18T21:00:00+00:00,2016-03-24T09:00:00+00:00
2016-03-21T22:55:31+00:00,2016-03-21T22:45:00+00:00,Monday,22,,,,,,,,,,,SOURCE_BAR_GAP,True,2016-03-21T00:00:00+00:00,2016-03-22T00:15:00+00:00,2016-03-18T21:00:00+00:00,2016-03-24T09:00:00+00:00
2016-03-22T10:12:23+00:00,2016-03-22T10:00:00+00:00,Tuesday,10,"[""h1_atr_change_4"", ""h1_slope_atr_8"", ""h3_er_8"", ""h3_atr_change_4"", ""h3_slope_atr_8""]",5.0,13,39.0,2016-03-22T00:00:00+00:00,40.0,10.0,3.0,"[""h1_atr_change_4"", ""h1_slope_atr_8"", ""h3_er_8"", ""h3_atr_change_4"", ""h3_slope_atr_8""]",UNEXPLAINED_DATA_GAP,MIDWEEK_SEGMENT_WARMUP,True,2016-03-22T09:45:00+00:00,2016-03-22T10:15:00+00:00,2016-03-18T21:00:00+00:00,2016-03-24T09:00:00+00:00
2016-03-23T02:01:34+00:00,2016-03-23T02:00:00+00:00,Wednesday,2,"[""h3_er_8"", ""h3_atr_change_4"", ""h3_slope_atr_8""]",3.0,13,103.0,2016-03-22T00:00:00+00:00,104.0,26.0,8.0,"[""h3_er_8"", ""h3_atr_change_4"", ""h3_slope_atr_8""]",UNEXPLAINED_DATA_GAP,MIDWEEK_SEGMENT_WARMUP,True,2016-03-23T01:45:00+00:00,2016-03-23T02:15:00+00:00,2016-03-18T21:00:00+00:00,2016-03-24T09:00:00+00:00
2016-03-23T16:20:38+00:00,2016-03-23T16:15:00+00:00,Wednesday,16,"[""h3_atr_change_4"", ""h3_slope_atr_8""]",2.0,13,160.0,2016-03-22T00:00:00+00:00,161.0,40.0,13.0,"[""h3_atr_change_4"", ""h3_slope_atr_8""]",UNEXPLAINED_DATA_GAP,MIDWEEK_SEGMENT_WARMUP,True,2016-03-23T16:00:00+00:00,2016-03-23T16:30:00+00:00,2016-03-18T21:00:00+00:00,2016-03-24T09:00:00+00:00
2016-03-24T03:02:41+00:00,2016-03-24T03:00:00+00:00,Thursday,3,"[""h3_atr_change_4""]",1.0,13,203.0,2016-03-22T00:00:00+00:00,204.0,51.0,17.0,"[""h3_atr_change_4""]",UNEXPLAINED_DATA_GAP,MIDWEEK_SEGMENT_WARMUP,True,2016-03-24T02:45:00+00:00,2016-03-24T03:15:00+00:00,2016-03-18T21:00:00+00:00,2016-03-24T09:00:00+00:00
2016-03-24T07:30:03+00:00,2016-03-24T07:30:00+00:00,Thursday,7,"[""h3_atr_change_4""]",1.0,13,221.0,2016-03-22T00:00:00+00:00,222.0,55.0,18.0,"[""h3_atr_change_4""]",UNEXPLAINED_DATA_GAP,MIDWEEK_SEGMENT_WARMUP,True,2016-03-24T07:15:00+00:00,2016-03-24T07:45:00+00:00,2016-03-18T21:00:00+00:00,2016-03-24T09:00:00+00:00
2016-03-29T00:11:17+00:00,2016-03-29T00:00:00+00:00,Tuesday,0,"[""h3_atr_change_4""]",1.0,14,191.0,2016-03-27T00:00:00+00:00,192.0,48.0,16.0,"[""h3_atr_change_4""]",UNEXPLAINED_DATA_GAP,WEEKLY_SEGMENT_WARMUP,True,2016-03-28T23:45:00+00:00,2016-03-29T00:15:00+00:00,2016-03-25T21:00:00+00:00,2016-03-29T09:00:00+00:00
2016-03-29T04:01:05+00:00,2016-03-29T04:00:00+00:00,Tuesday,4,"[""h3_atr_change_4""]",1.0,14,207.0,2016-03-27T00:00:00+00:00,208.0,52.0,17.0,"[""h3_atr_change_4""]",UNEXPLAINED_DATA_GAP,WEEKLY_SEGMENT_WARMUP,True,2016-03-29T03:45:00+00:00,2016-03-29T04:15:00+00:00,2016-03-25T21:00:00+00:00,2016-03-29T09:00:00+00:00
2016-03-29T07:04:25+00:00,2016-03-29T07:00:00+00:00,Tuesday,7,"[""h3_atr_change_4""]",1.0,14,219.0,2016-03-27T00:00:00+00:00,220.0,55.0,18.0,"[""h3_atr_change_4""]",UNEXPLAINED_DATA_GAP,WEEKLY_SEGMENT_WARMUP,True,2016-03-29T06:45:00+00:00,2016-03-29T07:15:00+00:00,2016-03-25T21:00:00+00:00,2016-03-29T09:00:00+00:00
2016-04-04T12:41:41+00:00,2016-04-04T12:30:00+00:00,Monday,12,,,,,,,,,,,SOURCE_BAR_GAP,True,2016-04-04T00:00:00+00:00,2016-04-05T00:15:00+00:00,2016-04-01T21:00:00+00:00,2016-04-07T09:00:00+00:00
2016-04-05T07:09:02+00:00,2016-04-05T07:00:00+00:00,Tuesday,7,"[""h1_er_8"", ""h1_atr_change_4"", ""h1_slope_atr_8"", ""h3_er_8"", ""h3_atr_change_4"", ""h3_slope_atr_8""]",6.0,16,27.0,2016-04-05T00:00:00+00:00,28.0,7.0,2.0,"[""h1_er_8"", ""h1_atr_change_4"", ""h1_slope_atr_8"", ""h3_er_8"", ""h3_atr_change_4"", ""h3_slope_atr_8""]",UNEXPLAINED_DATA_GAP,MIDWEEK_SEGMENT_WARMUP,True,2016-04-05T06:45:00+00:00,2016-04-05T07:15:00+00:00,2016-04-01T21:00:00+00:00,2016-04-07T09:00:00+00:00
2016-04-05T17:06:41+00:00,2016-04-05T17:00:00+00:00,Tuesday,17,"[""h1_atr_change_4"", ""h3_er_8"", ""h3_atr_change_4"", ""h3_slope_atr_8""]",4.0,16,67.0,2016-04-05T00:00:00+00:00,68.0,17.0,5.0,"[""h1_atr_change_4"", ""h3_er_8"", ""h3_atr_change_4"", ""h3_slope_atr_8""]",UNEXPLAINED_DATA_GAP,MIDWEEK_SEGMENT_WARMUP,True,2016-04-05T16:45:00+00:00,2016-04-05T17:15:00+00:00,2016-04-01T21:00:00+00:00,2016-04-07T09:00:00+00:00
2016-04-06T01:42:19+00:00,2016-04-06T01:30:00+00:00,Wednesday,1,"[""h3_er_8"", ""h3_atr_change_4"", ""h3_slope_atr_8""]",3.0,16,101.0,2016-04-05T00:00:00+00:00,102.0,25.0,8.0,"[""h3_er_8"", ""h3_atr_change_4"", ""h3_slope_atr_8""]",UNEXPLAINED_DATA_GAP,MIDWEEK_SEGMENT_WARMUP,True,2016-04-06T01:15:00+00:00,2016-04-06T01:45:00+00:00,2016-04-01T21:00:00+00:00,2016-04-07T09:00:00+00:00
2016-04-06T04:08:04+00:00,2016-04-06T04:00:00+00:00,Wednesday,4,"[""h3_atr_change_4"", ""h3_slope_atr_8""]",2.0,16,111.0,2016-04-05T00:00:00+00:00,112.0,28.0,9.0,"[""h3_atr_change_4"", ""h3_slope_atr_8""]",UNEXPLAINED_DATA_GAP,MIDWEEK_SEGMENT_WARMUP,True,2016-04-06T03:45:00+00:00,2016-04-06T04:15:00+00:00,2016-04-01T21:00:00+00:00,2016-04-07T09:00:00+00:00
2016-04-06T13:11:04+00:00,2016-04-06T13:00:00+00:00,Wednesday,13,"[""h3_atr_change_4"", ""h3_slope_atr_8""]",2.0,16,147.0,2016-04-05T00:00:00+00:00,148.0,37.0,12.0,"[""h3_atr_change_4"", ""h3_slope_atr_8""]",UNEXPLAINED_DATA_GAP,MIDWEEK_SEGMENT_WARMUP,True,2016-04-06T12:45:00+00:00,2016-04-06T13:15:00+00:00,2016-04-01T21:00:00+00:00,2016-04-07T09:00:00+00:00
2016-04-11T10:01:15+00:00,2016-04-11T10:00:00+00:00,Monday,10,"[""h3_atr_change_4"", ""h3_slope_atr_8""]",2.0,17,135.0,2016-04-10T00:00:00+00:00,136.0,34.0,11.0,"[""h3_atr_change_4"", ""h3_slope_atr_8""]",UNEXPLAINED_DATA_GAP,WEEKLY_SEGMENT_WARMUP,True,2016-04-11T09:45:00+00:00,2016-04-11T10:15:00+00:00,2016-04-08T21:00:00+00:00,2016-04-12T09:00:00+00:00
2016-04-11T19:00:39+00:00,2016-04-11T19:00:00+00:00,Monday,19,"[""h3_atr_change_4"", ""h3_slope_atr_8""]",2.0,17,171.0,2016-04-10T00:00:00+00:00,172.0,43.0,14.0,"[""h3_atr_change_4"", ""h3_slope_atr_8""]",UNEXPLAINED_DATA_GAP,WEEKLY_SEGMENT_WARMUP,True,2016-04-11T18:45:00+00:00,2016-04-11T19:15:00+00:00,2016-04-08T21:00:00+00:00,2016-04-12T09:00:00+00:00
2016-04-11T22:07:23+00:00,2016-04-11T22:00:00+00:00,Monday,22,"[""h3_atr_change_4""]",1.0,17,183.0,2016-04-10T00:00:00+00:00,184.0,46.0,15.0,"[""h3_atr_change_4""]",UNEXPLAINED_DATA_GAP,WEEKLY_SEGMENT_WARMUP,True,2016-04-11T21:45:00+00:00,2016-04-11T22:15:00+00:00,2016-04-08T21:00:00+00:00,2016-04-12T09:00:00+00:00
2016-04-18T04:02:29+00:00,2016-04-18T04:00:00+00:00,Monday,4,"[""h3_atr_change_4"", ""h3_slope_atr_8""]",2.0,18,111.0,2016-04-17T00:00:00+00:00,112.0,28.0,9.0,"[""h3_atr_change_4"", ""h3_slope_atr_8""]",UNEXPLAINED_DATA_GAP,WEEKLY_SEGMENT_WARMUP,True,2016-04-18T03:45:00+00:00,2016-04-18T04:15:00+00:00,2016-04-15T21:00:00+00:00,2016-04-19T09:00:00+00:00
2016-04-18T16:25:40+00:00,2016-04-18T16:15:00+00:00,Monday,16,"[""h3_atr_change_4"", ""h3_slope_atr_8""]",2.0,18,160.0,2016-04-17T00:00:00+00:00,161.0,40.0,13.0,"[""h3_atr_change_4"", ""h3_slope_atr_8""]",UNEXPLAINED_DATA_GAP,WEEKLY_SEGMENT_WARMUP,True,2016-04-18T16:00:00+00:00,2016-04-18T16:30:00+00:00,2016-04-15T21:00:00+00:00,2016-04-19T09:00:00+00:00
2016-04-19T01:12:36+00:00,2016-04-19T01:00:00+00:00,Tuesday,1,"[""h3_atr_change_4""]",1.0,18,195.0,2016-04-17T00:00:00+00:00,196.0,49.0,16.0,"[""h3_atr_change_4""]",UNEXPLAINED_DATA_GAP,WEEKLY_SEGMENT_WARMUP,True,2016-04-19T00:45:00+00:00,2016-04-19T01:15:00+00:00,2016-04-15T21:00:00+00:00,2016-04-19T09:00:00+00:00
2016-04-22T07:35:42+00:00,2016-04-22T07:30:00+00:00,Friday,7,,,,,,,,,,,SOURCE_BAR_GAP,True,2016-04-22T00:00:00+00:00,2016-04-24T00:15:00+00:00,2016-04-22T00:00:00+00:00,2016-04-26T09:00:00+00:00
2016-04-22T10:00:27+00:00,2016-04-22T10:00:00+00:00,Friday,10,,,,,,,,,,,SOURCE_BAR_GAP,True,2016-04-22T00:00:00+00:00,2016-04-24T00:15:00+00:00,2016-04-22T00:00:00+00:00,2016-04-26T09:00:00+00:00
2016-04-22T20:02:37+00:00,2016-04-22T20:00:00+00:00,Friday,20,,,,,,,,,,,SOURCE_BAR_GAP,True,2016-04-22T00:00:00+00:00,2016-04-24T00:15:00+00:00,2016-04-22T00:00:00+00:00,2016-04-26T09:00:00+00:00
2016-04-25T10:01:28+00:00,2016-04-25T10:00:00+00:00,Monday,10,"[""h3_atr_change_4"", ""h3_slope_atr_8""]",2.0,19,135.0,2016-04-24T00:00:00+00:00,136.0,34.0,11.0,"[""h3_atr_change_4"", ""h3_slope_atr_8""]",UNEXPLAINED_DATA_GAP,MIDWEEK_SEGMENT_WARMUP,True,2016-04-25T09:45:00+00:00,2016-04-25T10:15:00+00:00,2016-04-22T00:00:00+00:00,2016-04-26T09:00:00+00:00
2016-04-25T16:12:37+00:00,2016-04-25T16:00:00+00:00,Monday,16,"[""h3_atr_change_4"", ""h3_slope_atr_8""]",2.0,19,159.0,2016-04-24T00:00:00+00:00,160.0,40.0,13.0,"[""h3_atr_change_4"", ""h3_slope_atr_8""]",UNEXPLAINED_DATA_GAP,MIDWEEK_SEGMENT_WARMUP,True,2016-04-25T15:45:00+00:00,2016-04-25T16:15:00+00:00,2016-04-22T00:00:00+00:00,2016-04-26T09:00:00+00:00
2016-04-26T08:05:30+00:00,2016-04-26T08:00:00+00:00,Tuesday,8,"[""h3_atr_change_4""]",1.0,19,223.0,2016-04-24T00:00:00+00:00,224.0,56.0,18.0,"[""h3_atr_change_4""]",UNEXPLAINED_DATA_GAP,MIDWEEK_SEGMENT_WARMUP,True,2016-04-26T07:45:00+00:00,2016-04-26T08:15:00+00:00,2016-04-22T00:00:00+00:00,2016-04-26T09:00:00+00:00
2016-05-02T09:46:00+00:00,2016-05-02T09:45:00+00:00,Monday,9,"[""h3_atr_change_4"", ""h3_slope_atr_8""]",2.0,20,134.0,2016-05-01T00:00:00+00:00,135.0,33.0,11.0,"[""h3_atr_change_4"", ""h3_slope_atr_8""]",UNEXPLAINED_DATA_GAP,WEEKLY_SEGMENT_WARMUP,True,2016-05-02T09:30:00+00:00,2016-05-02T10:00:00+00:00,2016-04-29T21:00:00+00:00,2016-05-03T09:00:00+00:00
2016-05-02T16:00:31+00:00,2016-05-02T16:00:00+00:00,Monday,16,"[""h3_atr_change_4"", ""h3_slope_atr_8""]",2.0,20,159.0,2016-05-01T00:00:00+00:00,160.0,40.0,13.0,"[""h3_atr_change_4"", ""h3_slope_atr_8""]",UNEXPLAINED_DATA_GAP,WEEKLY_SEGMENT_WARMUP,True,2016-05-02T15:45:00+00:00,2016-05-02T16:15:00+00:00,2016-04-29T21:00:00+00:00,2016-05-03T09:00:00+00:00
2016-05-03T07:30:15+00:00,2016-05-03T07:30:00+00:00,Tuesday,7,"[""h3_atr_change_4""]",1.0,20,221.0,2016-05-01T00:00:00+00:00,222.0,55.0,18.0,"[""h3_atr_change_4""]",UNEXPLAINED_DATA_GAP,WEEKLY_SEGMENT_WARMUP,True,2016-05-03T07:15:00+00:00,2016-05-03T07:45:00+00:00,2016-04-29T21:00:00+00:00,2016-05-03T09:00:00+00:00
2016-05-09T10:44:31+00:00,2016-05-09T10:30:00+00:00,Monday,10,"[""h3_atr_change_4"", ""h3_slope_atr_8""]",2.0,21,137.0,2016-05-08T00:00:00+00:00,138.0,34.0,11.0,"[""h3_atr_change_4"", ""h3_slope_atr_8""]",UNEXPLAINED_DATA_GAP,WEEKLY_SEGMENT_WARMUP,True,2016-05-09T10:15:00+00:00,2016-05-09T10:45:00+00:00,2016-05-06T21:00:00+00:00,2016-05-10T09:00:00+00:00
2016-05-09T13:04:31+00:00,2016-05-09T13:00:00+00:00,Monday,13,"[""h3_atr_change_4"", ""h3_slope_atr_8""]",2.0,21,147.0,2016-05-08T00:00:00+00:00,148.0,37.0,12.0,"[""h3_atr_change_4"", ""h3_slope_atr_8""]",UNEXPLAINED_DATA_GAP,WEEKLY_SEGMENT_WARMUP,True,2016-05-09T12:45:00+00:00,2016-05-09T13:15:00+00:00,2016-05-06T21:00:00+00:00,2016-05-10T09:00:00+00:00
2016-05-09T16:09:41+00:00,2016-05-09T16:00:00+00:00,Monday,16,"[""h3_atr_change_4"", ""h3_slope_atr_8""]",2.0,21,159.0,2016-05-08T00:00:00+00:00,160.0,40.0,13.0,"[""h3_atr_change_4"", ""h3_slope_atr_8""]",UNEXPLAINED_DATA_GAP,WEEKLY_SEGMENT_WARMUP,True,2016-05-09T15:45:00+00:00,2016-05-09T16:15:00+00:00,2016-05-06T21:00:00+00:00,2016-05-10T09:00:00+00:00
2016-05-09T19:31:42+00:00,2016-05-09T19:30:00+00:00,Monday,19,"[""h3_atr_change_4"", ""h3_slope_atr_8""]",2.0,21,173.0,2016-05-08T00:00:00+00:00,174.0,43.0,14.0,"[""h3_atr_change_4"", ""h3_slope_atr_8""]",UNEXPLAINED_DATA_GAP,WEEKLY_SEGMENT_WARMUP,True,2016-05-09T19:15:00+00:00,2016-05-09T19:45:00+00:00,2016-05-06T21:00:00+00:00,2016-05-10T09:00:00+00:00
2016-05-16T13:17:01+00:00,2016-05-16T13:15:00+00:00,Monday,13,"[""h3_atr_change_4"", ""h3_slope_atr_8""]",2.0,22,148.0,2016-05-15T00:00:00+00:00,149.0,37.0,12.0,"[""h3_atr_change_4"", ""h3_slope_atr_8""]",UNEXPLAINED_DATA_GAP,WEEKLY_SEGMENT_WARMUP,True,2016-05-16T13:00:00+00:00,2016-05-16T13:30:00+00:00,2016-05-13T21:00:00+00:00,2016-05-17T09:00:00+00:00
2016-05-16T20:59:35+00:00,2016-05-16T20:45:00+00:00,Monday,20,"[""h3_atr_change_4"", ""h3_slope_atr_8""]",2.0,22,178.0,2016-05-15T00:00:00+00:00,179.0,44.0,14.0,"[""h3_atr_change_4"", ""h3_slope_atr_8""]",UNEXPLAINED_DATA_GAP,WEEKLY_SEGMENT_WARMUP,True,2016-05-16T20:30:00+00:00,2016-05-16T21:00:00+00:00,2016-05-13T21:00:00+00:00,2016-05-17T09:00:00+00:00
2016-05-20T13:11:39+00:00,2016-05-20T13:00:00+00:00,Friday,13,,,,,,,,,,,SOURCE_BAR_GAP,True,2016-05-20T00:00:00+00:00,2016-05-22T00:15:00+00:00,2016-05-20T00:00:00+00:00,2016-05-24T09:00:00+00:00
2016-05-23T10:44:31+00:00,2016-05-23T10:30:00+00:00,Monday,10,"[""h3_atr_change_4"", ""h3_slope_atr_8""]",2.0,23,137.0,2016-05-22T00:00:00+00:00,138.0,34.0,11.0,"[""h3_atr_change_4"", ""h3_slope_atr_8""]",UNEXPLAINED_DATA_GAP,MIDWEEK_SEGMENT_WARMUP,True,2016-05-23T10:15:00+00:00,2016-05-23T10:45:00+00:00,2016-05-20T00:00:00+00:00,2016-05-24T09:00:00+00:00
2016-05-24T01:01:40+00:00,2016-05-24T01:00:00+00:00,Tuesday,1,"[""h3_atr_change_4""]",1.0,23,195.0,2016-05-22T00:00:00+00:00,196.0,49.0,16.0,"[""h3_atr_change_4""]",UNEXPLAINED_DATA_GAP,MIDWEEK_SEGMENT_WARMUP,True,2016-05-24T00:45:00+00:00,2016-05-24T01:15:00+00:00,2016-05-20T00:00:00+00:00,2016-05-24T09:00:00+00:00
2016-05-30T07:22:15+00:00,2016-05-30T07:15:00+00:00,Monday,7,"[""h3_atr_change_4"", ""h3_slope_atr_8""]",2.0,24,124.0,2016-05-29T00:00:00+00:00,125.0,31.0,10.0,"[""h3_atr_change_4"", ""h3_slope_atr_8""]",UNEXPLAINED_DATA_GAP,WEEKLY_SEGMENT_WARMUP,True,2016-05-30T07:00:00+00:00,2016-05-30T07:30:00+00:00,2016-05-27T21:00:00+00:00,2016-05-31T09:00:00+00:00
2016-05-30T19:09:24+00:00,2016-05-30T19:00:00+00:00,Monday,19,"[""h3_atr_change_4"", ""h3_slope_atr_8""]",2.0,24,171.0,2016-05-29T00:00:00+00:00,172.0,43.0,14.0,"[""h3_atr_change_4"", ""h3_slope_atr_8""]",UNEXPLAINED_DATA_GAP,WEEKLY_SEGMENT_WARMUP,True,2016-05-30T18:45:00+00:00,2016-05-30T19:15:00+00:00,2016-05-27T21:00:00+00:00,2016-05-31T09:00:00+00:00
2016-05-31T00:35:21+00:00,2016-05-31T00:30:00+00:00,Tuesday,0,"[""h3_atr_change_4""]",1.0,24,193.0,2016-05-29T00:00:00+00:00,194.0,48.0,16.0,"[""h3_atr_change_4""]",UNEXPLAINED_DATA_GAP,WEEKLY_SEGMENT_WARMUP,True,2016-05-31T00:15:00+00:00,2016-05-31T00:45:00+00:00,2016-05-27T21:00:00+00:00,2016-05-31T09:00:00+00:00
2016-05-31T07:08:27+00:00,2016-05-31T07:00:00+00:00,Tuesday,7,"[""h3_atr_change_4""]",1.0,24,219.0,2016-05-29T00:00:00+00:00,220.0,55.0,18.0,"[""h3_atr_change_4""]",UNEXPLAINED_DATA_GAP,WEEKLY_SEGMENT_WARMUP,True,2016-05-31T06:45:00+00:00,2016-05-31T07:15:00+00:00,2016-05-27T21:00:00+00:00,2016-05-31T09:00:00+00:00
2016-06-06T10:00:40+00:00,2016-06-06T10:00:00+00:00,Monday,10,"[""h3_atr_change_4"", ""h3_slope_atr_8""]",2.0,25,135.0,2016-06-05T00:00:00+00:00,136.0,34.0,11.0,"[""h3_atr_change_4"", ""h3_slope_atr_8""]",UNEXPLAINED_DATA_GAP,WEEKLY_SEGMENT_WARMUP,True,2016-06-06T09:45:00+00:00,2016-06-06T10:15:00+00:00,2016-06-03T21:00:00+00:00,2016-06-07T09:00:00+00:00
2016-06-06T13:35:01+00:00,2016-06-06T13:30:00+00:00,Monday,13,"[""h3_atr_change_4"", ""h3_slope_atr_8""]",2.0,25,149.0,2016-06-05T00:00:00+00:00,150.0,37.0,12.0,"[""h3_atr_change_4"", ""h3_slope_atr_8""]",UNEXPLAINED_DATA_GAP,WEEKLY_SEGMENT_WARMUP,True,2016-06-06T13:15:00+00:00,2016-06-06T13:45:00+00:00,2016-06-03T21:00:00+00:00,2016-06-07T09:00:00+00:00
2016-06-06T19:30:27+00:00,2016-06-06T19:30:00+00:00,Monday,19,"[""h3_atr_change_4"", ""h3_slope_atr_8""]",2.0,25,173.0,2016-06-05T00:00:00+00:00,174.0,43.0,14.0,"[""h3_atr_change_4"", ""h3_slope_atr_8""]",UNEXPLAINED_DATA_GAP,WEEKLY_SEGMENT_WARMUP,True,2016-06-06T19:15:00+00:00,2016-06-06T19:45:00+00:00,2016-06-03T21:00:00+00:00,2016-06-07T09:00:00+00:00
2016-06-07T04:27:28+00:00,2016-06-07T04:15:00+00:00,Tuesday,4,"[""h3_atr_change_4""]",1.0,25,208.0,2016-06-05T00:00:00+00:00,209.0,52.0,17.0,"[""h3_atr_change_4""]",UNEXPLAINED_DATA_GAP,WEEKLY_SEGMENT_WARMUP,True,2016-06-07T04:00:00+00:00,2016-06-07T04:30:00+00:00,2016-06-03T21:00:00+00:00,2016-06-07T09:00:00+00:00
2016-06-08T13:21:59+00:00,2016-06-08T13:15:00+00:00,Wednesday,13,,,,,,,,,,,SOURCE_BAR_GAP,True,2016-06-08T00:00:00+00:00,2016-06-09T00:15:00+00:00,2016-06-08T00:00:00+00:00,2016-06-14T09:00:00+00:00
2016-06-08T22:42:59+00:00,2016-06-08T22:30:00+00:00,Wednesday,22,,,,,,,,,,,SOURCE_BAR_GAP,True,2016-06-08T00:00:00+00:00,2016-06-09T00:15:00+00:00,2016-06-08T00:00:00+00:00,2016-06-14T09:00:00+00:00
2016-06-09T02:02:35+00:00,2016-06-09T02:00:00+00:00,Thursday,2,"[""er_16"", ""rv_16"", ""atr_change_1"", ""atr_change_8"", ""slope_atr_4"", ""slope_atr_16"", ""range_pos_16"", ""h1_er_8"", ""h1_atr_change_4"", ""h1_slope_atr_8"", ""h3_er_8"", ""h3_atr_change_4"", ""h3_slope_atr_8""]",13.0,26,7.0,2016-06-09T00:00:00+00:00,8.0,2.0,0.0,"[""er_16"", ""rv_16"", ""atr_change_1"", ""atr_change_8"", ""slope_atr_4"", ""slope_atr_16"", ""range_pos_16"", ""h1_er_8"", ""h1_atr_change_4"", ""h1_slope_atr_8"", ""h3_er_8"", ""h3_atr_change_4"", ""h3_slope_atr_8""]",UNEXPLAINED_DATA_GAP,MIDWEEK_SEGMENT_WARMUP,True,2016-06-09T01:45:00+00:00,2016-06-09T02:15:00+00:00,2016-06-08T00:00:00+00:00,2016-06-14T09:00:00+00:00
2016-06-09T09:04:04+00:00,2016-06-09T09:00:00+00:00,Thursday,9,"[""h1_atr_change_4"", ""h1_slope_atr_8"", ""h3_er_8"", ""h3_atr_change_4"", ""h3_slope_atr_8""]",5.0,26,35.0,2016-06-09T00:00:00+00:00,36.0,9.0,3.0,"[""h1_atr_change_4"", ""h1_slope_atr_8"", ""h3_er_8"", ""h3_atr_change_4"", ""h3_slope_atr_8""]",UNEXPLAINED_DATA_GAP,MIDWEEK_SEGMENT_WARMUP,True,2016-06-09T08:45:00+00:00,2016-06-09T09:15:00+00:00,2016-06-08T00:00:00+00:00,2016-06-14T09:00:00+00:00
2016-06-09T10:29:38+00:00,2016-06-09T10:15:00+00:00,Thursday,10,"[""h1_atr_change_4"", ""h1_slope_atr_8"", ""h3_er_8"", ""h3_atr_change_4"", ""h3_slope_atr_8""]",5.0,26,40.0,2016-06-09T00:00:00+00:00,41.0,10.0,3.0,"[""h1_atr_change_4"", ""h1_slope_atr_8"", ""h3_er_8"", ""h3_atr_change_4"", ""h3_slope_atr_8""]",UNEXPLAINED_DATA_GAP,MIDWEEK_SEGMENT_WARMUP,True,2016-06-09T10:00:00+00:00,2016-06-09T10:30:00+00:00,2016-06-08T00:00:00+00:00,2016-06-14T09:00:00+00:00
2016-06-09T19:03:41+00:00,2016-06-09T19:00:00+00:00,Thursday,19,"[""h3_er_8"", ""h3_atr_change_4"", ""h3_slope_atr_8""]",3.0,26,75.0,2016-06-09T00:00:00+00:00,76.0,19.0,6.0,"[""h3_er_8"", ""h3_atr_change_4"", ""h3_slope_atr_8""]",UNEXPLAINED_DATA_GAP,MIDWEEK_SEGMENT_WARMUP,True,2016-06-09T18:45:00+00:00,2016-06-09T19:15:00+00:00,2016-06-08T00:00:00+00:00,2016-06-14T09:00:00+00:00
2016-06-09T22:35:40+00:00,2016-06-09T22:30:00+00:00,Thursday,22,"[""h3_er_8"", ""h3_atr_change_4"", ""h3_slope_atr_8""]",3.0,26,89.0,2016-06-09T00:00:00+00:00,90.0,22.0,7.0,"[""h3_er_8"", ""h3_atr_change_4"", ""h3_slope_atr_8""]",UNEXPLAINED_DATA_GAP,MIDWEEK_SEGMENT_WARMUP,True,2016-06-09T22:15:00+00:00,2016-06-09T22:45:00+00:00,2016-06-08T00:00:00+00:00,2016-06-14T09:00:00+00:00
2016-06-10T20:49:03+00:00,2016-06-10T20:45:00+00:00,Friday,20,"[""h3_atr_change_4"", ""h3_slope_atr_8""]",2.0,26,178.0,2016-06-09T00:00:00+00:00,179.0,44.0,14.0,"[""h3_atr_change_4"", ""h3_slope_atr_8""]",UNEXPLAINED_DATA_GAP,MIDWEEK_SEGMENT_WARMUP,True,2016-06-10T20:30:00+00:00,2016-06-10T21:00:00+00:00,2016-06-08T00:00:00+00:00,2016-06-14T09:00:00+00:00
2016-06-13T04:02:02+00:00,2016-06-13T04:00:00+00:00,Monday,4,"[""h3_atr_change_4"", ""h3_slope_atr_8""]",2.0,27,111.0,2016-06-12T00:00:00+00:00,112.0,28.0,9.0,"[""h3_atr_change_4"", ""h3_slope_atr_8""]",UNEXPLAINED_DATA_GAP,WEEKLY_SEGMENT_WARMUP,True,2016-06-13T03:45:00+00:00,2016-06-13T04:15:00+00:00,2016-06-08T00:00:00+00:00,2016-06-14T09:00:00+00:00
2016-06-13T15:42:40+00:00,2016-06-13T15:30:00+00:00,Monday,15,"[""h3_atr_change_4"", ""h3_slope_atr_8""]",2.0,27,157.0,2016-06-12T00:00:00+00:00,158.0,39.0,13.0,"[""h3_atr_change_4"", ""h3_slope_atr_8""]",UNEXPLAINED_DATA_GAP,WEEKLY_SEGMENT_WARMUP,True,2016-06-13T15:15:00+00:00,2016-06-13T15:45:00+00:00,2016-06-08T00:00:00+00:00,2016-06-14T09:00:00+00:00
2016-06-14T07:09:38+00:00,2016-06-14T07:00:00+00:00,Tuesday,7,"[""h3_atr_change_4""]",1.0,27,219.0,2016-06-12T00:00:00+00:00,220.0,55.0,18.0,"[""h3_atr_change_4""]",UNEXPLAINED_DATA_GAP,WEEKLY_SEGMENT_WARMUP,True,2016-06-14T06:45:00+00:00,2016-06-14T07:15:00+00:00,2016-06-08T00:00:00+00:00,2016-06-14T09:00:00+00:00
2016-06-20T13:08:59+00:00,2016-06-20T13:00:00+00:00,Monday,13,"[""h3_atr_change_4"", ""h3_slope_atr_8""]",2.0,28,147.0,2016-06-19T00:00:00+00:00,148.0,37.0,12.0,"[""h3_atr_change_4"", ""h3_slope_atr_8""]",UNEXPLAINED_DATA_GAP,WEEKLY_SEGMENT_WARMUP,True,2016-06-20T12:45:00+00:00,2016-06-20T13:15:00+00:00,2016-06-17T21:00:00+00:00,2016-06-21T09:00:00+00:00
2016-06-20T18:11:30+00:00,2016-06-20T18:00:00+00:00,Monday,18,"[""h3_atr_change_4"", ""h3_slope_atr_8""]",2.0,28,167.0,2016-06-19T00:00:00+00:00,168.0,42.0,14.0,"[""h3_atr_change_4"", ""h3_slope_atr_8""]",UNEXPLAINED_DATA_GAP,WEEKLY_SEGMENT_WARMUP,True,2016-06-20T17:45:00+00:00,2016-06-20T18:15:00+00:00,2016-06-17T21:00:00+00:00,2016-06-21T09:00:00+00:00
2016-06-24T22:00:04+00:00,2016-06-24T22:00:00+00:00,Friday,22,,,,,,,,,,,SOURCE_BAR_GAP,True,2016-06-24T21:00:00+00:00,2016-06-26T00:15:00+00:00,2016-06-24T21:00:00+00:00,2016-06-28T09:00:00+00:00
2016-06-27T13:02:02+00:00,2016-06-27T13:00:00+00:00,Monday,13,"[""h3_atr_change_4"", ""h3_slope_atr_8""]",2.0,29,147.0,2016-06-26T00:00:00+00:00,148.0,37.0,12.0,"[""h3_atr_change_4"", ""h3_slope_atr_8""]",UNEXPLAINED_DATA_GAP,WEEKLY_SEGMENT_WARMUP,True,2016-06-27T12:45:00+00:00,2016-06-27T13:15:00+00:00,2016-06-24T21:00:00+00:00,2016-06-28T09:00:00+00:00
2016-06-28T04:10:35+00:00,2016-06-28T04:00:00+00:00,Tuesday,4,"[""h3_atr_change_4""]",1.0,29,207.0,2016-06-26T00:00:00+00:00,208.0,52.0,17.0,"[""h3_atr_change_4""]",UNEXPLAINED_DATA_GAP,WEEKLY_SEGMENT_WARMUP,True,2016-06-28T03:45:00+00:00,2016-06-28T04:15:00+00:00,2016-06-24T21:00:00+00:00,2016-06-28T09:00:00+00:00
2016-07-01T21:35:36+00:00,2016-07-01T21:30:00+00:00,Friday,21,,,,,,,,,,,SOURCE_BAR_GAP,True,2016-07-01T21:00:00+00:00,2016-07-03T00:15:00+00:00,2016-07-01T21:00:00+00:00,2016-07-07T09:00:00+00:00
2016-07-04T09:59:38+00:00,2016-07-04T09:45:00+00:00,Monday,9,,,,,,,,,,,SOURCE_BAR_GAP,True,2016-07-04T00:00:00+00:00,2016-07-05T00:15:00+00:00,2016-07-01T21:00:00+00:00,2016-07-07T09:00:00+00:00
2016-07-05T03:43:16+00:00,2016-07-05T03:30:00+00:00,Tuesday,3,"[""er_16"", ""rv_16"", ""atr_change_1"", ""atr_change_8"", ""slope_atr_4"", ""slope_atr_16"", ""range_pos_16"", ""h1_er_8"", ""h1_atr_change_4"", ""h1_slope_atr_8"", ""h3_er_8"", ""h3_atr_change_4"", ""h3_slope_atr_8""]",13.0,31,13.0,2016-07-05T00:00:00+00:00,14.0,3.0,1.0,"[""er_16"", ""rv_16"", ""atr_change_1"", ""atr_change_8"", ""slope_atr_4"", ""slope_atr_16"", ""range_pos_16"", ""h1_er_8"", ""h1_atr_change_4"", ""h1_slope_atr_8"", ""h3_er_8"", ""h3_atr_change_4"", ""h3_slope_atr_8""]",UNEXPLAINED_DATA_GAP,MIDWEEK_SEGMENT_WARMUP,True,2016-07-05T03:15:00+00:00,2016-07-05T03:45:00+00:00,2016-07-01T21:00:00+00:00,2016-07-07T09:00:00+00:00
2016-07-05T17:27:39+00:00,2016-07-05T17:15:00+00:00,Tuesday,17,"[""h1_atr_change_4"", ""h3_er_8"", ""h3_atr_change_4"", ""h3_slope_atr_8""]",4.0,31,68.0,2016-07-05T00:00:00+00:00,69.0,17.0,5.0,"[""h1_atr_change_4"", ""h3_er_8"", ""h3_atr_change_4"", ""h3_slope_atr_8""]",UNEXPLAINED_DATA_GAP,MIDWEEK_SEGMENT_WARMUP,True,2016-07-05T17:00:00+00:00,2016-07-05T17:30:00+00:00,2016-07-01T21:00:00+00:00,2016-07-07T09:00:00+00:00
2016-07-05T22:38:43+00:00,2016-07-05T22:30:00+00:00,Tuesday,22,"[""h3_er_8"", ""h3_atr_change_4"", ""h3_slope_atr_8""]",3.0,31,89.0,2016-07-05T00:00:00+00:00,90.0,22.0,7.0,"[""h3_er_8"", ""h3_atr_change_4"", ""h3_slope_atr_8""]",UNEXPLAINED_DATA_GAP,MIDWEEK_SEGMENT_WARMUP,True,2016-07-05T22:15:00+00:00,2016-07-05T22:45:00+00:00,2016-07-01T21:00:00+00:00,2016-07-07T09:00:00+00:00
2016-07-06T02:05:39+00:00,2016-07-06T02:00:00+00:00,Wednesday,2,"[""h3_er_8"", ""h3_atr_change_4"", ""h3_slope_atr_8""]",3.0,31,103.0,2016-07-05T00:00:00+00:00,104.0,26.0,8.0,"[""h3_er_8"", ""h3_atr_change_4"", ""h3_slope_atr_8""]",UNEXPLAINED_DATA_GAP,MIDWEEK_SEGMENT_WARMUP,True,2016-07-06T01:45:00+00:00,2016-07-06T02:15:00+00:00,2016-07-01T21:00:00+00:00,2016-07-07T09:00:00+00:00
2016-07-06T07:21:26+00:00,2016-07-06T07:15:00+00:00,Wednesday,7,"[""h3_atr_change_4"", ""h3_slope_atr_8""]",2.0,31,124.0,2016-07-05T00:00:00+00:00,125.0,31.0,10.0,"[""h3_atr_change_4"", ""h3_slope_atr_8""]",UNEXPLAINED_DATA_GAP,MIDWEEK_SEGMENT_WARMUP,True,2016-07-06T07:00:00+00:00,2016-07-06T07:30:00+00:00,2016-07-01T21:00:00+00:00,2016-07-07T09:00:00+00:00
2016-07-06T17:15:31+00:00,2016-07-06T17:15:00+00:00,Wednesday,17,"[""h3_atr_change_4"", ""h3_slope_atr_8""]",2.0,31,164.0,2016-07-05T00:00:00+00:00,165.0,41.0,13.0,"[""h3_atr_change_4"", ""h3_slope_atr_8""]",UNEXPLAINED_DATA_GAP,MIDWEEK_SEGMENT_WARMUP,True,2016-07-06T17:00:00+00:00,2016-07-06T17:30:00+00:00,2016-07-01T21:00:00+00:00,2016-07-07T09:00:00+00:00
2016-07-07T04:32:21+00:00,2016-07-07T04:30:00+00:00,Thursday,4,"[""h3_atr_change_4""]",1.0,31,209.0,2016-07-05T00:00:00+00:00,210.0,52.0,17.0,"[""h3_atr_change_4""]",UNEXPLAINED_DATA_GAP,MIDWEEK_SEGMENT_WARMUP,True,2016-07-07T04:15:00+00:00,2016-07-07T04:45:00+00:00,2016-07-01T21:00:00+00:00,2016-07-07T09:00:00+00:00
2016-07-11T10:08:40+00:00,2016-07-11T10:00:00+00:00,Monday,10,"[""h3_atr_change_4"", ""h3_slope_atr_8""]",2.0,32,135.0,2016-07-10T00:00:00+00:00,136.0,34.0,11.0,"[""h3_atr_change_4"", ""h3_slope_atr_8""]",UNEXPLAINED_DATA_GAP,WEEKLY_SEGMENT_WARMUP,True,2016-07-11T09:45:00+00:00,2016-07-11T10:15:00+00:00,2016-07-08T21:00:00+00:00,2016-07-12T09:00:00+00:00
2016-07-12T04:04:29+00:00,2016-07-12T04:00:00+00:00,Tuesday,4,"[""h3_atr_change_4""]",1.0,32,207.0,2016-07-10T00:00:00+00:00,208.0,52.0,17.0,"[""h3_atr_change_4""]",UNEXPLAINED_DATA_GAP,WEEKLY_SEGMENT_WARMUP,True,2016-07-12T03:45:00+00:00,2016-07-12T04:15:00+00:00,2016-07-08T21:00:00+00:00,2016-07-12T09:00:00+00:00
2016-07-18T10:00:41+00:00,2016-07-18T10:00:00+00:00,Monday,10,,,,,,,,,,,SOURCE_BAR_GAP,True,2016-07-18T00:00:00+00:00,2016-07-19T00:15:00+00:00,2016-07-15T21:00:00+00:00,2016-07-21T09:00:00+00:00
2016-07-19T10:46:41+00:00,2016-07-19T10:45:00+00:00,Tuesday,10,"[""h1_atr_change_4"", ""h1_slope_atr_8"", ""h3_er_8"", ""h3_atr_change_4"", ""h3_slope_atr_8""]",5.0,34,42.0,2016-07-19T00:00:00+00:00,43.0,10.0,3.0,"[""h1_atr_change_4"", ""h1_slope_atr_8"", ""h3_er_8"", ""h3_atr_change_4"", ""h3_slope_atr_8""]",UNEXPLAINED_DATA_GAP,MIDWEEK_SEGMENT_WARMUP,True,2016-07-19T10:30:00+00:00,2016-07-19T11:00:00+00:00,2016-07-15T21:00:00+00:00,2016-07-21T09:00:00+00:00
2016-07-19T13:37:41+00:00,2016-07-19T13:30:00+00:00,Tuesday,13,"[""h1_atr_change_4"", ""h1_slope_atr_8"", ""h3_er_8"", ""h3_atr_change_4"", ""h3_slope_atr_8""]",5.0,34,53.0,2016-07-19T00:00:00+00:00,54.0,13.0,4.0,"[""h1_atr_change_4"", ""h1_slope_atr_8"", ""h3_er_8"", ""h3_atr_change_4"", ""h3_slope_atr_8""]",UNEXPLAINED_DATA_GAP,MIDWEEK_SEGMENT_WARMUP,True,2016-07-19T13:15:00+00:00,2016-07-19T13:45:00+00:00,2016-07-15T21:00:00+00:00,2016-07-21T09:00:00+00:00
2016-07-20T02:52:01+00:00,2016-07-20T02:45:00+00:00,Wednesday,2,"[""h3_er_8"", ""h3_atr_change_4"", ""h3_slope_atr_8""]",3.0,34,106.0,2016-07-19T00:00:00+00:00,107.0,26.0,8.0,"[""h3_er_8"", ""h3_atr_change_4"", ""h3_slope_atr_8""]",UNEXPLAINED_DATA_GAP,MIDWEEK_SEGMENT_WARMUP,True,2016-07-20T02:30:00+00:00,2016-07-20T03:00:00+00:00,2016-07-15T21:00:00+00:00,2016-07-21T09:00:00+00:00
2016-07-20T04:05:37+00:00,2016-07-20T04:00:00+00:00,Wednesday,4,"[""h3_atr_change_4"", ""h3_slope_atr_8""]",2.0,34,111.0,2016-07-19T00:00:00+00:00,112.0,28.0,9.0,"[""h3_atr_change_4"", ""h3_slope_atr_8""]",UNEXPLAINED_DATA_GAP,MIDWEEK_SEGMENT_WARMUP,True,2016-07-20T03:45:00+00:00,2016-07-20T04:15:00+00:00,2016-07-15T21:00:00+00:00,2016-07-21T09:00:00+00:00
2016-07-25T10:30:39+00:00,2016-07-25T10:30:00+00:00,Monday,10,"[""h3_atr_change_4"", ""h3_slope_atr_8""]",2.0,35,137.0,2016-07-24T00:00:00+00:00,138.0,34.0,11.0,"[""h3_atr_change_4"", ""h3_slope_atr_8""]",UNEXPLAINED_DATA_GAP,WEEKLY_SEGMENT_WARMUP,True,2016-07-25T10:15:00+00:00,2016-07-25T10:45:00+00:00,2016-07-22T21:00:00+00:00,2016-07-26T09:00:00+00:00
2016-07-26T03:43:35+00:00,2016-07-26T03:30:00+00:00,Tuesday,3,"[""h3_atr_change_4""]",1.0,35,205.0,2016-07-24T00:00:00+00:00,206.0,51.0,17.0,"[""h3_atr_change_4""]",UNEXPLAINED_DATA_GAP,WEEKLY_SEGMENT_WARMUP,True,2016-07-26T03:15:00+00:00,2016-07-26T03:45:00+00:00,2016-07-22T21:00:00+00:00,2016-07-26T09:00:00+00:00
2016-07-27T21:00:27+00:00,2016-07-27T21:00:00+00:00,Wednesday,21,,,,,,,,,,,SOURCE_BAR_GAP,True,2016-07-27T00:00:00+00:00,2016-07-31T00:15:00+00:00,2016-07-27T00:00:00+00:00,2016-08-02T09:00:00+00:00
2016-07-28T13:51:38+00:00,2016-07-28T13:45:00+00:00,Thursday,13,,,,,,,,,,,SOURCE_BAR_GAP,True,2016-07-27T00:00:00+00:00,2016-07-31T00:15:00+00:00,2016-07-27T00:00:00+00:00,2016-08-02T09:00:00+00:00
2016-07-28T17:53:40+00:00,2016-07-28T17:45:00+00:00,Thursday,17,,,,,,,,,,,SOURCE_BAR_GAP,True,2016-07-27T00:00:00+00:00,2016-07-31T00:15:00+00:00,2016-07-27T00:00:00+00:00,2016-08-02T09:00:00+00:00
2016-07-28T19:13:26+00:00,2016-07-28T19:00:00+00:00,Thursday,19,,,,,,,,,,,SOURCE_BAR_GAP,True,2016-07-27T00:00:00+00:00,2016-07-31T00:15:00+00:00,2016-07-27T00:00:00+00:00,2016-08-02T09:00:00+00:00
2016-07-29T11:02:57+00:00,2016-07-29T11:00:00+00:00,Friday,11,,,,,,,,,,,SOURCE_BAR_GAP,True,2016-07-27T00:00:00+00:00,2016-07-31T00:15:00+00:00,2016-07-27T00:00:00+00:00,2016-08-02T09:00:00+00:00
2016-08-01T06:14:35+00:00,2016-08-01T06:00:00+00:00,Monday,6,"[""h3_atr_change_4"", ""h3_slope_atr_8""]",2.0,36,119.0,2016-07-31T00:00:00+00:00,120.0,30.0,10.0,"[""h3_atr_change_4"", ""h3_slope_atr_8""]",UNEXPLAINED_DATA_GAP,MIDWEEK_SEGMENT_WARMUP,True,2016-08-01T05:45:00+00:00,2016-08-01T06:15:00+00:00,2016-07-27T00:00:00+00:00,2016-08-02T09:00:00+00:00
2016-08-01T09:00:20+00:00,2016-08-01T09:00:00+00:00,Monday,9,"[""h3_atr_change_4"", ""h3_slope_atr_8""]",2.0,36,131.0,2016-07-31T00:00:00+00:00,132.0,33.0,11.0,"[""h3_atr_change_4"", ""h3_slope_atr_8""]",UNEXPLAINED_DATA_GAP,MIDWEEK_SEGMENT_WARMUP,True,2016-08-01T08:45:00+00:00,2016-08-01T09:15:00+00:00,2016-07-27T00:00:00+00:00,2016-08-02T09:00:00+00:00
2016-08-01T22:14:37+00:00,2016-08-01T22:00:00+00:00,Monday,22,"[""h3_atr_change_4""]",1.0,36,183.0,2016-07-31T00:00:00+00:00,184.0,46.0,15.0,"[""h3_atr_change_4""]",UNEXPLAINED_DATA_GAP,MIDWEEK_SEGMENT_WARMUP,True,2016-08-01T21:45:00+00:00,2016-08-01T22:15:00+00:00,2016-07-27T00:00:00+00:00,2016-08-02T09:00:00+00:00
2016-08-05T15:30:19+00:00,2016-08-05T15:30:00+00:00,Friday,15,,,,,,,,,,,SOURCE_BAR_GAP,True,2016-08-05T00:00:00+00:00,2016-08-07T00:15:00+00:00,2016-08-05T00:00:00+00:00,2016-08-12T09:00:00+00:00
2016-08-08T16:21:20+00:00,2016-08-08T16:15:00+00:00,Monday,16,"[""h3_atr_change_4"", ""h3_slope_atr_8""]",2.0,37,160.0,2016-08-07T00:00:00+00:00,161.0,40.0,13.0,"[""h3_atr_change_4"", ""h3_slope_atr_8""]",UNEXPLAINED_DATA_GAP,MIDWEEK_SEGMENT_WARMUP,True,2016-08-08T16:00:00+00:00,2016-08-08T16:30:00+00:00,2016-08-05T00:00:00+00:00,2016-08-12T09:00:00+00:00
2016-08-09T04:10:24+00:00,2016-08-09T04:00:00+00:00,Tuesday,4,,,,,,,,,,,SOURCE_BAR_GAP,True,2016-08-09T00:00:00+00:00,2016-08-10T00:15:00+00:00,2016-08-05T00:00:00+00:00,2016-08-12T09:00:00+00:00
2016-08-11T04:02:32+00:00,2016-08-11T04:00:00+00:00,Thursday,4,"[""h3_atr_change_4"", ""h3_slope_atr_8""]",2.0,38,111.0,2016-08-10T00:00:00+00:00,112.0,28.0,9.0,"[""h3_atr_change_4"", ""h3_slope_atr_8""]",UNEXPLAINED_DATA_GAP,MIDWEEK_SEGMENT_WARMUP,True,2016-08-11T03:45:00+00:00,2016-08-11T04:15:00+00:00,2016-08-05T00:00:00+00:00,2016-08-12T09:00:00+00:00
2016-08-11T20:19:27+00:00,2016-08-11T20:15:00+00:00,Thursday,20,"[""h3_atr_change_4"", ""h3_slope_atr_8""]",2.0,38,176.0,2016-08-10T00:00:00+00:00,177.0,44.0,14.0,"[""h3_atr_change_4"", ""h3_slope_atr_8""]",UNEXPLAINED_DATA_GAP,MIDWEEK_SEGMENT_WARMUP,True,2016-08-11T20:00:00+00:00,2016-08-11T20:30:00+00:00,2016-08-05T00:00:00+00:00,2016-08-12T09:00:00+00:00
2016-08-16T03:19:06+00:00,2016-08-16T03:15:00+00:00,Tuesday,3,"[""h3_atr_change_4""]",1.0,39,204.0,2016-08-14T00:00:00+00:00,205.0,51.0,17.0,"[""h3_atr_change_4""]",UNEXPLAINED_DATA_GAP,WEEKLY_SEGMENT_WARMUP,True,2016-08-16T03:00:00+00:00,2016-08-16T03:30:00+00:00,2016-08-12T21:00:00+00:00,2016-08-16T09:00:00+00:00
2016-08-22T00:01:00+00:00,2016-08-22T00:00:00+00:00,Monday,0,"[""h1_atr_change_4"", ""h3_er_8"", ""h3_atr_change_4"", ""h3_slope_atr_8""]",4.0,40,95.0,2016-08-21T00:00:00+00:00,96.0,24.0,8.0,"[""h3_er_8"", ""h3_atr_change_4"", ""h3_slope_atr_8""]",UNEXPLAINED_DATA_GAP,SPECIFIC_FEATURE_INCOMPLETE,False,2016-08-21T23:45:00+00:00,2016-08-22T00:15:00+00:00,2016-08-19T21:00:00+00:00,2016-08-23T09:00:00+00:00
2016-08-29T10:03:28+00:00,2016-08-29T10:00:00+00:00,Monday,10,"[""h3_atr_change_4"", ""h3_slope_atr_8""]",2.0,41,135.0,2016-08-28T00:00:00+00:00,136.0,34.0,11.0,"[""h3_atr_change_4"", ""h3_slope_atr_8""]",UNEXPLAINED_DATA_GAP,WEEKLY_SEGMENT_WARMUP,True,2016-08-29T09:45:00+00:00,2016-08-29T10:15:00+00:00,2016-08-26T21:00:00+00:00,2016-08-30T09:00:00+00:00
2016-09-05T13:12:30+00:00,2016-09-05T13:00:00+00:00,Monday,13,,,,,,,,,,,SOURCE_BAR_GAP,True,2016-09-05T00:00:00+00:00,2016-09-06T00:15:00+00:00,2016-09-02T21:00:00+00:00,2016-09-08T09:00:00+00:00
2016-09-05T16:17:37+00:00,2016-09-05T16:15:00+00:00,Monday,16,,,,,,,,,,,SOURCE_BAR_GAP,True,2016-09-05T00:00:00+00:00,2016-09-06T00:15:00+00:00,2016-09-02T21:00:00+00:00,2016-09-08T09:00:00+00:00
2016-09-06T00:04:10+00:00,2016-09-06T00:00:00+00:00,Tuesday,0,,,,,,,,,,,SOURCE_BAR_GAP,True,2016-09-05T00:00:00+00:00,2016-09-06T00:15:00+00:00,2016-09-02T21:00:00+00:00,2016-09-08T09:00:00+00:00
2016-09-06T05:05:39+00:00,2016-09-06T05:00:00+00:00,Tuesday,5,"[""atr_change_8"", ""h1_er_8"", ""h1_atr_change_4"", ""h1_slope_atr_8"", ""h3_er_8"", ""h3_atr_change_4"", ""h3_slope_atr_8""]",7.0,43,19.0,2016-09-06T00:00:00+00:00,20.0,5.0,1.0,"[""atr_change_8"", ""h1_er_8"", ""h1_atr_change_4"", ""h1_slope_atr_8"", ""h3_er_8"", ""h3_atr_change_4"", ""h3_slope_atr_8""]",UNEXPLAINED_DATA_GAP,MIDWEEK_SEGMENT_WARMUP,True,2016-09-06T04:45:00+00:00,2016-09-06T05:15:00+00:00,2016-09-02T21:00:00+00:00,2016-09-08T09:00:00+00:00
2016-09-07T04:20:34+00:00,2016-09-07T04:15:00+00:00,Wednesday,4,"[""h3_atr_change_4"", ""h3_slope_atr_8""]",2.0,43,112.0,2016-09-06T00:00:00+00:00,113.0,28.0,9.0,"[""h3_atr_change_4"", ""h3_slope_atr_8""]",UNEXPLAINED_DATA_GAP,MIDWEEK_SEGMENT_WARMUP,True,2016-09-07T04:00:00+00:00,2016-09-07T04:30:00+00:00,2016-09-02T21:00:00+00:00,2016-09-08T09:00:00+00:00
2016-09-07T10:02:42+00:00,2016-09-07T10:00:00+00:00,Wednesday,10,"[""h3_atr_change_4"", ""h3_slope_atr_8""]",2.0,43,135.0,2016-09-06T00:00:00+00:00,136.0,34.0,11.0,"[""h3_atr_change_4"", ""h3_slope_atr_8""]",UNEXPLAINED_DATA_GAP,MIDWEEK_SEGMENT_WARMUP,True,2016-09-07T09:45:00+00:00,2016-09-07T10:15:00+00:00,2016-09-02T21:00:00+00:00,2016-09-08T09:00:00+00:00
2016-09-08T08:16:39+00:00,2016-09-08T08:15:00+00:00,Thursday,8,"[""h3_atr_change_4""]",1.0,43,224.0,2016-09-06T00:00:00+00:00,225.0,56.0,18.0,"[""h3_atr_change_4""]",UNEXPLAINED_DATA_GAP,MIDWEEK_SEGMENT_WARMUP,True,2016-09-08T08:00:00+00:00,2016-09-08T08:30:00+00:00,2016-09-02T21:00:00+00:00,2016-09-08T09:00:00+00:00
2016-09-12T12:17:28+00:00,2016-09-12T12:15:00+00:00,Monday,12,"[""h3_atr_change_4"", ""h3_slope_atr_8""]",2.0,44,144.0,2016-09-11T00:00:00+00:00,145.0,36.0,12.0,"[""h3_atr_change_4"", ""h3_slope_atr_8""]",UNEXPLAINED_DATA_GAP,WEEKLY_SEGMENT_WARMUP,True,2016-09-12T12:00:00+00:00,2016-09-12T12:30:00+00:00,2016-09-09T21:00:00+00:00,2016-09-13T09:00:00+00:00
2016-09-13T03:48:38+00:00,2016-09-13T03:45:00+00:00,Tuesday,3,"[""h3_atr_change_4""]",1.0,44,206.0,2016-09-11T00:00:00+00:00,207.0,51.0,17.0,"[""h3_atr_change_4""]",UNEXPLAINED_DATA_GAP,WEEKLY_SEGMENT_WARMUP,True,2016-09-13T03:30:00+00:00,2016-09-13T04:00:00+00:00,2016-09-09T21:00:00+00:00,2016-09-13T09:00:00+00:00
2016-09-19T11:39:59+00:00,2016-09-19T11:30:00+00:00,Monday,11,"[""h3_atr_change_4"", ""h3_slope_atr_8""]",2.0,45,141.0,2016-09-18T00:00:00+00:00,142.0,35.0,11.0,"[""h3_atr_change_4"", ""h3_slope_atr_8""]",UNEXPLAINED_DATA_GAP,WEEKLY_SEGMENT_WARMUP,True,2016-09-19T11:15:00+00:00,2016-09-19T11:45:00+00:00,2016-09-16T21:00:00+00:00,2016-09-20T09:00:00+00:00
2016-09-19T16:02:29+00:00,2016-09-19T16:00:00+00:00,Monday,16,"[""h3_atr_change_4"", ""h3_slope_atr_8""]",2.0,45,159.0,2016-09-18T00:00:00+00:00,160.0,40.0,13.0,"[""h3_atr_change_4"", ""h3_slope_atr_8""]",UNEXPLAINED_DATA_GAP,WEEKLY_SEGMENT_WARMUP,True,2016-09-19T15:45:00+00:00,2016-09-19T16:15:00+00:00,2016-09-16T21:00:00+00:00,2016-09-20T09:00:00+00:00
2016-09-19T23:04:01+00:00,2016-09-19T23:00:00+00:00,Monday,23,"[""h3_atr_change_4""]",1.0,45,187.0,2016-09-18T00:00:00+00:00,188.0,47.0,15.0,"[""h3_atr_change_4""]",UNEXPLAINED_DATA_GAP,WEEKLY_SEGMENT_WARMUP,True,2016-09-19T22:45:00+00:00,2016-09-19T23:15:00+00:00,2016-09-16T21:00:00+00:00,2016-09-20T09:00:00+00:00
2016-09-26T09:01:26+00:00,2016-09-26T09:00:00+00:00,Monday,9,"[""h1_atr_change_4"", ""h1_slope_atr_8"", ""h3_er_8"", ""h3_atr_change_4"", ""h3_slope_atr_8""]",5.0,46,35.0,2016-09-26T00:00:00+00:00,36.0,9.0,3.0,"[""h1_atr_change_4"", ""h1_slope_atr_8"", ""h3_er_8"", ""h3_atr_change_4"", ""h3_slope_atr_8""]",EXPECTED_MARKET_GAP,WEEKLY_SEGMENT_WARMUP,True,2016-09-26T08:45:00+00:00,2016-09-26T09:15:00+00:00,2016-09-23T21:00:00+00:00,2016-09-28T09:00:00+00:00
2016-09-26T19:23:39+00:00,2016-09-26T19:15:00+00:00,Monday,19,"[""h3_er_8"", ""h3_atr_change_4"", ""h3_slope_atr_8""]",3.0,46,76.0,2016-09-26T00:00:00+00:00,77.0,19.0,6.0,"[""h3_er_8"", ""h3_atr_change_4"", ""h3_slope_atr_8""]",EXPECTED_MARKET_GAP,WEEKLY_SEGMENT_WARMUP,True,2016-09-26T19:00:00+00:00,2016-09-26T19:30:00+00:00,2016-09-23T21:00:00+00:00,2016-09-28T09:00:00+00:00
2016-09-28T03:00:28+00:00,2016-09-28T03:00:00+00:00,Wednesday,3,"[""h3_atr_change_4""]",1.0,46,203.0,2016-09-26T00:00:00+00:00,204.0,51.0,17.0,"[""h3_atr_change_4""]",EXPECTED_MARKET_GAP,WEEKLY_SEGMENT_WARMUP,True,2016-09-28T02:45:00+00:00,2016-09-28T03:15:00+00:00,2016-09-23T21:00:00+00:00,2016-09-28T09:00:00+00:00
2016-09-29T09:01:24+00:00,2016-09-29T09:00:00+00:00,Thursday,9,,,,,,,,,,,SOURCE_BAR_GAP,True,2016-09-29T00:00:00+00:00,2016-09-30T00:15:00+00:00,2016-09-29T00:00:00+00:00,2016-10-04T09:00:00+00:00
2016-09-30T03:54:15+00:00,2016-09-30T03:45:00+00:00,Friday,3,"[""er_16"", ""rv_16"", ""atr_change_1"", ""atr_change_8"", ""slope_atr_16"", ""range_pos_16"", ""h1_er_8"", ""h1_atr_change_4"", ""h1_slope_atr_8"", ""h3_er_8"", ""h3_atr_change_4"", ""h3_slope_atr_8""]",12.0,47,14.0,2016-09-30T00:00:00+00:00,15.0,3.0,1.0,"[""er_16"", ""rv_16"", ""atr_change_1"", ""atr_change_8"", ""slope_atr_16"", ""range_pos_16"", ""h1_er_8"", ""h1_atr_change_4"", ""h1_slope_atr_8"", ""h3_er_8"", ""h3_atr_change_4"", ""h3_slope_atr_8""]",UNEXPLAINED_DATA_GAP,MIDWEEK_SEGMENT_WARMUP,True,2016-09-30T03:30:00+00:00,2016-09-30T04:00:00+00:00,2016-09-29T00:00:00+00:00,2016-10-04T09:00:00+00:00
2016-09-30T10:08:31+00:00,2016-09-30T10:00:00+00:00,Friday,10,"[""h1_atr_change_4"", ""h1_slope_atr_8"", ""h3_er_8"", ""h3_atr_change_4"", ""h3_slope_atr_8""]",5.0,47,39.0,2016-09-30T00:00:00+00:00,40.0,10.0,3.0,"[""h1_atr_change_4"", ""h1_slope_atr_8"", ""h3_er_8"", ""h3_atr_change_4"", ""h3_slope_atr_8""]",UNEXPLAINED_DATA_GAP,MIDWEEK_SEGMENT_WARMUP,True,2016-09-30T09:45:00+00:00,2016-09-30T10:15:00+00:00,2016-09-29T00:00:00+00:00,2016-10-04T09:00:00+00:00
2016-09-30T16:01:30+00:00,2016-09-30T16:00:00+00:00,Friday,16,"[""h1_atr_change_4"", ""h3_er_8"", ""h3_atr_change_4"", ""h3_slope_atr_8""]",4.0,47,63.0,2016-09-30T00:00:00+00:00,64.0,16.0,5.0,"[""h1_atr_change_4"", ""h3_er_8"", ""h3_atr_change_4"", ""h3_slope_atr_8""]",UNEXPLAINED_DATA_GAP,MIDWEEK_SEGMENT_WARMUP,True,2016-09-30T15:45:00+00:00,2016-09-30T16:15:00+00:00,2016-09-29T00:00:00+00:00,2016-10-04T09:00:00+00:00
2016-09-30T22:28:21+00:00,2016-09-30T22:15:00+00:00,Friday,22,,,,,,,,,,,SOURCE_BAR_GAP,True,2016-09-30T21:00:00+00:00,2016-10-02T00:15:00+00:00,2016-09-29T00:00:00+00:00,2016-10-04T09:00:00+00:00
2016-10-03T10:05:59+00:00,2016-10-03T10:00:00+00:00,Monday,10,"[""h3_atr_change_4"", ""h3_slope_atr_8""]",2.0,48,135.0,2016-10-02T00:00:00+00:00,136.0,34.0,11.0,"[""h3_atr_change_4"", ""h3_slope_atr_8""]",UNEXPLAINED_DATA_GAP,WEEKLY_SEGMENT_WARMUP,True,2016-10-03T09:45:00+00:00,2016-10-03T10:15:00+00:00,2016-09-29T00:00:00+00:00,2016-10-04T09:00:00+00:00
2016-10-03T16:04:37+00:00,2016-10-03T16:00:00+00:00,Monday,16,"[""h3_atr_change_4"", ""h3_slope_atr_8""]",2.0,48,159.0,2016-10-02T00:00:00+00:00,160.0,40.0,13.0,"[""h3_atr_change_4"", ""h3_slope_atr_8""]",UNEXPLAINED_DATA_GAP,WEEKLY_SEGMENT_WARMUP,True,2016-10-03T15:45:00+00:00,2016-10-03T16:15:00+00:00,2016-09-29T00:00:00+00:00,2016-10-04T09:00:00+00:00
2016-10-10T08:07:26+00:00,2016-10-10T08:00:00+00:00,Monday,8,"[""h3_atr_change_4"", ""h3_slope_atr_8""]",2.0,49,127.0,2016-10-09T00:00:00+00:00,128.0,32.0,10.0,"[""h3_atr_change_4"", ""h3_slope_atr_8""]",UNEXPLAINED_DATA_GAP,WEEKLY_SEGMENT_WARMUP,True,2016-10-10T07:45:00+00:00,2016-10-10T08:15:00+00:00,2016-10-07T21:00:00+00:00,2016-10-11T09:00:00+00:00
2016-10-11T03:03:05+00:00,2016-10-11T03:00:00+00:00,Tuesday,3,"[""h3_atr_change_4""]",1.0,49,203.0,2016-10-09T00:00:00+00:00,204.0,51.0,17.0,"[""h3_atr_change_4""]",UNEXPLAINED_DATA_GAP,WEEKLY_SEGMENT_WARMUP,True,2016-10-11T02:45:00+00:00,2016-10-11T03:15:00+00:00,2016-10-07T21:00:00+00:00,2016-10-11T09:00:00+00:00
2016-10-14T22:44:28+00:00,2016-10-14T22:30:00+00:00,Friday,22,,,,,,,,,,,SOURCE_BAR_GAP,True,2016-10-14T21:00:00+00:00,2016-10-16T00:15:00+00:00,2016-10-14T21:00:00+00:00,2016-10-18T09:00:00+00:00
2016-10-17T10:44:41+00:00,2016-10-17T10:30:00+00:00,Monday,10,"[""h3_atr_change_4"", ""h3_slope_atr_8""]",2.0,50,137.0,2016-10-16T00:00:00+00:00,138.0,34.0,11.0,"[""h3_atr_change_4"", ""h3_slope_atr_8""]",UNEXPLAINED_DATA_GAP,WEEKLY_SEGMENT_WARMUP,True,2016-10-17T10:15:00+00:00,2016-10-17T10:45:00+00:00,2016-10-14T21:00:00+00:00,2016-10-18T09:00:00+00:00
2016-10-17T13:01:26+00:00,2016-10-17T13:00:00+00:00,Monday,13,"[""h3_atr_change_4"", ""h3_slope_atr_8""]",2.0,50,147.0,2016-10-16T00:00:00+00:00,148.0,37.0,12.0,"[""h3_atr_change_4"", ""h3_slope_atr_8""]",UNEXPLAINED_DATA_GAP,WEEKLY_SEGMENT_WARMUP,True,2016-10-17T12:45:00+00:00,2016-10-17T13:15:00+00:00,2016-10-14T21:00:00+00:00,2016-10-18T09:00:00+00:00
2016-10-17T19:18:05+00:00,2016-10-17T19:15:00+00:00,Monday,19,"[""h3_atr_change_4"", ""h3_slope_atr_8""]",2.0,50,172.0,2016-10-16T00:00:00+00:00,173.0,43.0,14.0,"[""h3_atr_change_4"", ""h3_slope_atr_8""]",UNEXPLAINED_DATA_GAP,WEEKLY_SEGMENT_WARMUP,True,2016-10-17T19:00:00+00:00,2016-10-17T19:30:00+00:00,2016-10-14T21:00:00+00:00,2016-10-18T09:00:00+00:00
2016-10-18T08:22:04+00:00,2016-10-18T08:15:00+00:00,Tuesday,8,"[""h3_atr_change_4""]",1.0,50,224.0,2016-10-16T00:00:00+00:00,225.0,56.0,18.0,"[""h3_atr_change_4""]",UNEXPLAINED_DATA_GAP,WEEKLY_SEGMENT_WARMUP,True,2016-10-18T08:00:00+00:00,2016-10-18T08:30:00+00:00,2016-10-14T21:00:00+00:00,2016-10-18T09:00:00+00:00
2016-10-31T08:03:18+00:00,2016-10-31T08:00:00+00:00,Monday,8,"[""h3_atr_change_4"", ""h3_slope_atr_8""]",2.0,52,127.0,2016-10-30T00:00:00+00:00,128.0,32.0,10.0,"[""h3_atr_change_4"", ""h3_slope_atr_8""]",UNEXPLAINED_DATA_GAP,WEEKLY_SEGMENT_WARMUP,True,2016-10-31T07:45:00+00:00,2016-10-31T08:15:00+00:00,2016-10-28T21:00:00+00:00,2016-11-01T09:00:00+00:00
2016-11-01T02:35:28+00:00,2016-11-01T02:30:00+00:00,Tuesday,2,"[""h3_atr_change_4""]",1.0,52,201.0,2016-10-30T00:00:00+00:00,202.0,50.0,16.0,"[""h3_atr_change_4""]",UNEXPLAINED_DATA_GAP,WEEKLY_SEGMENT_WARMUP,True,2016-11-01T02:15:00+00:00,2016-11-01T02:45:00+00:00,2016-10-28T21:00:00+00:00,2016-11-01T09:00:00+00:00
2016-11-04T01:18:20+00:00,2016-11-04T01:15:00+00:00,Friday,1,,,,,,,,,,,SOURCE_BAR_GAP,True,2016-11-04T00:00:00+00:00,2016-11-06T00:15:00+00:00,2016-11-04T00:00:00+00:00,2016-11-08T09:00:00+00:00
2016-11-07T00:01:00+00:00,2016-11-07T00:00:00+00:00,Monday,0,"[""atr_change_8"", ""h1_atr_change_4"", ""h3_er_8"", ""h3_atr_change_4"", ""h3_slope_atr_8""]",5.0,53,95.0,2016-11-06T00:00:00+00:00,96.0,24.0,8.0,"[""h3_er_8"", ""h3_atr_change_4"", ""h3_slope_atr_8""]",UNEXPLAINED_DATA_GAP,SPECIFIC_FEATURE_INCOMPLETE,False,2016-11-06T23:45:00+00:00,2016-11-07T00:15:00+00:00,2016-11-04T00:00:00+00:00,2016-11-08T09:00:00+00:00
2016-11-07T08:16:19+00:00,2016-11-07T08:15:00+00:00,Monday,8,"[""h3_atr_change_4"", ""h3_slope_atr_8""]",2.0,53,128.0,2016-11-06T00:00:00+00:00,129.0,32.0,10.0,"[""h3_atr_change_4"", ""h3_slope_atr_8""]",UNEXPLAINED_DATA_GAP,MIDWEEK_SEGMENT_WARMUP,True,2016-11-07T08:00:00+00:00,2016-11-07T08:30:00+00:00,2016-11-04T00:00:00+00:00,2016-11-08T09:00:00+00:00
2016-11-07T20:12:59+00:00,2016-11-07T20:00:00+00:00,Monday,20,"[""h3_atr_change_4"", ""h3_slope_atr_8""]",2.0,53,175.0,2016-11-06T00:00:00+00:00,176.0,44.0,14.0,"[""h3_atr_change_4"", ""h3_slope_atr_8""]",UNEXPLAINED_DATA_GAP,MIDWEEK_SEGMENT_WARMUP,True,2016-11-07T19:45:00+00:00,2016-11-07T20:15:00+00:00,2016-11-04T00:00:00+00:00,2016-11-08T09:00:00+00:00
2016-11-07T23:39:36+00:00,2016-11-07T23:30:00+00:00,Monday,23,"[""h3_atr_change_4""]",1.0,53,189.0,2016-11-06T00:00:00+00:00,190.0,47.0,15.0,"[""h3_atr_change_4""]",UNEXPLAINED_DATA_GAP,MIDWEEK_SEGMENT_WARMUP,True,2016-11-07T23:15:00+00:00,2016-11-07T23:45:00+00:00,2016-11-04T00:00:00+00:00,2016-11-08T09:00:00+00:00
2016-11-08T03:13:35+00:00,2016-11-08T03:00:00+00:00,Tuesday,3,"[""h3_atr_change_4""]",1.0,53,203.0,2016-11-06T00:00:00+00:00,204.0,51.0,17.0,"[""h3_atr_change_4""]",UNEXPLAINED_DATA_GAP,MIDWEEK_SEGMENT_WARMUP,True,2016-11-08T02:45:00+00:00,2016-11-08T03:15:00+00:00,2016-11-04T00:00:00+00:00,2016-11-08T09:00:00+00:00
2016-11-14T07:16:35+00:00,2016-11-14T07:15:00+00:00,Monday,7,"[""h3_atr_change_4"", ""h3_slope_atr_8""]",2.0,54,124.0,2016-11-13T00:00:00+00:00,125.0,31.0,10.0,"[""h3_atr_change_4"", ""h3_slope_atr_8""]",UNEXPLAINED_DATA_GAP,WEEKLY_SEGMENT_WARMUP,True,2016-11-14T07:00:00+00:00,2016-11-14T07:30:00+00:00,2016-11-11T22:00:00+00:00,2016-11-15T09:00:00+00:00
2016-11-14T10:05:42+00:00,2016-11-14T10:00:00+00:00,Monday,10,"[""h3_atr_change_4"", ""h3_slope_atr_8""]",2.0,54,135.0,2016-11-13T00:00:00+00:00,136.0,34.0,11.0,"[""h3_atr_change_4"", ""h3_slope_atr_8""]",UNEXPLAINED_DATA_GAP,WEEKLY_SEGMENT_WARMUP,True,2016-11-14T09:45:00+00:00,2016-11-14T10:15:00+00:00,2016-11-11T22:00:00+00:00,2016-11-15T09:00:00+00:00
2016-11-21T16:14:42+00:00,2016-11-21T16:00:00+00:00,Monday,16,"[""h3_atr_change_4"", ""h3_slope_atr_8""]",2.0,55,159.0,2016-11-20T00:00:00+00:00,160.0,40.0,13.0,"[""h3_atr_change_4"", ""h3_slope_atr_8""]",UNEXPLAINED_DATA_GAP,WEEKLY_SEGMENT_WARMUP,True,2016-11-21T15:45:00+00:00,2016-11-21T16:15:00+00:00,2016-11-18T22:00:00+00:00,2016-11-22T09:00:00+00:00
2016-11-21T18:35:42+00:00,2016-11-21T18:30:00+00:00,Monday,18,"[""h3_atr_change_4"", ""h3_slope_atr_8""]",2.0,55,169.0,2016-11-20T00:00:00+00:00,170.0,42.0,14.0,"[""h3_atr_change_4"", ""h3_slope_atr_8""]",UNEXPLAINED_DATA_GAP,WEEKLY_SEGMENT_WARMUP,True,2016-11-21T18:15:00+00:00,2016-11-21T18:45:00+00:00,2016-11-18T22:00:00+00:00,2016-11-22T09:00:00+00:00
2016-11-22T08:23:29+00:00,2016-11-22T08:15:00+00:00,Tuesday,8,"[""h3_atr_change_4""]",1.0,55,224.0,2016-11-20T00:00:00+00:00,225.0,56.0,18.0,"[""h3_atr_change_4""]",UNEXPLAINED_DATA_GAP,WEEKLY_SEGMENT_WARMUP,True,2016-11-22T08:00:00+00:00,2016-11-22T08:30:00+00:00,2016-11-18T22:00:00+00:00,2016-11-22T09:00:00+00:00
2016-11-25T23:00:39+00:00,2016-11-25T23:00:00+00:00,Friday,23,,,,,,,,,,,SOURCE_BAR_GAP,True,2016-11-25T22:00:00+00:00,2016-11-27T00:15:00+00:00,2016-11-25T22:00:00+00:00,2016-11-29T09:00:00+00:00
2016-11-28T09:00:57+00:00,2016-11-28T09:00:00+00:00,Monday,9,"[""h3_atr_change_4"", ""h3_slope_atr_8""]",2.0,56,131.0,2016-11-27T00:00:00+00:00,132.0,33.0,11.0,"[""h3_atr_change_4"", ""h3_slope_atr_8""]",UNEXPLAINED_DATA_GAP,WEEKLY_SEGMENT_WARMUP,True,2016-11-28T08:45:00+00:00,2016-11-28T09:15:00+00:00,2016-11-25T22:00:00+00:00,2016-11-29T09:00:00+00:00
2016-11-28T11:43:16+00:00,2016-11-28T11:30:00+00:00,Monday,11,"[""h3_atr_change_4"", ""h3_slope_atr_8""]",2.0,56,141.0,2016-11-27T00:00:00+00:00,142.0,35.0,11.0,"[""h3_atr_change_4"", ""h3_slope_atr_8""]",UNEXPLAINED_DATA_GAP,WEEKLY_SEGMENT_WARMUP,True,2016-11-28T11:15:00+00:00,2016-11-28T11:45:00+00:00,2016-11-25T22:00:00+00:00,2016-11-29T09:00:00+00:00
2016-11-28T20:09:36+00:00,2016-11-28T20:00:00+00:00,Monday,20,"[""h3_atr_change_4"", ""h3_slope_atr_8""]",2.0,56,175.0,2016-11-27T00:00:00+00:00,176.0,44.0,14.0,"[""h3_atr_change_4"", ""h3_slope_atr_8""]",UNEXPLAINED_DATA_GAP,WEEKLY_SEGMENT_WARMUP,True,2016-11-28T19:45:00+00:00,2016-11-28T20:15:00+00:00,2016-11-25T22:00:00+00:00,2016-11-29T09:00:00+00:00
2016-11-29T04:53:54+00:00,2016-11-29T04:45:00+00:00,Tuesday,4,"[""h3_atr_change_4""]",1.0,56,210.0,2016-11-27T00:00:00+00:00,211.0,52.0,17.0,"[""h3_atr_change_4""]",UNEXPLAINED_DATA_GAP,WEEKLY_SEGMENT_WARMUP,True,2016-11-29T04:30:00+00:00,2016-11-29T05:00:00+00:00,2016-11-25T22:00:00+00:00,2016-11-29T09:00:00+00:00
2016-12-05T00:01:00+00:00,2016-12-05T00:00:00+00:00,Monday,0,"[""atr_change_8"", ""h1_atr_change_4"", ""h3_er_8"", ""h3_atr_change_4"", ""h3_slope_atr_8""]",5.0,57,95.0,2016-12-04T00:00:00+00:00,96.0,24.0,8.0,"[""h3_er_8"", ""h3_atr_change_4"", ""h3_slope_atr_8""]",UNEXPLAINED_DATA_GAP,SPECIFIC_FEATURE_INCOMPLETE,False,2016-12-04T23:45:00+00:00,2016-12-05T00:15:00+00:00,2016-12-02T22:00:00+00:00,2016-12-06T09:00:00+00:00
2016-12-05T05:23:15+00:00,2016-12-05T05:15:00+00:00,Monday,5,"[""h3_atr_change_4"", ""h3_slope_atr_8""]",2.0,57,116.0,2016-12-04T00:00:00+00:00,117.0,29.0,9.0,"[""h3_atr_change_4"", ""h3_slope_atr_8""]",UNEXPLAINED_DATA_GAP,WEEKLY_SEGMENT_WARMUP,True,2016-12-05T05:00:00+00:00,2016-12-05T05:30:00+00:00,2016-12-02T22:00:00+00:00,2016-12-06T09:00:00+00:00
2016-12-06T01:04:38+00:00,2016-12-06T01:00:00+00:00,Tuesday,1,"[""h3_atr_change_4""]",1.0,57,195.0,2016-12-04T00:00:00+00:00,196.0,49.0,16.0,"[""h3_atr_change_4""]",UNEXPLAINED_DATA_GAP,WEEKLY_SEGMENT_WARMUP,True,2016-12-06T00:45:00+00:00,2016-12-06T01:15:00+00:00,2016-12-02T22:00:00+00:00,2016-12-06T09:00:00+00:00
2016-12-06T08:24:34+00:00,2016-12-06T08:15:00+00:00,Tuesday,8,"[""h3_atr_change_4""]",1.0,57,224.0,2016-12-04T00:00:00+00:00,225.0,56.0,18.0,"[""h3_atr_change_4""]",UNEXPLAINED_DATA_GAP,WEEKLY_SEGMENT_WARMUP,True,2016-12-06T08:00:00+00:00,2016-12-06T08:30:00+00:00,2016-12-02T22:00:00+00:00,2016-12-06T09:00:00+00:00
2016-12-12T08:13:00+00:00,2016-12-12T08:00:00+00:00,Monday,8,"[""h3_atr_change_4"", ""h3_slope_atr_8""]",2.0,58,127.0,2016-12-11T00:00:00+00:00,128.0,32.0,10.0,"[""h3_atr_change_4"", ""h3_slope_atr_8""]",UNEXPLAINED_DATA_GAP,WEEKLY_SEGMENT_WARMUP,True,2016-12-12T07:45:00+00:00,2016-12-12T08:15:00+00:00,2016-12-09T22:00:00+00:00,2016-12-13T09:00:00+00:00
2016-12-12T18:03:40+00:00,2016-12-12T18:00:00+00:00,Monday,18,"[""h3_atr_change_4"", ""h3_slope_atr_8""]",2.0,58,167.0,2016-12-11T00:00:00+00:00,168.0,42.0,14.0,"[""h3_atr_change_4"", ""h3_slope_atr_8""]",UNEXPLAINED_DATA_GAP,WEEKLY_SEGMENT_WARMUP,True,2016-12-12T17:45:00+00:00,2016-12-12T18:15:00+00:00,2016-12-09T22:00:00+00:00,2016-12-13T09:00:00+00:00
2016-12-19T11:40:35+00:00,2016-12-19T11:30:00+00:00,Monday,11,"[""h3_atr_change_4"", ""h3_slope_atr_8""]",2.0,59,141.0,2016-12-18T00:00:00+00:00,142.0,35.0,11.0,"[""h3_atr_change_4"", ""h3_slope_atr_8""]",UNEXPLAINED_DATA_GAP,WEEKLY_SEGMENT_WARMUP,True,2016-12-19T11:15:00+00:00,2016-12-19T11:45:00+00:00,2016-12-16T22:00:00+00:00,2016-12-23T09:00:00+00:00
2016-12-19T20:41:17+00:00,2016-12-19T20:30:00+00:00,Monday,20,"[""h3_atr_change_4"", ""h3_slope_atr_8""]",2.0,59,177.0,2016-12-18T00:00:00+00:00,178.0,44.0,14.0,"[""h3_atr_change_4"", ""h3_slope_atr_8""]",UNEXPLAINED_DATA_GAP,WEEKLY_SEGMENT_WARMUP,True,2016-12-19T20:15:00+00:00,2016-12-19T20:45:00+00:00,2016-12-16T22:00:00+00:00,2016-12-23T09:00:00+00:00
2016-12-20T02:18:43+00:00,2016-12-20T02:15:00+00:00,Tuesday,2,,,,,,,,,,,SOURCE_BAR_GAP,True,2016-12-20T00:00:00+00:00,2016-12-21T00:15:00+00:00,2016-12-16T22:00:00+00:00,2016-12-23T09:00:00+00:00
2016-12-20T07:13:46+00:00,2016-12-20T07:00:00+00:00,Tuesday,7,,,,,,,,,,,SOURCE_BAR_GAP,True,2016-12-20T00:00:00+00:00,2016-12-21T00:15:00+00:00,2016-12-16T22:00:00+00:00,2016-12-23T09:00:00+00:00
2016-12-20T08:10:39+00:00,2016-12-20T08:00:00+00:00,Tuesday,8,,,,,,,,,,,SOURCE_BAR_GAP,True,2016-12-20T00:00:00+00:00,2016-12-21T00:15:00+00:00,2016-12-16T22:00:00+00:00,2016-12-23T09:00:00+00:00
2016-12-20T14:17:31+00:00,2016-12-20T14:15:00+00:00,Tuesday,14,,,,,,,,,,,SOURCE_BAR_GAP,True,2016-12-20T00:00:00+00:00,2016-12-21T00:15:00+00:00,2016-12-16T22:00:00+00:00,2016-12-23T09:00:00+00:00
2016-12-21T03:00:40+00:00,2016-12-21T03:00:00+00:00,Wednesday,3,"[""er_16"", ""rv_16"", ""atr_change_1"", ""atr_change_8"", ""slope_atr_4"", ""slope_atr_16"", ""range_pos_16"", ""h1_er_8"", ""h1_atr_change_4"", ""h1_slope_atr_8"", ""h3_er_8"", ""h3_atr_change_4"", ""h3_slope_atr_8""]",13.0,60,11.0,2016-12-21T00:00:00+00:00,12.0,3.0,1.0,"[""er_16"", ""rv_16"", ""atr_change_1"", ""atr_change_8"", ""slope_atr_4"", ""slope_atr_16"", ""range_pos_16"", ""h1_er_8"", ""h1_atr_change_4"", ""h1_slope_atr_8"", ""h3_er_8"", ""h3_atr_change_4"", ""h3_slope_atr_8""]",UNEXPLAINED_DATA_GAP,MIDWEEK_SEGMENT_WARMUP,True,2016-12-21T02:45:00+00:00,2016-12-21T03:15:00+00:00,2016-12-16T22:00:00+00:00,2016-12-23T09:00:00+00:00
2016-12-21T10:18:32+00:00,2016-12-21T10:15:00+00:00,Wednesday,10,"[""h1_atr_change_4"", ""h1_slope_atr_8"", ""h3_er_8"", ""h3_atr_change_4"", ""h3_slope_atr_8""]",5.0,60,40.0,2016-12-21T00:00:00+00:00,41.0,10.0,3.0,"[""h1_atr_change_4"", ""h1_slope_atr_8"", ""h3_er_8"", ""h3_atr_change_4"", ""h3_slope_atr_8""]",UNEXPLAINED_DATA_GAP,MIDWEEK_SEGMENT_WARMUP,True,2016-12-21T10:00:00+00:00,2016-12-21T10:30:00+00:00,2016-12-16T22:00:00+00:00,2016-12-23T09:00:00+00:00
2016-12-21T11:02:27+00:00,2016-12-21T11:00:00+00:00,Wednesday,11,"[""h1_atr_change_4"", ""h1_slope_atr_8"", ""h3_er_8"", ""h3_atr_change_4"", ""h3_slope_atr_8""]",5.0,60,43.0,2016-12-21T00:00:00+00:00,44.0,11.0,3.0,"[""h1_atr_change_4"", ""h1_slope_atr_8"", ""h3_er_8"", ""h3_atr_change_4"", ""h3_slope_atr_8""]",UNEXPLAINED_DATA_GAP,MIDWEEK_SEGMENT_WARMUP,True,2016-12-21T10:45:00+00:00,2016-12-21T11:15:00+00:00,2016-12-16T22:00:00+00:00,2016-12-23T09:00:00+00:00
2016-12-21T23:24:23+00:00,2016-12-21T23:15:00+00:00,Wednesday,23,"[""h3_er_8"", ""h3_atr_change_4"", ""h3_slope_atr_8""]",3.0,60,92.0,2016-12-21T00:00:00+00:00,93.0,23.0,7.0,"[""h3_er_8"", ""h3_atr_change_4"", ""h3_slope_atr_8""]",UNEXPLAINED_DATA_GAP,MIDWEEK_SEGMENT_WARMUP,True,2016-12-21T23:00:00+00:00,2016-12-21T23:30:00+00:00,2016-12-16T22:00:00+00:00,2016-12-23T09:00:00+00:00
2016-12-22T08:00:26+00:00,2016-12-22T08:00:00+00:00,Thursday,8,"[""h3_atr_change_4"", ""h3_slope_atr_8""]",2.0,60,127.0,2016-12-21T00:00:00+00:00,128.0,32.0,10.0,"[""h3_atr_change_4"", ""h3_slope_atr_8""]",UNEXPLAINED_DATA_GAP,MIDWEEK_SEGMENT_WARMUP,True,2016-12-22T07:45:00+00:00,2016-12-22T08:15:00+00:00,2016-12-16T22:00:00+00:00,2016-12-23T09:00:00+00:00
2016-12-22T15:30:42+00:00,2016-12-22T15:30:00+00:00,Thursday,15,"[""h3_atr_change_4"", ""h3_slope_atr_8""]",2.0,60,157.0,2016-12-21T00:00:00+00:00,158.0,39.0,13.0,"[""h3_atr_change_4"", ""h3_slope_atr_8""]",UNEXPLAINED_DATA_GAP,MIDWEEK_SEGMENT_WARMUP,True,2016-12-22T15:15:00+00:00,2016-12-22T15:45:00+00:00,2016-12-16T22:00:00+00:00,2016-12-23T09:00:00+00:00
2016-12-22T19:20:38+00:00,2016-12-22T19:15:00+00:00,Thursday,19,"[""h3_atr_change_4"", ""h3_slope_atr_8""]",2.0,60,172.0,2016-12-21T00:00:00+00:00,173.0,43.0,14.0,"[""h3_atr_change_4"", ""h3_slope_atr_8""]",UNEXPLAINED_DATA_GAP,MIDWEEK_SEGMENT_WARMUP,True,2016-12-22T19:00:00+00:00,2016-12-22T19:30:00+00:00,2016-12-16T22:00:00+00:00,2016-12-23T09:00:00+00:00
2016-12-26T12:06:03+00:00,2016-12-26T12:00:00+00:00,Monday,12,"[""h3_atr_change_4"", ""h3_slope_atr_8""]",2.0,61,143.0,2016-12-25T00:00:00+00:00,144.0,36.0,12.0,"[""h3_atr_change_4"", ""h3_slope_atr_8""]",UNEXPLAINED_DATA_GAP,WEEKLY_SEGMENT_WARMUP,True,2016-12-26T11:45:00+00:00,2016-12-26T12:15:00+00:00,2016-12-23T22:00:00+00:00,2016-12-27T09:00:00+00:00
2016-12-26T14:26:03+00:00,2016-12-26T14:15:00+00:00,Monday,14,"[""h3_atr_change_4"", ""h3_slope_atr_8""]",2.0,61,152.0,2016-12-25T00:00:00+00:00,153.0,38.0,12.0,"[""h3_atr_change_4"", ""h3_slope_atr_8""]",UNEXPLAINED_DATA_GAP,WEEKLY_SEGMENT_WARMUP,True,2016-12-26T14:00:00+00:00,2016-12-26T14:30:00+00:00,2016-12-23T22:00:00+00:00,2016-12-27T09:00:00+00:00
2016-12-27T02:06:59+00:00,2016-12-27T02:00:00+00:00,Tuesday,2,"[""h3_atr_change_4""]",1.0,61,199.0,2016-12-25T00:00:00+00:00,200.0,50.0,16.0,"[""h3_atr_change_4""]",UNEXPLAINED_DATA_GAP,WEEKLY_SEGMENT_WARMUP,True,2016-12-27T01:45:00+00:00,2016-12-27T02:15:00+00:00,2016-12-23T22:00:00+00:00,2016-12-27T09:00:00+00:00
2017-01-02T14:55:29+00:00,2017-01-02T14:45:00+00:00,Monday,14,"[""h3_atr_change_4"", ""h3_slope_atr_8""]",2.0,62,154.0,2017-01-01T00:00:00+00:00,155.0,38.0,12.0,"[""h3_atr_change_4"", ""h3_slope_atr_8""]",UNEXPLAINED_DATA_GAP,WEEKLY_SEGMENT_WARMUP,True,2017-01-02T14:30:00+00:00,2017-01-02T15:00:00+00:00,2016-12-30T22:00:00+00:00,2017-01-03T09:00:00+00:00
2017-01-02T17:12:32+00:00,2017-01-02T17:00:00+00:00,Monday,17,"[""h3_atr_change_4"", ""h3_slope_atr_8""]",2.0,62,163.0,2017-01-01T00:00:00+00:00,164.0,41.0,13.0,"[""h3_atr_change_4"", ""h3_slope_atr_8""]",UNEXPLAINED_DATA_GAP,WEEKLY_SEGMENT_WARMUP,True,2017-01-02T16:45:00+00:00,2017-01-02T17:15:00+00:00,2016-12-30T22:00:00+00:00,2017-01-03T09:00:00+00:00
2017-01-02T22:02:02+00:00,2017-01-02T22:00:00+00:00,Monday,22,"[""h3_atr_change_4""]",1.0,62,183.0,2017-01-01T00:00:00+00:00,184.0,46.0,15.0,"[""h3_atr_change_4""]",UNEXPLAINED_DATA_GAP,WEEKLY_SEGMENT_WARMUP,True,2017-01-02T21:45:00+00:00,2017-01-02T22:15:00+00:00,2016-12-30T22:00:00+00:00,2017-01-03T09:00:00+00:00
2017-01-10T08:47:40+00:00,2017-01-10T08:45:00+00:00,Tuesday,8,"[""h3_atr_change_4""]",1.0,63,226.0,2017-01-08T00:00:00+00:00,227.0,56.0,18.0,"[""h3_atr_change_4""]",UNEXPLAINED_DATA_GAP,WEEKLY_SEGMENT_WARMUP,True,2017-01-10T08:30:00+00:00,2017-01-10T09:00:00+00:00,2017-01-06T22:00:00+00:00,2017-01-10T09:00:00+00:00
2017-01-16T00:01:00+00:00,2017-01-16T00:00:00+00:00,Monday,0,"[""atr_change_8"", ""h1_atr_change_4"", ""h3_er_8"", ""h3_atr_change_4"", ""h3_slope_atr_8""]",5.0,64,95.0,2017-01-15T00:00:00+00:00,96.0,24.0,8.0,"[""h3_er_8"", ""h3_atr_change_4"", ""h3_slope_atr_8""]",UNEXPLAINED_DATA_GAP,SPECIFIC_FEATURE_INCOMPLETE,False,2017-01-15T23:45:00+00:00,2017-01-16T00:15:00+00:00,2017-01-13T22:00:00+00:00,2017-01-17T09:00:00+00:00
2017-01-16T20:28:42+00:00,2017-01-16T20:15:00+00:00,Monday,20,"[""h3_atr_change_4"", ""h3_slope_atr_8""]",2.0,64,176.0,2017-01-15T00:00:00+00:00,177.0,44.0,14.0,"[""h3_atr_change_4"", ""h3_slope_atr_8""]",UNEXPLAINED_DATA_GAP,WEEKLY_SEGMENT_WARMUP,True,2017-01-16T20:00:00+00:00,2017-01-16T20:30:00+00:00,2017-01-13T22:00:00+00:00,2017-01-17T09:00:00+00:00
2017-01-23T08:52:40+00:00,2017-01-23T08:45:00+00:00,Monday,8,"[""h3_atr_change_4"", ""h3_slope_atr_8""]",2.0,65,130.0,2017-01-22T00:00:00+00:00,131.0,32.0,10.0,"[""h3_atr_change_4"", ""h3_slope_atr_8""]",UNEXPLAINED_DATA_GAP,WEEKLY_SEGMENT_WARMUP,True,2017-01-23T08:30:00+00:00,2017-01-23T09:00:00+00:00,2017-01-20T22:00:00+00:00,2017-01-24T09:00:00+00:00
2017-01-23T15:03:28+00:00,2017-01-23T15:00:00+00:00,Monday,15,"[""h3_atr_change_4"", ""h3_slope_atr_8""]",2.0,65,155.0,2017-01-22T00:00:00+00:00,156.0,39.0,13.0,"[""h3_atr_change_4"", ""h3_slope_atr_8""]",UNEXPLAINED_DATA_GAP,WEEKLY_SEGMENT_WARMUP,True,2017-01-23T14:45:00+00:00,2017-01-23T15:15:00+00:00,2017-01-20T22:00:00+00:00,2017-01-24T09:00:00+00:00
2017-01-23T19:42:31+00:00,2017-01-23T19:30:00+00:00,Monday,19,"[""h3_atr_change_4"", ""h3_slope_atr_8""]",2.0,65,173.0,2017-01-22T00:00:00+00:00,174.0,43.0,14.0,"[""h3_atr_change_4"", ""h3_slope_atr_8""]",UNEXPLAINED_DATA_GAP,WEEKLY_SEGMENT_WARMUP,True,2017-01-23T19:15:00+00:00,2017-01-23T19:45:00+00:00,2017-01-20T22:00:00+00:00,2017-01-24T09:00:00+00:00
2017-01-24T05:08:05+00:00,2017-01-24T05:00:00+00:00,Tuesday,5,"[""h3_atr_change_4""]",1.0,65,211.0,2017-01-22T00:00:00+00:00,212.0,53.0,17.0,"[""h3_atr_change_4""]",UNEXPLAINED_DATA_GAP,WEEKLY_SEGMENT_WARMUP,True,2017-01-24T04:45:00+00:00,2017-01-24T05:15:00+00:00,2017-01-20T22:00:00+00:00,2017-01-24T09:00:00+00:00
2017-01-24T08:11:36+00:00,2017-01-24T08:00:00+00:00,Tuesday,8,"[""h3_atr_change_4""]",1.0,65,223.0,2017-01-22T00:00:00+00:00,224.0,56.0,18.0,"[""h3_atr_change_4""]",UNEXPLAINED_DATA_GAP,WEEKLY_SEGMENT_WARMUP,True,2017-01-24T07:45:00+00:00,2017-01-24T08:15:00+00:00,2017-01-20T22:00:00+00:00,2017-01-24T09:00:00+00:00
2017-01-30T09:10:38+00:00,2017-01-30T09:00:00+00:00,Monday,9,"[""h3_atr_change_4"", ""h3_slope_atr_8""]",2.0,66,131.0,2017-01-29T00:00:00+00:00,132.0,33.0,11.0,"[""h3_atr_change_4"", ""h3_slope_atr_8""]",UNEXPLAINED_DATA_GAP,WEEKLY_SEGMENT_WARMUP,True,2017-01-30T08:45:00+00:00,2017-01-30T09:15:00+00:00,2017-01-27T22:00:00+00:00,2017-01-31T09:00:00+00:00
2017-01-30T15:00:38+00:00,2017-01-30T15:00:00+00:00,Monday,15,"[""h3_atr_change_4"", ""h3_slope_atr_8""]",2.0,66,155.0,2017-01-29T00:00:00+00:00,156.0,39.0,13.0,"[""h3_atr_change_4"", ""h3_slope_atr_8""]",UNEXPLAINED_DATA_GAP,WEEKLY_SEGMENT_WARMUP,True,2017-01-30T14:45:00+00:00,2017-01-30T15:15:00+00:00,2017-01-27T22:00:00+00:00,2017-01-31T09:00:00+00:00
2017-01-30T17:03:41+00:00,2017-01-30T17:00:00+00:00,Monday,17,"[""h3_atr_change_4"", ""h3_slope_atr_8""]",2.0,66,163.0,2017-01-29T00:00:00+00:00,164.0,41.0,13.0,"[""h3_atr_change_4"", ""h3_slope_atr_8""]",UNEXPLAINED_DATA_GAP,WEEKLY_SEGMENT_WARMUP,True,2017-01-30T16:45:00+00:00,2017-01-30T17:15:00+00:00,2017-01-27T22:00:00+00:00,2017-01-31T09:00:00+00:00
2017-01-31T05:28:19+00:00,2017-01-31T05:15:00+00:00,Tuesday,5,"[""h3_atr_change_4""]",1.0,66,212.0,2017-01-29T00:00:00+00:00,213.0,53.0,17.0,"[""h3_atr_change_4""]",UNEXPLAINED_DATA_GAP,WEEKLY_SEGMENT_WARMUP,True,2017-01-31T05:00:00+00:00,2017-01-31T05:30:00+00:00,2017-01-27T22:00:00+00:00,2017-01-31T09:00:00+00:00
2017-02-02T14:02:42+00:00,2017-02-02T14:00:00+00:00,Thursday,14,,,,,,,,,,,SOURCE_BAR_GAP,True,2017-02-02T00:00:00+00:00,2017-02-03T00:15:00+00:00,2017-02-02T00:00:00+00:00,2017-02-07T09:00:00+00:00
2017-02-02T17:56:20+00:00,2017-02-02T17:45:00+00:00,Thursday,17,,,,,,,,,,,SOURCE_BAR_GAP,True,2017-02-02T00:00:00+00:00,2017-02-03T00:15:00+00:00,2017-02-02T00:00:00+00:00,2017-02-07T09:00:00+00:00
2017-02-02T22:19:33+00:00,2017-02-02T22:15:00+00:00,Thursday,22,,,,,,,,,,,SOURCE_BAR_GAP,True,2017-02-02T00:00:00+00:00,2017-02-03T00:15:00+00:00,2017-02-02T00:00:00+00:00,2017-02-07T09:00:00+00:00
2017-02-03T02:12:04+00:00,2017-02-03T02:00:00+00:00,Friday,2,"[""er_16"", ""rv_16"", ""atr_change_1"", ""atr_change_8"", ""slope_atr_4"", ""slope_atr_16"", ""range_pos_16"", ""h1_er_8"", ""h1_atr_change_4"", ""h1_slope_atr_8"", ""h3_er_8"", ""h3_atr_change_4"", ""h3_slope_atr_8""]",13.0,67,7.0,2017-02-03T00:00:00+00:00,8.0,2.0,0.0,"[""er_16"", ""rv_16"", ""atr_change_1"", ""atr_change_8"", ""slope_atr_4"", ""slope_atr_16"", ""range_pos_16"", ""h1_er_8"", ""h1_atr_change_4"", ""h1_slope_atr_8"", ""h3_er_8"", ""h3_atr_change_4"", ""h3_slope_atr_8""]",UNEXPLAINED_DATA_GAP,MIDWEEK_SEGMENT_WARMUP,True,2017-02-03T01:45:00+00:00,2017-02-03T02:15:00+00:00,2017-02-02T00:00:00+00:00,2017-02-07T09:00:00+00:00
2017-02-03T05:01:40+00:00,2017-02-03T05:00:00+00:00,Friday,5,"[""atr_change_8"", ""h1_er_8"", ""h1_atr_change_4"", ""h1_slope_atr_8"", ""h3_er_8"", ""h3_atr_change_4"", ""h3_slope_atr_8""]",7.0,67,19.0,2017-02-03T00:00:00+00:00,20.0,5.0,1.0,"[""atr_change_8"", ""h1_er_8"", ""h1_atr_change_4"", ""h1_slope_atr_8"", ""h3_er_8"", ""h3_atr_change_4"", ""h3_slope_atr_8""]",UNEXPLAINED_DATA_GAP,MIDWEEK_SEGMENT_WARMUP,True,2017-02-03T04:45:00+00:00,2017-02-03T05:15:00+00:00,2017-02-02T00:00:00+00:00,2017-02-07T09:00:00+00:00
2017-02-03T13:44:37+00:00,2017-02-03T13:30:00+00:00,Friday,13,"[""h1_atr_change_4"", ""h1_slope_atr_8"", ""h3_er_8"", ""h3_atr_change_4"", ""h3_slope_atr_8""]",5.0,67,53.0,2017-02-03T00:00:00+00:00,54.0,13.0,4.0,"[""h1_atr_change_4"", ""h1_slope_atr_8"", ""h3_er_8"", ""h3_atr_change_4"", ""h3_slope_atr_8""]",UNEXPLAINED_DATA_GAP,MIDWEEK_SEGMENT_WARMUP,True,2017-02-03T13:15:00+00:00,2017-02-03T13:45:00+00:00,2017-02-02T00:00:00+00:00,2017-02-07T09:00:00+00:00
2017-02-06T08:27:04+00:00,2017-02-06T08:15:00+00:00,Monday,8,"[""h3_atr_change_4"", ""h3_slope_atr_8""]",2.0,68,128.0,2017-02-05T00:00:00+00:00,129.0,32.0,10.0,"[""h3_atr_change_4"", ""h3_slope_atr_8""]",UNEXPLAINED_DATA_GAP,WEEKLY_SEGMENT_WARMUP,True,2017-02-06T08:00:00+00:00,2017-02-06T08:30:00+00:00,2017-02-02T00:00:00+00:00,2017-02-07T09:00:00+00:00
2017-02-06T15:03:41+00:00,2017-02-06T15:00:00+00:00,Monday,15,"[""h3_atr_change_4"", ""h3_slope_atr_8""]",2.0,68,155.0,2017-02-05T00:00:00+00:00,156.0,39.0,13.0,"[""h3_atr_change_4"", ""h3_slope_atr_8""]",UNEXPLAINED_DATA_GAP,WEEKLY_SEGMENT_WARMUP,True,2017-02-06T14:45:00+00:00,2017-02-06T15:15:00+00:00,2017-02-02T00:00:00+00:00,2017-02-07T09:00:00+00:00
2017-02-06T17:01:28+00:00,2017-02-06T17:00:00+00:00,Monday,17,"[""h3_atr_change_4"", ""h3_slope_atr_8""]",2.0,68,163.0,2017-02-05T00:00:00+00:00,164.0,41.0,13.0,"[""h3_atr_change_4"", ""h3_slope_atr_8""]",UNEXPLAINED_DATA_GAP,WEEKLY_SEGMENT_WARMUP,True,2017-02-06T16:45:00+00:00,2017-02-06T17:15:00+00:00,2017-02-02T00:00:00+00:00,2017-02-07T09:00:00+00:00
2017-02-07T02:23:40+00:00,2017-02-07T02:15:00+00:00,Tuesday,2,"[""h3_atr_change_4""]",1.0,68,200.0,2017-02-05T00:00:00+00:00,201.0,50.0,16.0,"[""h3_atr_change_4""]",UNEXPLAINED_DATA_GAP,WEEKLY_SEGMENT_WARMUP,True,2017-02-07T02:00:00+00:00,2017-02-07T02:30:00+00:00,2017-02-02T00:00:00+00:00,2017-02-07T09:00:00+00:00
2017-02-13T14:56:05+00:00,2017-02-13T14:45:00+00:00,Monday,14,"[""h3_atr_change_4"", ""h3_slope_atr_8""]",2.0,69,154.0,2017-02-12T00:00:00+00:00,155.0,38.0,12.0,"[""h3_atr_change_4"", ""h3_slope_atr_8""]",UNEXPLAINED_DATA_GAP,WEEKLY_SEGMENT_WARMUP,True,2017-02-13T14:30:00+00:00,2017-02-13T15:00:00+00:00,2017-02-10T22:00:00+00:00,2017-02-14T09:00:00+00:00
2017-02-14T00:01:29+00:00,2017-02-14T00:00:00+00:00,Tuesday,0,"[""h3_atr_change_4""]",1.0,69,191.0,2017-02-12T00:00:00+00:00,192.0,48.0,16.0,"[""h3_atr_change_4""]",UNEXPLAINED_DATA_GAP,WEEKLY_SEGMENT_WARMUP,True,2017-02-13T23:45:00+00:00,2017-02-14T00:15:00+00:00,2017-02-10T22:00:00+00:00,2017-02-14T09:00:00+00:00
2017-02-20T08:25:43+00:00,2017-02-20T08:15:00+00:00,Monday,8,"[""h3_atr_change_4"", ""h3_slope_atr_8""]",2.0,70,128.0,2017-02-19T00:00:00+00:00,129.0,32.0,10.0,"[""h3_atr_change_4"", ""h3_slope_atr_8""]",UNEXPLAINED_DATA_GAP,WEEKLY_SEGMENT_WARMUP,True,2017-02-20T08:00:00+00:00,2017-02-20T08:30:00+00:00,2017-02-17T22:00:00+00:00,2017-02-21T09:00:00+00:00
2017-02-20T14:20:41+00:00,2017-02-20T14:15:00+00:00,Monday,14,"[""h3_atr_change_4"", ""h3_slope_atr_8""]",2.0,70,152.0,2017-02-19T00:00:00+00:00,153.0,38.0,12.0,"[""h3_atr_change_4"", ""h3_slope_atr_8""]",UNEXPLAINED_DATA_GAP,WEEKLY_SEGMENT_WARMUP,True,2017-02-20T14:00:00+00:00,2017-02-20T14:30:00+00:00,2017-02-17T22:00:00+00:00,2017-02-21T09:00:00+00:00
2017-02-21T02:37:29+00:00,2017-02-21T02:30:00+00:00,Tuesday,2,"[""h3_atr_change_4""]",1.0,70,201.0,2017-02-19T00:00:00+00:00,202.0,50.0,16.0,"[""h3_atr_change_4""]",UNEXPLAINED_DATA_GAP,WEEKLY_SEGMENT_WARMUP,True,2017-02-21T02:15:00+00:00,2017-02-21T02:45:00+00:00,2017-02-17T22:00:00+00:00,2017-02-21T09:00:00+00:00
2017-02-24T02:35:59+00:00,2017-02-24T02:30:00+00:00,Friday,2,,,,,,,,,,,SOURCE_BAR_GAP,True,2017-02-24T00:00:00+00:00,2017-02-26T00:15:00+00:00,2017-02-24T00:00:00+00:00,2017-02-28T09:00:00+00:00
2017-02-24T11:00:58+00:00,2017-02-24T11:00:00+00:00,Friday,11,,,,,,,,,,,SOURCE_BAR_GAP,True,2017-02-24T00:00:00+00:00,2017-02-26T00:15:00+00:00,2017-02-24T00:00:00+00:00,2017-02-28T09:00:00+00:00
2017-02-24T21:19:03+00:00,2017-02-24T21:15:00+00:00,Friday,21,,,,,,,,,,,SOURCE_BAR_GAP,True,2017-02-24T00:00:00+00:00,2017-02-26T00:15:00+00:00,2017-02-24T00:00:00+00:00,2017-02-28T09:00:00+00:00
2017-02-27T20:43:59+00:00,2017-02-27T20:30:00+00:00,Monday,20,"[""h3_atr_change_4"", ""h3_slope_atr_8""]",2.0,71,177.0,2017-02-26T00:00:00+00:00,178.0,44.0,14.0,"[""h3_atr_change_4"", ""h3_slope_atr_8""]",UNEXPLAINED_DATA_GAP,MIDWEEK_SEGMENT_WARMUP,True,2017-02-27T20:15:00+00:00,2017-02-27T20:45:00+00:00,2017-02-24T00:00:00+00:00,2017-02-28T09:00:00+00:00
2017-03-06T08:37:36+00:00,2017-03-06T08:30:00+00:00,Monday,8,"[""h1_er_8"", ""h1_atr_change_4"", ""h1_slope_atr_8"", ""h3_er_8"", ""h3_atr_change_4"", ""h3_slope_atr_8""]",6.0,72,33.0,2017-03-06T00:00:00+00:00,34.0,8.0,2.0,"[""h1_er_8"", ""h1_atr_change_4"", ""h1_slope_atr_8"", ""h3_er_8"", ""h3_atr_change_4"", ""h3_slope_atr_8""]",EXPECTED_MARKET_GAP,WEEKLY_SEGMENT_WARMUP,True,2017-03-06T08:15:00+00:00,2017-03-06T08:45:00+00:00,2017-03-03T22:00:00+00:00,2017-03-10T09:00:00+00:00
2017-03-06T13:25:37+00:00,2017-03-06T13:15:00+00:00,Monday,13,"[""h1_atr_change_4"", ""h1_slope_atr_8"", ""h3_er_8"", ""h3_atr_change_4"", ""h3_slope_atr_8""]",5.0,72,52.0,2017-03-06T00:00:00+00:00,53.0,13.0,4.0,"[""h1_atr_change_4"", ""h1_slope_atr_8"", ""h3_er_8"", ""h3_atr_change_4"", ""h3_slope_atr_8""]",EXPECTED_MARKET_GAP,WEEKLY_SEGMENT_WARMUP,True,2017-03-06T13:00:00+00:00,2017-03-06T13:30:00+00:00,2017-03-03T22:00:00+00:00,2017-03-10T09:00:00+00:00
2017-03-07T02:32:34+00:00,2017-03-07T02:30:00+00:00,Tuesday,2,,,,,,,,,,,SOURCE_BAR_GAP,True,2017-03-07T00:00:00+00:00,2017-03-08T00:15:00+00:00,2017-03-03T22:00:00+00:00,2017-03-10T09:00:00+00:00
2017-03-07T08:47:14+00:00,2017-03-07T08:45:00+00:00,Tuesday,8,,,,,,,,,,,SOURCE_BAR_GAP,True,2017-03-07T00:00:00+00:00,2017-03-08T00:15:00+00:00,2017-03-03T22:00:00+00:00,2017-03-10T09:00:00+00:00
2017-03-07T11:05:53+00:00,2017-03-07T11:00:00+00:00,Tuesday,11,,,,,,,,,,,SOURCE_BAR_GAP,True,2017-03-07T00:00:00+00:00,2017-03-08T00:15:00+00:00,2017-03-03T22:00:00+00:00,2017-03-10T09:00:00+00:00
2017-03-08T18:29:29+00:00,2017-03-08T18:15:00+00:00,Wednesday,18,"[""h1_atr_change_4"", ""h3_er_8"", ""h3_atr_change_4"", ""h3_slope_atr_8""]",4.0,73,72.0,2017-03-08T00:00:00+00:00,73.0,18.0,6.0,"[""h1_atr_change_4"", ""h3_er_8"", ""h3_atr_change_4"", ""h3_slope_atr_8""]",UNEXPLAINED_DATA_GAP,MIDWEEK_SEGMENT_WARMUP,True,2017-03-08T18:00:00+00:00,2017-03-08T18:30:00+00:00,2017-03-03T22:00:00+00:00,2017-03-10T09:00:00+00:00
2017-03-09T14:45:31+00:00,2017-03-09T14:45:00+00:00,Thursday,14,"[""h3_atr_change_4"", ""h3_slope_atr_8""]",2.0,73,154.0,2017-03-08T00:00:00+00:00,155.0,38.0,12.0,"[""h3_atr_change_4"", ""h3_slope_atr_8""]",UNEXPLAINED_DATA_GAP,MIDWEEK_SEGMENT_WARMUP,True,2017-03-09T14:30:00+00:00,2017-03-09T15:00:00+00:00,2017-03-03T22:00:00+00:00,2017-03-10T09:00:00+00:00
2017-03-09T23:28:02+00:00,2017-03-09T23:15:00+00:00,Thursday,23,"[""h3_atr_change_4""]",1.0,73,188.0,2017-03-08T00:00:00+00:00,189.0,47.0,15.0,"[""h3_atr_change_4""]",UNEXPLAINED_DATA_GAP,MIDWEEK_SEGMENT_WARMUP,True,2017-03-09T23:00:00+00:00,2017-03-09T23:30:00+00:00,2017-03-03T22:00:00+00:00,2017-03-10T09:00:00+00:00
2017-03-13T10:03:35+00:00,2017-03-13T10:00:00+00:00,Monday,10,"[""h3_atr_change_4"", ""h3_slope_atr_8""]",2.0,74,135.0,2017-03-12T00:00:00+00:00,136.0,34.0,11.0,"[""h3_atr_change_4"", ""h3_slope_atr_8""]",UNEXPLAINED_DATA_GAP,WEEKLY_SEGMENT_WARMUP,True,2017-03-13T09:45:00+00:00,2017-03-13T10:15:00+00:00,2017-03-10T22:00:00+00:00,2017-03-14T09:00:00+00:00
2017-03-14T01:03:36+00:00,2017-03-14T01:00:00+00:00,Tuesday,1,"[""h3_atr_change_4""]",1.0,74,195.0,2017-03-12T00:00:00+00:00,196.0,49.0,16.0,"[""h3_atr_change_4""]",UNEXPLAINED_DATA_GAP,WEEKLY_SEGMENT_WARMUP,True,2017-03-14T00:45:00+00:00,2017-03-14T01:15:00+00:00,2017-03-10T22:00:00+00:00,2017-03-14T09:00:00+00:00
2017-03-14T08:13:24+00:00,2017-03-14T08:00:00+00:00,Tuesday,8,"[""h3_atr_change_4""]",1.0,74,223.0,2017-03-12T00:00:00+00:00,224.0,56.0,18.0,"[""h3_atr_change_4""]",UNEXPLAINED_DATA_GAP,WEEKLY_SEGMENT_WARMUP,True,2017-03-14T07:45:00+00:00,2017-03-14T08:15:00+00:00,2017-03-10T22:00:00+00:00,2017-03-14T09:00:00+00:00
2017-03-17T22:09:33+00:00,2017-03-17T22:00:00+00:00,Friday,22,,,,,,,,,,,SOURCE_BAR_GAP,True,2017-03-17T21:00:00+00:00,2017-03-19T00:15:00+00:00,2017-03-17T21:00:00+00:00,2017-03-21T09:00:00+00:00
2017-03-20T11:47:40+00:00,2017-03-20T11:45:00+00:00,Monday,11,"[""h3_atr_change_4"", ""h3_slope_atr_8""]",2.0,75,142.0,2017-03-19T00:00:00+00:00,143.0,35.0,11.0,"[""h3_atr_change_4"", ""h3_slope_atr_8""]",UNEXPLAINED_DATA_GAP,WEEKLY_SEGMENT_WARMUP,True,2017-03-20T11:30:00+00:00,2017-03-20T12:00:00+00:00,2017-03-17T21:00:00+00:00,2017-03-21T09:00:00+00:00
2017-03-20T13:59:39+00:00,2017-03-20T13:45:00+00:00,Monday,13,"[""h3_atr_change_4"", ""h3_slope_atr_8""]",2.0,75,150.0,2017-03-19T00:00:00+00:00,151.0,37.0,12.0,"[""h3_atr_change_4"", ""h3_slope_atr_8""]",UNEXPLAINED_DATA_GAP,WEEKLY_SEGMENT_WARMUP,True,2017-03-20T13:30:00+00:00,2017-03-20T14:00:00+00:00,2017-03-17T21:00:00+00:00,2017-03-21T09:00:00+00:00
2017-03-20T18:20:14+00:00,2017-03-20T18:15:00+00:00,Monday,18,"[""h3_atr_change_4"", ""h3_slope_atr_8""]",2.0,75,168.0,2017-03-19T00:00:00+00:00,169.0,42.0,14.0,"[""h3_atr_change_4"", ""h3_slope_atr_8""]",UNEXPLAINED_DATA_GAP,WEEKLY_SEGMENT_WARMUP,True,2017-03-20T18:00:00+00:00,2017-03-20T18:30:00+00:00,2017-03-17T21:00:00+00:00,2017-03-21T09:00:00+00:00
2017-03-27T07:34:15+00:00,2017-03-27T07:30:00+00:00,Monday,7,"[""h3_atr_change_4"", ""h3_slope_atr_8""]",2.0,76,125.0,2017-03-26T00:00:00+00:00,126.0,31.0,10.0,"[""h3_atr_change_4"", ""h3_slope_atr_8""]",UNEXPLAINED_DATA_GAP,WEEKLY_SEGMENT_WARMUP,True,2017-03-27T07:15:00+00:00,2017-03-27T07:45:00+00:00,2017-03-24T21:00:00+00:00,2017-03-28T09:00:00+00:00
2017-03-27T19:55:00+00:00,2017-03-27T19:45:00+00:00,Monday,19,"[""h3_atr_change_4"", ""h3_slope_atr_8""]",2.0,76,174.0,2017-03-26T00:00:00+00:00,175.0,43.0,14.0,"[""h3_atr_change_4"", ""h3_slope_atr_8""]",UNEXPLAINED_DATA_GAP,WEEKLY_SEGMENT_WARMUP,True,2017-03-27T19:30:00+00:00,2017-03-27T20:00:00+00:00,2017-03-24T21:00:00+00:00,2017-03-28T09:00:00+00:00
2017-03-31T22:40:27+00:00,2017-03-31T22:30:00+00:00,Friday,22,,,,,,,,,,,SOURCE_BAR_GAP,True,2017-03-31T21:00:00+00:00,2017-04-02T00:15:00+00:00,2017-03-31T21:00:00+00:00,2017-04-07T09:00:00+00:00
2017-04-03T09:44:44+00:00,2017-04-03T09:30:00+00:00,Monday,9,"[""h3_atr_change_4"", ""h3_slope_atr_8""]",2.0,77,133.0,2017-04-02T00:00:00+00:00,134.0,33.0,11.0,"[""h3_atr_change_4"", ""h3_slope_atr_8""]",UNEXPLAINED_DATA_GAP,WEEKLY_SEGMENT_WARMUP,True,2017-04-03T09:15:00+00:00,2017-04-03T09:45:00+00:00,2017-03-31T21:00:00+00:00,2017-04-07T09:00:00+00:00
2017-04-03T10:46:05+00:00,2017-04-03T10:45:00+00:00,Monday,10,"[""h3_atr_change_4"", ""h3_slope_atr_8""]",2.0,77,138.0,2017-04-02T00:00:00+00:00,139.0,34.0,11.0,"[""h3_atr_change_4"", ""h3_slope_atr_8""]",UNEXPLAINED_DATA_GAP,WEEKLY_SEGMENT_WARMUP,True,2017-04-03T10:30:00+00:00,2017-04-03T11:00:00+00:00,2017-03-31T21:00:00+00:00,2017-04-07T09:00:00+00:00
2017-04-03T13:14:05+00:00,2017-04-03T13:00:00+00:00,Monday,13,"[""h3_atr_change_4"", ""h3_slope_atr_8""]",2.0,77,147.0,2017-04-02T00:00:00+00:00,148.0,37.0,12.0,"[""h3_atr_change_4"", ""h3_slope_atr_8""]",UNEXPLAINED_DATA_GAP,WEEKLY_SEGMENT_WARMUP,True,2017-04-03T12:45:00+00:00,2017-04-03T13:15:00+00:00,2017-03-31T21:00:00+00:00,2017-04-07T09:00:00+00:00
2017-04-03T16:03:19+00:00,2017-04-03T16:00:00+00:00,Monday,16,"[""h3_atr_change_4"", ""h3_slope_atr_8""]",2.0,77,159.0,2017-04-02T00:00:00+00:00,160.0,40.0,13.0,"[""h3_atr_change_4"", ""h3_slope_atr_8""]",UNEXPLAINED_DATA_GAP,WEEKLY_SEGMENT_WARMUP,True,2017-04-03T15:45:00+00:00,2017-04-03T16:15:00+00:00,2017-03-31T21:00:00+00:00,2017-04-07T09:00:00+00:00
2017-04-04T04:04:36+00:00,2017-04-04T04:00:00+00:00,Tuesday,4,,,,,,,,,,,SOURCE_BAR_GAP,True,2017-04-04T00:00:00+00:00,2017-04-05T00:15:00+00:00,2017-03-31T21:00:00+00:00,2017-04-07T09:00:00+00:00
2017-04-04T07:01:26+00:00,2017-04-04T07:00:00+00:00,Tuesday,7,,,,,,,,,,,SOURCE_BAR_GAP,True,2017-04-04T00:00:00+00:00,2017-04-05T00:15:00+00:00,2017-03-31T21:00:00+00:00,2017-04-07T09:00:00+00:00
2017-04-04T10:43:15+00:00,2017-04-04T10:30:00+00:00,Tuesday,10,,,,,,,,,,,SOURCE_BAR_GAP,True,2017-04-04T00:00:00+00:00,2017-04-05T00:15:00+00:00,2017-03-31T21:00:00+00:00,2017-04-07T09:00:00+00:00
2017-04-04T13:25:02+00:00,2017-04-04T13:15:00+00:00,Tuesday,13,,,,,,,,,,,SOURCE_BAR_GAP,True,2017-04-04T00:00:00+00:00,2017-04-05T00:15:00+00:00,2017-03-31T21:00:00+00:00,2017-04-07T09:00:00+00:00
2017-04-05T05:51:36+00:00,2017-04-05T05:45:00+00:00,Wednesday,5,"[""h1_er_8"", ""h1_atr_change_4"", ""h1_slope_atr_8"", ""h3_er_8"", ""h3_atr_change_4"", ""h3_slope_atr_8""]",6.0,78,22.0,2017-04-05T00:00:00+00:00,23.0,5.0,1.0,"[""h1_er_8"", ""h1_atr_change_4"", ""h1_slope_atr_8"", ""h3_er_8"", ""h3_atr_change_4"", ""h3_slope_atr_8""]",UNEXPLAINED_DATA_GAP,MIDWEEK_SEGMENT_WARMUP,True,2017-04-05T05:30:00+00:00,2017-04-05T06:00:00+00:00,2017-03-31T21:00:00+00:00,2017-04-07T09:00:00+00:00
2017-04-05T15:19:37+00:00,2017-04-05T15:15:00+00:00,Wednesday,15,"[""h1_atr_change_4"", ""h3_er_8"", ""h3_atr_change_4"", ""h3_slope_atr_8""]",4.0,78,60.0,2017-04-05T00:00:00+00:00,61.0,15.0,5.0,"[""h1_atr_change_4"", ""h3_er_8"", ""h3_atr_change_4"", ""h3_slope_atr_8""]",UNEXPLAINED_DATA_GAP,MIDWEEK_SEGMENT_WARMUP,True,2017-04-05T15:00:00+00:00,2017-04-05T15:30:00+00:00,2017-03-31T21:00:00+00:00,2017-04-07T09:00:00+00:00
2017-04-05T16:12:38+00:00,2017-04-05T16:00:00+00:00,Wednesday,16,"[""h1_atr_change_4"", ""h3_er_8"", ""h3_atr_change_4"", ""h3_slope_atr_8""]",4.0,78,63.0,2017-04-05T00:00:00+00:00,64.0,16.0,5.0,"[""h1_atr_change_4"", ""h3_er_8"", ""h3_atr_change_4"", ""h3_slope_atr_8""]",UNEXPLAINED_DATA_GAP,MIDWEEK_SEGMENT_WARMUP,True,2017-04-05T15:45:00+00:00,2017-04-05T16:15:00+00:00,2017-03-31T21:00:00+00:00,2017-04-07T09:00:00+00:00
2017-04-05T19:30:04+00:00,2017-04-05T19:30:00+00:00,Wednesday,19,"[""h3_er_8"", ""h3_atr_change_4"", ""h3_slope_atr_8""]",3.0,78,77.0,2017-04-05T00:00:00+00:00,78.0,19.0,6.0,"[""h3_er_8"", ""h3_atr_change_4"", ""h3_slope_atr_8""]",UNEXPLAINED_DATA_GAP,MIDWEEK_SEGMENT_WARMUP,True,2017-04-05T19:15:00+00:00,2017-04-05T19:45:00+00:00,2017-03-31T21:00:00+00:00,2017-04-07T09:00:00+00:00
2017-04-06T01:10:24+00:00,2017-04-06T01:00:00+00:00,Thursday,1,"[""h3_er_8"", ""h3_atr_change_4"", ""h3_slope_atr_8""]",3.0,78,99.0,2017-04-05T00:00:00+00:00,100.0,25.0,8.0,"[""h3_er_8"", ""h3_atr_change_4"", ""h3_slope_atr_8""]",UNEXPLAINED_DATA_GAP,MIDWEEK_SEGMENT_WARMUP,True,2017-04-06T00:45:00+00:00,2017-04-06T01:15:00+00:00,2017-03-31T21:00:00+00:00,2017-04-07T09:00:00+00:00
2017-04-06T07:10:26+00:00,2017-04-06T07:00:00+00:00,Thursday,7,"[""h3_atr_change_4"", ""h3_slope_atr_8""]",2.0,78,123.0,2017-04-05T00:00:00+00:00,124.0,31.0,10.0,"[""h3_atr_change_4"", ""h3_slope_atr_8""]",UNEXPLAINED_DATA_GAP,MIDWEEK_SEGMENT_WARMUP,True,2017-04-06T06:45:00+00:00,2017-04-06T07:15:00+00:00,2017-03-31T21:00:00+00:00,2017-04-07T09:00:00+00:00
2017-04-06T10:01:36+00:00,2017-04-06T10:00:00+00:00,Thursday,10,"[""h3_atr_change_4"", ""h3_slope_atr_8""]",2.0,78,135.0,2017-04-05T00:00:00+00:00,136.0,34.0,11.0,"[""h3_atr_change_4"", ""h3_slope_atr_8""]",UNEXPLAINED_DATA_GAP,MIDWEEK_SEGMENT_WARMUP,True,2017-04-06T09:45:00+00:00,2017-04-06T10:15:00+00:00,2017-03-31T21:00:00+00:00,2017-04-07T09:00:00+00:00
2017-04-06T14:55:39+00:00,2017-04-06T14:45:00+00:00,Thursday,14,"[""h3_atr_change_4"", ""h3_slope_atr_8""]",2.0,78,154.0,2017-04-05T00:00:00+00:00,155.0,38.0,12.0,"[""h3_atr_change_4"", ""h3_slope_atr_8""]",UNEXPLAINED_DATA_GAP,MIDWEEK_SEGMENT_WARMUP,True,2017-04-06T14:30:00+00:00,2017-04-06T15:00:00+00:00,2017-03-31T21:00:00+00:00,2017-04-07T09:00:00+00:00
2017-04-06T16:55:15+00:00,2017-04-06T16:45:00+00:00,Thursday,16,"[""h3_atr_change_4"", ""h3_slope_atr_8""]",2.0,78,162.0,2017-04-05T00:00:00+00:00,163.0,40.0,13.0,"[""h3_atr_change_4"", ""h3_slope_atr_8""]",UNEXPLAINED_DATA_GAP,MIDWEEK_SEGMENT_WARMUP,True,2017-04-06T16:30:00+00:00,2017-04-06T17:00:00+00:00,2017-03-31T21:00:00+00:00,2017-04-07T09:00:00+00:00
2017-04-06T20:22:34+00:00,2017-04-06T20:15:00+00:00,Thursday,20,"[""h3_atr_change_4"", ""h3_slope_atr_8""]",2.0,78,176.0,2017-04-05T00:00:00+00:00,177.0,44.0,14.0,"[""h3_atr_change_4"", ""h3_slope_atr_8""]",UNEXPLAINED_DATA_GAP,MIDWEEK_SEGMENT_WARMUP,True,2017-04-06T20:00:00+00:00,2017-04-06T20:30:00+00:00,2017-03-31T21:00:00+00:00,2017-04-07T09:00:00+00:00
2017-04-06T22:36:37+00:00,2017-04-06T22:30:00+00:00,Thursday,22,"[""h3_atr_change_4""]",1.0,78,185.0,2017-04-05T00:00:00+00:00,186.0,46.0,15.0,"[""h3_atr_change_4""]",UNEXPLAINED_DATA_GAP,MIDWEEK_SEGMENT_WARMUP,True,2017-04-06T22:15:00+00:00,2017-04-06T22:45:00+00:00,2017-03-31T21:00:00+00:00,2017-04-07T09:00:00+00:00
2017-04-24T09:41:43+00:00,2017-04-24T09:30:00+00:00,Monday,9,,,,,,,,,,,SOURCE_BAR_GAP,True,2017-04-24T00:00:00+00:00,2017-04-25T00:15:00+00:00,2017-04-21T21:00:00+00:00,2017-05-02T09:00:00+00:00
2017-04-24T10:04:03+00:00,2017-04-24T10:00:00+00:00,Monday,10,,,,,,,,,,,SOURCE_BAR_GAP,True,2017-04-24T00:00:00+00:00,2017-04-25T00:15:00+00:00,2017-04-21T21:00:00+00:00,2017-05-02T09:00:00+00:00
2017-04-25T04:59:39+00:00,2017-04-25T04:45:00+00:00,Tuesday,4,"[""atr_change_8"", ""h1_er_8"", ""h1_atr_change_4"", ""h1_slope_atr_8"", ""h3_er_8"", ""h3_atr_change_4"", ""h3_slope_atr_8""]",7.0,82,18.0,2017-04-25T00:00:00+00:00,19.0,4.0,1.0,"[""atr_change_8"", ""h1_er_8"", ""h1_atr_change_4"", ""h1_slope_atr_8"", ""h3_er_8"", ""h3_atr_change_4"", ""h3_slope_atr_8""]",UNEXPLAINED_DATA_GAP,MIDWEEK_SEGMENT_WARMUP,True,2017-04-25T04:30:00+00:00,2017-04-25T05:00:00+00:00,2017-04-21T21:00:00+00:00,2017-05-02T09:00:00+00:00
2017-04-25T13:09:40+00:00,2017-04-25T13:00:00+00:00,Tuesday,13,"[""h1_atr_change_4"", ""h1_slope_atr_8"", ""h3_er_8"", ""h3_atr_change_4"", ""h3_slope_atr_8""]",5.0,82,51.0,2017-04-25T00:00:00+00:00,52.0,13.0,4.0,"[""h1_atr_change_4"", ""h1_slope_atr_8"", ""h3_er_8"", ""h3_atr_change_4"", ""h3_slope_atr_8""]",UNEXPLAINED_DATA_GAP,MIDWEEK_SEGMENT_WARMUP,True,2017-04-25T12:45:00+00:00,2017-04-25T13:15:00+00:00,2017-04-21T21:00:00+00:00,2017-05-02T09:00:00+00:00
2017-04-25T22:17:25+00:00,2017-04-25T22:15:00+00:00,Tuesday,22,"[""h3_er_8"", ""h3_atr_change_4"", ""h3_slope_atr_8""]",3.0,82,88.0,2017-04-25T00:00:00+00:00,89.0,22.0,7.0,"[""h3_er_8"", ""h3_atr_change_4"", ""h3_slope_atr_8""]",UNEXPLAINED_DATA_GAP,MIDWEEK_SEGMENT_WARMUP,True,2017-04-25T22:00:00+00:00,2017-04-25T22:30:00+00:00,2017-04-21T21:00:00+00:00,2017-05-02T09:00:00+00:00
2017-04-26T09:44:38+00:00,2017-04-26T09:30:00+00:00,Wednesday,9,"[""h3_atr_change_4"", ""h3_slope_atr_8""]",2.0,82,133.0,2017-04-25T00:00:00+00:00,134.0,33.0,11.0,"[""h3_atr_change_4"", ""h3_slope_atr_8""]",UNEXPLAINED_DATA_GAP,MIDWEEK_SEGMENT_WARMUP,True,2017-04-26T09:15:00+00:00,2017-04-26T09:45:00+00:00,2017-04-21T21:00:00+00:00,2017-05-02T09:00:00+00:00
2017-04-26T18:31:03+00:00,2017-04-26T18:30:00+00:00,Wednesday,18,"[""h3_atr_change_4"", ""h3_slope_atr_8""]",2.0,82,169.0,2017-04-25T00:00:00+00:00,170.0,42.0,14.0,"[""h3_atr_change_4"", ""h3_slope_atr_8""]",UNEXPLAINED_DATA_GAP,MIDWEEK_SEGMENT_WARMUP,True,2017-04-26T18:15:00+00:00,2017-04-26T18:45:00+00:00,2017-04-21T21:00:00+00:00,2017-05-02T09:00:00+00:00
2017-04-27T09:12:28+00:00,2017-04-27T09:00:00+00:00,Thursday,9,,,,,,,,,,,SOURCE_BAR_GAP,True,2017-04-27T00:00:00+00:00,2017-04-28T00:15:00+00:00,2017-04-21T21:00:00+00:00,2017-05-02T09:00:00+00:00
2017-04-27T14:50:40+00:00,2017-04-27T14:45:00+00:00,Thursday,14,,,,,,,,,,,SOURCE_BAR_GAP,True,2017-04-27T00:00:00+00:00,2017-04-28T00:15:00+00:00,2017-04-21T21:00:00+00:00,2017-05-02T09:00:00+00:00
2017-04-27T16:01:32+00:00,2017-04-27T16:00:00+00:00,Thursday,16,,,,,,,,,,,SOURCE_BAR_GAP,True,2017-04-27T00:00:00+00:00,2017-04-28T00:15:00+00:00,2017-04-21T21:00:00+00:00,2017-05-02T09:00:00+00:00
2017-05-01T20:01:36+00:00,2017-05-01T20:00:00+00:00,Monday,20,"[""h3_atr_change_4"", ""h3_slope_atr_8""]",2.0,84,175.0,2017-04-30T00:00:00+00:00,176.0,44.0,14.0,"[""h3_atr_change_4"", ""h3_slope_atr_8""]",UNEXPLAINED_DATA_GAP,WEEKLY_SEGMENT_WARMUP,True,2017-05-01T19:45:00+00:00,2017-05-01T20:15:00+00:00,2017-04-21T21:00:00+00:00,2017-05-02T09:00:00+00:00
2017-05-04T16:21:28+00:00,2017-05-04T16:15:00+00:00,Thursday,16,,,,,,,,,,,SOURCE_BAR_GAP,True,2017-05-04T00:00:00+00:00,2017-05-05T00:15:00+00:00,2017-05-04T00:00:00+00:00,2017-05-11T09:00:00+00:00
2017-05-05T04:39:37+00:00,2017-05-05T04:30:00+00:00,Friday,4,"[""atr_change_8"", ""h1_er_8"", ""h1_atr_change_4"", ""h1_slope_atr_8"", ""h3_er_8"", ""h3_atr_change_4"", ""h3_slope_atr_8""]",7.0,85,17.0,2017-05-05T00:00:00+00:00,18.0,4.0,1.0,"[""atr_change_8"", ""h1_er_8"", ""h1_atr_change_4"", ""h1_slope_atr_8"", ""h3_er_8"", ""h3_atr_change_4"", ""h3_slope_atr_8""]",UNEXPLAINED_DATA_GAP,MIDWEEK_SEGMENT_WARMUP,True,2017-05-05T04:15:00+00:00,2017-05-05T04:45:00+00:00,2017-05-04T00:00:00+00:00,2017-05-11T09:00:00+00:00
2017-05-05T09:59:39+00:00,2017-05-05T09:45:00+00:00,Friday,9,"[""h1_atr_change_4"", ""h1_slope_atr_8"", ""h3_er_8"", ""h3_atr_change_4"", ""h3_slope_atr_8""]",5.0,85,38.0,2017-05-05T00:00:00+00:00,39.0,9.0,3.0,"[""h1_atr_change_4"", ""h1_slope_atr_8"", ""h3_er_8"", ""h3_atr_change_4"", ""h3_slope_atr_8""]",UNEXPLAINED_DATA_GAP,MIDWEEK_SEGMENT_WARMUP,True,2017-05-05T09:30:00+00:00,2017-05-05T10:00:00+00:00,2017-05-04T00:00:00+00:00,2017-05-11T09:00:00+00:00
2017-05-08T10:55:43+00:00,2017-05-08T10:45:00+00:00,Monday,10,,,,,,,,,,,SOURCE_BAR_GAP,True,2017-05-05T21:00:00+00:00,2017-05-09T00:15:00+00:00,2017-05-04T00:00:00+00:00,2017-05-11T09:00:00+00:00
2017-05-08T18:15:17+00:00,2017-05-08T18:15:00+00:00,Monday,18,,,,,,,,,,,SOURCE_BAR_GAP,True,2017-05-05T21:00:00+00:00,2017-05-09T00:15:00+00:00,2017-05-04T00:00:00+00:00,2017-05-11T09:00:00+00:00
2017-05-09T09:15:38+00:00,2017-05-09T09:15:00+00:00,Tuesday,9,"[""h1_atr_change_4"", ""h1_slope_atr_8"", ""h3_er_8"", ""h3_atr_change_4"", ""h3_slope_atr_8""]",5.0,86,36.0,2017-05-09T00:00:00+00:00,37.0,9.0,3.0,"[""h1_atr_change_4"", ""h1_slope_atr_8"", ""h3_er_8"", ""h3_atr_change_4"", ""h3_slope_atr_8""]",UNEXPLAINED_DATA_GAP,MIDWEEK_SEGMENT_WARMUP,True,2017-05-09T09:00:00+00:00,2017-05-09T09:30:00+00:00,2017-05-04T00:00:00+00:00,2017-05-11T09:00:00+00:00
2017-05-09T13:17:36+00:00,2017-05-09T13:15:00+00:00,Tuesday,13,"[""h1_atr_change_4"", ""h1_slope_atr_8"", ""h3_er_8"", ""h3_atr_change_4"", ""h3_slope_atr_8""]",5.0,86,52.0,2017-05-09T00:00:00+00:00,53.0,13.0,4.0,"[""h1_atr_change_4"", ""h1_slope_atr_8"", ""h3_er_8"", ""h3_atr_change_4"", ""h3_slope_atr_8""]",UNEXPLAINED_DATA_GAP,MIDWEEK_SEGMENT_WARMUP,True,2017-05-09T13:00:00+00:00,2017-05-09T13:30:00+00:00,2017-05-04T00:00:00+00:00,2017-05-11T09:00:00+00:00
2017-05-10T08:46:34+00:00,2017-05-10T08:45:00+00:00,Wednesday,8,"[""h3_atr_change_4"", ""h3_slope_atr_8""]",2.0,86,130.0,2017-05-09T00:00:00+00:00,131.0,32.0,10.0,"[""h3_atr_change_4"", ""h3_slope_atr_8""]",UNEXPLAINED_DATA_GAP,MIDWEEK_SEGMENT_WARMUP,True,2017-05-10T08:30:00+00:00,2017-05-10T09:00:00+00:00,2017-05-04T00:00:00+00:00,2017-05-11T09:00:00+00:00
2017-05-10T20:38:20+00:00,2017-05-10T20:30:00+00:00,Wednesday,20,"[""h3_atr_change_4"", ""h3_slope_atr_8""]",2.0,86,177.0,2017-05-09T00:00:00+00:00,178.0,44.0,14.0,"[""h3_atr_change_4"", ""h3_slope_atr_8""]",UNEXPLAINED_DATA_GAP,MIDWEEK_SEGMENT_WARMUP,True,2017-05-10T20:15:00+00:00,2017-05-10T20:45:00+00:00,2017-05-04T00:00:00+00:00,2017-05-11T09:00:00+00:00
2017-05-11T07:16:59+00:00,2017-05-11T07:15:00+00:00,Thursday,7,"[""h3_atr_change_4""]",1.0,86,220.0,2017-05-09T00:00:00+00:00,221.0,55.0,18.0,"[""h3_atr_change_4""]",UNEXPLAINED_DATA_GAP,MIDWEEK_SEGMENT_WARMUP,True,2017-05-11T07:00:00+00:00,2017-05-11T07:30:00+00:00,2017-05-04T00:00:00+00:00,2017-05-11T09:00:00+00:00
2017-05-12T22:16:05+00:00,2017-05-12T22:15:00+00:00,Friday,22,,,,,,,,,,,SOURCE_BAR_GAP,True,2017-05-12T21:00:00+00:00,2017-05-14T00:15:00+00:00,2017-05-12T21:00:00+00:00,2017-05-16T09:00:00+00:00
2017-05-15T19:10:05+00:00,2017-05-15T19:00:00+00:00,Monday,19,"[""h3_atr_change_4"", ""h3_slope_atr_8""]",2.0,87,171.0,2017-05-14T00:00:00+00:00,172.0,43.0,14.0,"[""h3_atr_change_4"", ""h3_slope_atr_8""]",UNEXPLAINED_DATA_GAP,WEEKLY_SEGMENT_WARMUP,True,2017-05-15T18:45:00+00:00,2017-05-15T19:15:00+00:00,2017-05-12T21:00:00+00:00,2017-05-16T09:00:00+00:00
2017-05-22T09:57:42+00:00,2017-05-22T09:45:00+00:00,Monday,9,"[""h3_atr_change_4"", ""h3_slope_atr_8""]",2.0,88,134.0,2017-05-21T00:00:00+00:00,135.0,33.0,11.0,"[""h3_atr_change_4"", ""h3_slope_atr_8""]",UNEXPLAINED_DATA_GAP,WEEKLY_SEGMENT_WARMUP,True,2017-05-22T09:30:00+00:00,2017-05-22T10:00:00+00:00,2017-05-19T21:00:00+00:00,2017-05-23T09:00:00+00:00
2017-05-22T22:00:30+00:00,2017-05-22T22:00:00+00:00,Monday,22,"[""h3_atr_change_4""]",1.0,88,183.0,2017-05-21T00:00:00+00:00,184.0,46.0,15.0,"[""h3_atr_change_4""]",UNEXPLAINED_DATA_GAP,WEEKLY_SEGMENT_WARMUP,True,2017-05-22T21:45:00+00:00,2017-05-22T22:15:00+00:00,2017-05-19T21:00:00+00:00,2017-05-23T09:00:00+00:00
2017-05-23T01:23:18+00:00,2017-05-23T01:15:00+00:00,Tuesday,1,"[""h3_atr_change_4""]",1.0,88,196.0,2017-05-21T00:00:00+00:00,197.0,49.0,16.0,"[""h3_atr_change_4""]",UNEXPLAINED_DATA_GAP,WEEKLY_SEGMENT_WARMUP,True,2017-05-23T01:00:00+00:00,2017-05-23T01:30:00+00:00,2017-05-19T21:00:00+00:00,2017-05-23T09:00:00+00:00
2017-05-25T12:35:05+00:00,2017-05-25T12:30:00+00:00,Thursday,12,"[""h1_atr_change_4"", ""h1_slope_atr_8"", ""h3_er_8"", ""h3_atr_change_4"", ""h3_slope_atr_8""]",5.0,89,49.0,2017-05-25T00:00:00+00:00,50.0,12.0,4.0,"[""h1_atr_change_4"", ""h1_slope_atr_8"", ""h3_er_8"", ""h3_atr_change_4"", ""h3_slope_atr_8""]",UNEXPLAINED_DATA_GAP,MIDWEEK_SEGMENT_WARMUP,True,2017-05-25T12:15:00+00:00,2017-05-25T12:45:00+00:00,2017-05-24T00:00:00+00:00,2017-05-30T09:00:00+00:00
2017-05-25T13:03:31+00:00,2017-05-25T13:00:00+00:00,Thursday,13,"[""h1_atr_change_4"", ""h1_slope_atr_8"", ""h3_er_8"", ""h3_atr_change_4"", ""h3_slope_atr_8""]",5.0,89,51.0,2017-05-25T00:00:00+00:00,52.0,13.0,4.0,"[""h1_atr_change_4"", ""h1_slope_atr_8"", ""h3_er_8"", ""h3_atr_change_4"", ""h3_slope_atr_8""]",UNEXPLAINED_DATA_GAP,MIDWEEK_SEGMENT_WARMUP,True,2017-05-25T12:45:00+00:00,2017-05-25T13:15:00+00:00,2017-05-24T00:00:00+00:00,2017-05-30T09:00:00+00:00
2017-05-26T03:27:32+00:00,2017-05-26T03:15:00+00:00,Friday,3,"[""h3_atr_change_4"", ""h3_slope_atr_8""]",2.0,89,108.0,2017-05-25T00:00:00+00:00,109.0,27.0,9.0,"[""h3_atr_change_4"", ""h3_slope_atr_8""]",UNEXPLAINED_DATA_GAP,MIDWEEK_SEGMENT_WARMUP,True,2017-05-26T03:00:00+00:00,2017-05-26T03:30:00+00:00,2017-05-24T00:00:00+00:00,2017-05-30T09:00:00+00:00
2017-05-26T04:07:40+00:00,2017-05-26T04:00:00+00:00,Friday,4,"[""h3_atr_change_4"", ""h3_slope_atr_8""]",2.0,89,111.0,2017-05-25T00:00:00+00:00,112.0,28.0,9.0,"[""h3_atr_change_4"", ""h3_slope_atr_8""]",UNEXPLAINED_DATA_GAP,MIDWEEK_SEGMENT_WARMUP,True,2017-05-26T03:45:00+00:00,2017-05-26T04:15:00+00:00,2017-05-24T00:00:00+00:00,2017-05-30T09:00:00+00:00
2017-05-26T14:19:38+00:00,2017-05-26T14:15:00+00:00,Friday,14,"[""h3_atr_change_4"", ""h3_slope_atr_8""]",2.0,89,152.0,2017-05-25T00:00:00+00:00,153.0,38.0,12.0,"[""h3_atr_change_4"", ""h3_slope_atr_8""]",UNEXPLAINED_DATA_GAP,MIDWEEK_SEGMENT_WARMUP,True,2017-05-26T14:00:00+00:00,2017-05-26T14:30:00+00:00,2017-05-24T00:00:00+00:00,2017-05-30T09:00:00+00:00
2017-05-29T04:15:39+00:00,2017-05-29T04:15:00+00:00,Monday,4,"[""h3_atr_change_4"", ""h3_slope_atr_8""]",2.0,90,112.0,2017-05-28T00:00:00+00:00,113.0,28.0,9.0,"[""h3_atr_change_4"", ""h3_slope_atr_8""]",UNEXPLAINED_DATA_GAP,WEEKLY_SEGMENT_WARMUP,True,2017-05-29T04:00:00+00:00,2017-05-29T04:30:00+00:00,2017-05-24T00:00:00+00:00,2017-05-30T09:00:00+00:00
2017-05-29T16:10:15+00:00,2017-05-29T16:00:00+00:00,Monday,16,"[""h3_atr_change_4"", ""h3_slope_atr_8""]",2.0,90,159.0,2017-05-28T00:00:00+00:00,160.0,40.0,13.0,"[""h3_atr_change_4"", ""h3_slope_atr_8""]",UNEXPLAINED_DATA_GAP,WEEKLY_SEGMENT_WARMUP,True,2017-05-29T15:45:00+00:00,2017-05-29T16:15:00+00:00,2017-05-24T00:00:00+00:00,2017-05-30T09:00:00+00:00
2017-05-30T08:57:59+00:00,2017-05-30T08:45:00+00:00,Tuesday,8,"[""h3_atr_change_4""]",1.0,90,226.0,2017-05-28T00:00:00+00:00,227.0,56.0,18.0,"[""h3_atr_change_4""]",UNEXPLAINED_DATA_GAP,WEEKLY_SEGMENT_WARMUP,True,2017-05-30T08:30:00+00:00,2017-05-30T09:00:00+00:00,2017-05-24T00:00:00+00:00,2017-05-30T09:00:00+00:00
2017-06-05T05:42:59+00:00,2017-06-05T05:30:00+00:00,Monday,5,"[""h3_atr_change_4"", ""h3_slope_atr_8""]",2.0,91,117.0,2017-06-04T00:00:00+00:00,118.0,29.0,9.0,"[""h3_atr_change_4"", ""h3_slope_atr_8""]",UNEXPLAINED_DATA_GAP,WEEKLY_SEGMENT_WARMUP,True,2017-06-05T05:15:00+00:00,2017-06-05T05:45:00+00:00,2017-06-02T21:00:00+00:00,2017-06-09T09:00:00+00:00
2017-06-05T07:03:02+00:00,2017-06-05T07:00:00+00:00,Monday,7,"[""h3_atr_change_4"", ""h3_slope_atr_8""]",2.0,91,123.0,2017-06-04T00:00:00+00:00,124.0,31.0,10.0,"[""h3_atr_change_4"", ""h3_slope_atr_8""]",UNEXPLAINED_DATA_GAP,WEEKLY_SEGMENT_WARMUP,True,2017-06-05T06:45:00+00:00,2017-06-05T07:15:00+00:00,2017-06-02T21:00:00+00:00,2017-06-09T09:00:00+00:00
2017-06-05T13:16:03+00:00,2017-06-05T13:15:00+00:00,Monday,13,"[""h3_atr_change_4"", ""h3_slope_atr_8""]",2.0,91,148.0,2017-06-04T00:00:00+00:00,149.0,37.0,12.0,"[""h3_atr_change_4"", ""h3_slope_atr_8""]",UNEXPLAINED_DATA_GAP,WEEKLY_SEGMENT_WARMUP,True,2017-06-05T13:00:00+00:00,2017-06-05T13:30:00+00:00,2017-06-02T21:00:00+00:00,2017-06-09T09:00:00+00:00
2017-06-06T10:00:42+00:00,2017-06-06T10:00:00+00:00,Tuesday,10,,,,,,,,,,,SOURCE_BAR_GAP,True,2017-06-06T00:00:00+00:00,2017-06-07T00:15:00+00:00,2017-06-02T21:00:00+00:00,2017-06-09T09:00:00+00:00
2017-06-07T05:12:55+00:00,2017-06-07T05:00:00+00:00,Wednesday,5,"[""atr_change_8"", ""h1_er_8"", ""h1_atr_change_4"", ""h1_slope_atr_8"", ""h3_er_8"", ""h3_atr_change_4"", ""h3_slope_atr_8""]",7.0,92,19.0,2017-06-07T00:00:00+00:00,20.0,5.0,1.0,"[""atr_change_8"", ""h1_er_8"", ""h1_atr_change_4"", ""h1_slope_atr_8"", ""h3_er_8"", ""h3_atr_change_4"", ""h3_slope_atr_8""]",UNEXPLAINED_DATA_GAP,MIDWEEK_SEGMENT_WARMUP,True,2017-06-07T04:45:00+00:00,2017-06-07T05:15:00+00:00,2017-06-02T21:00:00+00:00,2017-06-09T09:00:00+00:00
2017-06-07T10:15:41+00:00,2017-06-07T10:15:00+00:00,Wednesday,10,"[""h1_atr_change_4"", ""h1_slope_atr_8"", ""h3_er_8"", ""h3_atr_change_4"", ""h3_slope_atr_8""]",5.0,92,40.0,2017-06-07T00:00:00+00:00,41.0,10.0,3.0,"[""h1_atr_change_4"", ""h1_slope_atr_8"", ""h3_er_8"", ""h3_atr_change_4"", ""h3_slope_atr_8""]",UNEXPLAINED_DATA_GAP,MIDWEEK_SEGMENT_WARMUP,True,2017-06-07T10:00:00+00:00,2017-06-07T10:30:00+00:00,2017-06-02T21:00:00+00:00,2017-06-09T09:00:00+00:00
2017-06-07T13:03:59+00:00,2017-06-07T13:00:00+00:00,Wednesday,13,"[""h1_atr_change_4"", ""h1_slope_atr_8"", ""h3_er_8"", ""h3_atr_change_4"", ""h3_slope_atr_8""]",5.0,92,51.0,2017-06-07T00:00:00+00:00,52.0,13.0,4.0,"[""h1_atr_change_4"", ""h1_slope_atr_8"", ""h3_er_8"", ""h3_atr_change_4"", ""h3_slope_atr_8""]",UNEXPLAINED_DATA_GAP,MIDWEEK_SEGMENT_WARMUP,True,2017-06-07T12:45:00+00:00,2017-06-07T13:15:00+00:00,2017-06-02T21:00:00+00:00,2017-06-09T09:00:00+00:00
2017-06-08T03:43:05+00:00,2017-06-08T03:30:00+00:00,Thursday,3,"[""h3_atr_change_4"", ""h3_slope_atr_8""]",2.0,92,109.0,2017-06-07T00:00:00+00:00,110.0,27.0,9.0,"[""h3_atr_change_4"", ""h3_slope_atr_8""]",UNEXPLAINED_DATA_GAP,MIDWEEK_SEGMENT_WARMUP,True,2017-06-08T03:15:00+00:00,2017-06-08T03:45:00+00:00,2017-06-02T21:00:00+00:00,2017-06-09T09:00:00+00:00
2017-06-08T10:00:42+00:00,2017-06-08T10:00:00+00:00,Thursday,10,"[""h3_atr_change_4"", ""h3_slope_atr_8""]",2.0,92,135.0,2017-06-07T00:00:00+00:00,136.0,34.0,11.0,"[""h3_atr_change_4"", ""h3_slope_atr_8""]",UNEXPLAINED_DATA_GAP,MIDWEEK_SEGMENT_WARMUP,True,2017-06-08T09:45:00+00:00,2017-06-08T10:15:00+00:00,2017-06-02T21:00:00+00:00,2017-06-09T09:00:00+00:00
2017-06-08T15:38:36+00:00,2017-06-08T15:30:00+00:00,Thursday,15,"[""h3_atr_change_4"", ""h3_slope_atr_8""]",2.0,92,157.0,2017-06-07T00:00:00+00:00,158.0,39.0,13.0,"[""h3_atr_change_4"", ""h3_slope_atr_8""]",UNEXPLAINED_DATA_GAP,MIDWEEK_SEGMENT_WARMUP,True,2017-06-08T15:15:00+00:00,2017-06-08T15:45:00+00:00,2017-06-02T21:00:00+00:00,2017-06-09T09:00:00+00:00
2017-06-08T16:03:05+00:00,2017-06-08T16:00:00+00:00,Thursday,16,"[""h3_atr_change_4"", ""h3_slope_atr_8""]",2.0,92,159.0,2017-06-07T00:00:00+00:00,160.0,40.0,13.0,"[""h3_atr_change_4"", ""h3_slope_atr_8""]",UNEXPLAINED_DATA_GAP,MIDWEEK_SEGMENT_WARMUP,True,2017-06-08T15:45:00+00:00,2017-06-08T16:15:00+00:00,2017-06-02T21:00:00+00:00,2017-06-09T09:00:00+00:00
2017-06-08T20:03:28+00:00,2017-06-08T20:00:00+00:00,Thursday,20,"[""h3_atr_change_4"", ""h3_slope_atr_8""]",2.0,92,175.0,2017-06-07T00:00:00+00:00,176.0,44.0,14.0,"[""h3_atr_change_4"", ""h3_slope_atr_8""]",UNEXPLAINED_DATA_GAP,MIDWEEK_SEGMENT_WARMUP,True,2017-06-08T19:45:00+00:00,2017-06-08T20:15:00+00:00,2017-06-02T21:00:00+00:00,2017-06-09T09:00:00+00:00
2017-06-08T22:23:05+00:00,2017-06-08T22:15:00+00:00,Thursday,22,"[""h3_atr_change_4""]",1.0,92,184.0,2017-06-07T00:00:00+00:00,185.0,46.0,15.0,"[""h3_atr_change_4""]",UNEXPLAINED_DATA_GAP,MIDWEEK_SEGMENT_WARMUP,True,2017-06-08T22:00:00+00:00,2017-06-08T22:30:00+00:00,2017-06-02T21:00:00+00:00,2017-06-09T09:00:00+00:00
2017-06-09T02:39:27+00:00,2017-06-09T02:30:00+00:00,Friday,2,"[""h3_atr_change_4""]",1.0,92,201.0,2017-06-07T00:00:00+00:00,202.0,50.0,16.0,"[""h3_atr_change_4""]",UNEXPLAINED_DATA_GAP,MIDWEEK_SEGMENT_WARMUP,True,2017-06-09T02:15:00+00:00,2017-06-09T02:45:00+00:00,2017-06-02T21:00:00+00:00,2017-06-09T09:00:00+00:00
2017-06-12T07:23:21+00:00,2017-06-12T07:15:00+00:00,Monday,7,"[""h3_atr_change_4"", ""h3_slope_atr_8""]",2.0,93,124.0,2017-06-11T00:00:00+00:00,125.0,31.0,10.0,"[""h3_atr_change_4"", ""h3_slope_atr_8""]",UNEXPLAINED_DATA_GAP,WEEKLY_SEGMENT_WARMUP,True,2017-06-12T07:00:00+00:00,2017-06-12T07:30:00+00:00,2017-06-09T21:00:00+00:00,2017-06-20T09:00:00+00:00
2017-06-12T16:01:59+00:00,2017-06-12T16:00:00+00:00,Monday,16,"[""h3_atr_change_4"", ""h3_slope_atr_8""]",2.0,93,159.0,2017-06-11T00:00:00+00:00,160.0,40.0,13.0,"[""h3_atr_change_4"", ""h3_slope_atr_8""]",UNEXPLAINED_DATA_GAP,WEEKLY_SEGMENT_WARMUP,True,2017-06-12T15:45:00+00:00,2017-06-12T16:15:00+00:00,2017-06-09T21:00:00+00:00,2017-06-20T09:00:00+00:00
2017-06-13T01:14:31+00:00,2017-06-13T01:00:00+00:00,Tuesday,1,,,,,,,,,,,SOURCE_BAR_GAP,True,2017-06-13T00:00:00+00:00,2017-06-16T00:15:00+00:00,2017-06-09T21:00:00+00:00,2017-06-20T09:00:00+00:00
2017-06-13T16:00:05+00:00,2017-06-13T16:00:00+00:00,Tuesday,16,,,,,,,,,,,SOURCE_BAR_GAP,True,2017-06-13T00:00:00+00:00,2017-06-16T00:15:00+00:00,2017-06-09T21:00:00+00:00,2017-06-20T09:00:00+00:00
2017-06-14T10:59:39+00:00,2017-06-14T10:45:00+00:00,Wednesday,10,,,,,,,,,,,SOURCE_BAR_GAP,True,2017-06-13T00:00:00+00:00,2017-06-16T00:15:00+00:00,2017-06-09T21:00:00+00:00,2017-06-20T09:00:00+00:00
2017-06-14T21:15:43+00:00,2017-06-14T21:15:00+00:00,Wednesday,21,,,,,,,,,,,SOURCE_BAR_GAP,True,2017-06-13T00:00:00+00:00,2017-06-16T00:15:00+00:00,2017-06-09T21:00:00+00:00,2017-06-20T09:00:00+00:00
2017-06-15T01:02:02+00:00,2017-06-15T01:00:00+00:00,Thursday,1,,,,,,,,,,,SOURCE_BAR_GAP,True,2017-06-13T00:00:00+00:00,2017-06-16T00:15:00+00:00,2017-06-09T21:00:00+00:00,2017-06-20T09:00:00+00:00
2017-06-15T09:15:17+00:00,2017-06-15T09:15:00+00:00,Thursday,9,,,,,,,,,,,SOURCE_BAR_GAP,True,2017-06-13T00:00:00+00:00,2017-06-16T00:15:00+00:00,2017-06-09T21:00:00+00:00,2017-06-20T09:00:00+00:00
2017-06-15T10:06:42+00:00,2017-06-15T10:00:00+00:00,Thursday,10,,,,,,,,,,,SOURCE_BAR_GAP,True,2017-06-13T00:00:00+00:00,2017-06-16T00:15:00+00:00,2017-06-09T21:00:00+00:00,2017-06-20T09:00:00+00:00
2017-06-15T16:10:37+00:00,2017-06-15T16:00:00+00:00,Thursday,16,,,,,,,,,,,SOURCE_BAR_GAP,True,2017-06-13T00:00:00+00:00,2017-06-16T00:15:00+00:00,2017-06-09T21:00:00+00:00,2017-06-20T09:00:00+00:00
2017-06-15T19:00:42+00:00,2017-06-15T19:00:00+00:00,Thursday,19,,,,,,,,,,,SOURCE_BAR_GAP,True,2017-06-13T00:00:00+00:00,2017-06-16T00:15:00+00:00,2017-06-09T21:00:00+00:00,2017-06-20T09:00:00+00:00
2017-06-16T16:08:05+00:00,2017-06-16T16:00:00+00:00,Friday,16,"[""h1_atr_change_4"", ""h3_er_8"", ""h3_atr_change_4"", ""h3_slope_atr_8""]",4.0,94,63.0,2017-06-16T00:00:00+00:00,64.0,16.0,5.0,"[""h1_atr_change_4"", ""h3_er_8"", ""h3_atr_change_4"", ""h3_slope_atr_8""]",UNEXPLAINED_DATA_GAP,MIDWEEK_SEGMENT_WARMUP,True,2017-06-16T15:45:00+00:00,2017-06-16T16:15:00+00:00,2017-06-09T21:00:00+00:00,2017-06-20T09:00:00+00:00
2017-06-16T23:55:05+00:00,2017-06-16T23:45:00+00:00,Friday,23,,,,,,,,,,,SOURCE_BAR_GAP,True,2017-06-16T21:00:00+00:00,2017-06-18T00:15:00+00:00,2017-06-09T21:00:00+00:00,2017-06-20T09:00:00+00:00
2017-06-19T10:10:38+00:00,2017-06-19T10:00:00+00:00,Monday,10,"[""h3_atr_change_4"", ""h3_slope_atr_8""]",2.0,95,135.0,2017-06-18T00:00:00+00:00,136.0,34.0,11.0,"[""h3_atr_change_4"", ""h3_slope_atr_8""]",UNEXPLAINED_DATA_GAP,WEEKLY_SEGMENT_WARMUP,True,2017-06-19T09:45:00+00:00,2017-06-19T10:15:00+00:00,2017-06-09T21:00:00+00:00,2017-06-20T09:00:00+00:00
2017-06-19T15:25:42+00:00,2017-06-19T15:15:00+00:00,Monday,15,"[""h3_atr_change_4"", ""h3_slope_atr_8""]",2.0,95,156.0,2017-06-18T00:00:00+00:00,157.0,39.0,13.0,"[""h3_atr_change_4"", ""h3_slope_atr_8""]",UNEXPLAINED_DATA_GAP,WEEKLY_SEGMENT_WARMUP,True,2017-06-19T15:00:00+00:00,2017-06-19T15:30:00+00:00,2017-06-09T21:00:00+00:00,2017-06-20T09:00:00+00:00
2017-06-19T17:42:32+00:00,2017-06-19T17:30:00+00:00,Monday,17,"[""h3_atr_change_4"", ""h3_slope_atr_8""]",2.0,95,165.0,2017-06-18T00:00:00+00:00,166.0,41.0,13.0,"[""h3_atr_change_4"", ""h3_slope_atr_8""]",UNEXPLAINED_DATA_GAP,WEEKLY_SEGMENT_WARMUP,True,2017-06-19T17:15:00+00:00,2017-06-19T17:45:00+00:00,2017-06-09T21:00:00+00:00,2017-06-20T09:00:00+00:00
2017-06-23T04:06:28+00:00,2017-06-23T04:00:00+00:00,Friday,4,,,,,,,,,,,SOURCE_BAR_GAP,True,2017-06-23T00:00:00+00:00,2017-06-25T00:15:00+00:00,2017-06-23T00:00:00+00:00,2017-06-27T09:00:00+00:00
2017-06-23T13:26:42+00:00,2017-06-23T13:15:00+00:00,Friday,13,,,,,,,,,,,SOURCE_BAR_GAP,True,2017-06-23T00:00:00+00:00,2017-06-25T00:15:00+00:00,2017-06-23T00:00:00+00:00,2017-06-27T09:00:00+00:00
2017-06-23T22:44:14+00:00,2017-06-23T22:30:00+00:00,Friday,22,,,,,,,,,,,SOURCE_BAR_GAP,True,2017-06-23T00:00:00+00:00,2017-06-25T00:15:00+00:00,2017-06-23T00:00:00+00:00,2017-06-27T09:00:00+00:00
2017-06-26T21:26:29+00:00,2017-06-26T21:15:00+00:00,Monday,21,"[""h3_atr_change_4""]",1.0,96,180.0,2017-06-25T00:00:00+00:00,181.0,45.0,15.0,"[""h3_atr_change_4""]",UNEXPLAINED_DATA_GAP,MIDWEEK_SEGMENT_WARMUP,True,2017-06-26T21:00:00+00:00,2017-06-26T21:30:00+00:00,2017-06-23T00:00:00+00:00,2017-06-27T09:00:00+00:00
2017-07-03T05:19:31+00:00,2017-07-03T05:15:00+00:00,Monday,5,"[""h3_atr_change_4"", ""h3_slope_atr_8""]",2.0,97,116.0,2017-07-02T00:00:00+00:00,117.0,29.0,9.0,"[""h3_atr_change_4"", ""h3_slope_atr_8""]",UNEXPLAINED_DATA_GAP,WEEKLY_SEGMENT_WARMUP,True,2017-07-03T05:00:00+00:00,2017-07-03T05:30:00+00:00,2017-06-30T21:00:00+00:00,2017-07-04T09:00:00+00:00
2017-07-03T10:34:32+00:00,2017-07-03T10:30:00+00:00,Monday,10,"[""h3_atr_change_4"", ""h3_slope_atr_8""]",2.0,97,137.0,2017-07-02T00:00:00+00:00,138.0,34.0,11.0,"[""h3_atr_change_4"", ""h3_slope_atr_8""]",UNEXPLAINED_DATA_GAP,WEEKLY_SEGMENT_WARMUP,True,2017-07-03T10:15:00+00:00,2017-07-03T10:45:00+00:00,2017-06-30T21:00:00+00:00,2017-07-04T09:00:00+00:00
2017-07-03T19:00:42+00:00,2017-07-03T19:00:00+00:00,Monday,19,"[""h3_atr_change_4"", ""h3_slope_atr_8""]",2.0,97,171.0,2017-07-02T00:00:00+00:00,172.0,43.0,14.0,"[""h3_atr_change_4"", ""h3_slope_atr_8""]",UNEXPLAINED_DATA_GAP,WEEKLY_SEGMENT_WARMUP,True,2017-07-03T18:45:00+00:00,2017-07-03T19:15:00+00:00,2017-06-30T21:00:00+00:00,2017-07-04T09:00:00+00:00
2017-07-04T07:29:34+00:00,2017-07-04T07:15:00+00:00,Tuesday,7,"[""h3_atr_change_4""]",1.0,97,220.0,2017-07-02T00:00:00+00:00,221.0,55.0,18.0,"[""h3_atr_change_4""]",UNEXPLAINED_DATA_GAP,WEEKLY_SEGMENT_WARMUP,True,2017-07-04T07:00:00+00:00,2017-07-04T07:30:00+00:00,2017-06-30T21:00:00+00:00,2017-07-04T09:00:00+00:00
2017-07-06T04:58:58+00:00,2017-07-06T04:45:00+00:00,Thursday,4,"[""atr_change_8"", ""h1_er_8"", ""h1_atr_change_4"", ""h1_slope_atr_8"", ""h3_er_8"", ""h3_atr_change_4"", ""h3_slope_atr_8""]",7.0,98,18.0,2017-07-06T00:00:00+00:00,19.0,4.0,1.0,"[""atr_change_8"", ""h1_er_8"", ""h1_atr_change_4"", ""h1_slope_atr_8"", ""h3_er_8"", ""h3_atr_change_4"", ""h3_slope_atr_8""]",UNEXPLAINED_DATA_GAP,MIDWEEK_SEGMENT_WARMUP,True,2017-07-06T04:30:00+00:00,2017-07-06T05:00:00+00:00,2017-07-05T00:00:00+00:00,2017-07-11T09:00:00+00:00
2017-07-06T09:06:46+00:00,2017-07-06T09:00:00+00:00,Thursday,9,"[""h1_atr_change_4"", ""h1_slope_atr_8"", ""h3_er_8"", ""h3_atr_change_4"", ""h3_slope_atr_8""]",5.0,98,35.0,2017-07-06T00:00:00+00:00,36.0,9.0,3.0,"[""h1_atr_change_4"", ""h1_slope_atr_8"", ""h3_er_8"", ""h3_atr_change_4"", ""h3_slope_atr_8""]",UNEXPLAINED_DATA_GAP,MIDWEEK_SEGMENT_WARMUP,True,2017-07-06T08:45:00+00:00,2017-07-06T09:15:00+00:00,2017-07-05T00:00:00+00:00,2017-07-11T09:00:00+00:00
2017-07-07T01:00:25+00:00,2017-07-07T01:00:00+00:00,Friday,1,"[""h3_er_8"", ""h3_atr_change_4"", ""h3_slope_atr_8""]",3.0,98,99.0,2017-07-06T00:00:00+00:00,100.0,25.0,8.0,"[""h3_er_8"", ""h3_atr_change_4"", ""h3_slope_atr_8""]",UNEXPLAINED_DATA_GAP,MIDWEEK_SEGMENT_WARMUP,True,2017-07-07T00:45:00+00:00,2017-07-07T01:15:00+00:00,2017-07-05T00:00:00+00:00,2017-07-11T09:00:00+00:00
2017-07-07T13:00:29+00:00,2017-07-07T13:00:00+00:00,Friday,13,"[""h3_atr_change_4"", ""h3_slope_atr_8""]",2.0,98,147.0,2017-07-06T00:00:00+00:00,148.0,37.0,12.0,"[""h3_atr_change_4"", ""h3_slope_atr_8""]",UNEXPLAINED_DATA_GAP,MIDWEEK_SEGMENT_WARMUP,True,2017-07-07T12:45:00+00:00,2017-07-07T13:15:00+00:00,2017-07-05T00:00:00+00:00,2017-07-11T09:00:00+00:00
2017-07-07T16:05:40+00:00,2017-07-07T16:00:00+00:00,Friday,16,"[""h3_atr_change_4"", ""h3_slope_atr_8""]",2.0,98,159.0,2017-07-06T00:00:00+00:00,160.0,40.0,13.0,"[""h3_atr_change_4"", ""h3_slope_atr_8""]",UNEXPLAINED_DATA_GAP,MIDWEEK_SEGMENT_WARMUP,True,2017-07-07T15:45:00+00:00,2017-07-07T16:15:00+00:00,2017-07-05T00:00:00+00:00,2017-07-11T09:00:00+00:00
2017-07-10T11:59:41+00:00,2017-07-10T11:45:00+00:00,Monday,11,"[""h3_atr_change_4"", ""h3_slope_atr_8""]",2.0,99,142.0,2017-07-09T00:00:00+00:00,143.0,35.0,11.0,"[""h3_atr_change_4"", ""h3_slope_atr_8""]",UNEXPLAINED_DATA_GAP,WEEKLY_SEGMENT_WARMUP,True,2017-07-10T11:30:00+00:00,2017-07-10T12:00:00+00:00,2017-07-05T00:00:00+00:00,2017-07-11T09:00:00+00:00
2017-07-11T07:05:02+00:00,2017-07-11T07:00:00+00:00,Tuesday,7,"[""h3_atr_change_4""]",1.0,99,219.0,2017-07-09T00:00:00+00:00,220.0,55.0,18.0,"[""h3_atr_change_4""]",UNEXPLAINED_DATA_GAP,WEEKLY_SEGMENT_WARMUP,True,2017-07-11T06:45:00+00:00,2017-07-11T07:15:00+00:00,2017-07-05T00:00:00+00:00,2017-07-11T09:00:00+00:00
2017-07-17T04:56:05+00:00,2017-07-17T04:45:00+00:00,Monday,4,"[""h3_atr_change_4"", ""h3_slope_atr_8""]",2.0,100,114.0,2017-07-16T00:00:00+00:00,115.0,28.0,9.0,"[""h3_atr_change_4"", ""h3_slope_atr_8""]",UNEXPLAINED_DATA_GAP,WEEKLY_SEGMENT_WARMUP,True,2017-07-17T04:30:00+00:00,2017-07-17T05:00:00+00:00,2017-07-14T21:00:00+00:00,2017-07-18T09:00:00+00:00
2017-07-17T07:01:27+00:00,2017-07-17T07:00:00+00:00,Monday,7,"[""h3_atr_change_4"", ""h3_slope_atr_8""]",2.0,100,123.0,2017-07-16T00:00:00+00:00,124.0,31.0,10.0,"[""h3_atr_change_4"", ""h3_slope_atr_8""]",UNEXPLAINED_DATA_GAP,WEEKLY_SEGMENT_WARMUP,True,2017-07-17T06:45:00+00:00,2017-07-17T07:15:00+00:00,2017-07-14T21:00:00+00:00,2017-07-18T09:00:00+00:00
2017-07-18T01:46:28+00:00,2017-07-18T01:45:00+00:00,Tuesday,1,"[""h3_atr_change_4""]",1.0,100,198.0,2017-07-16T00:00:00+00:00,199.0,49.0,16.0,"[""h3_atr_change_4""]",UNEXPLAINED_DATA_GAP,WEEKLY_SEGMENT_WARMUP,True,2017-07-18T01:30:00+00:00,2017-07-18T02:00:00+00:00,2017-07-14T21:00:00+00:00,2017-07-18T09:00:00+00:00
2017-07-20T14:45:42+00:00,2017-07-20T14:45:00+00:00,Thursday,14,,,,,,,,,,,SOURCE_BAR_GAP,True,2017-07-20T00:00:00+00:00,2017-07-21T00:15:00+00:00,2017-07-20T00:00:00+00:00,2017-07-25T09:00:00+00:00
2017-07-24T07:02:59+00:00,2017-07-24T07:00:00+00:00,Monday,7,"[""h3_atr_change_4"", ""h3_slope_atr_8""]",2.0,102,123.0,2017-07-23T00:00:00+00:00,124.0,31.0,10.0,"[""h3_atr_change_4"", ""h3_slope_atr_8""]",UNEXPLAINED_DATA_GAP,WEEKLY_SEGMENT_WARMUP,True,2017-07-24T06:45:00+00:00,2017-07-24T07:15:00+00:00,2017-07-20T00:00:00+00:00,2017-07-25T09:00:00+00:00
2017-07-24T16:00:31+00:00,2017-07-24T16:00:00+00:00,Monday,16,"[""h3_atr_change_4"", ""h3_slope_atr_8""]",2.0,102,159.0,2017-07-23T00:00:00+00:00,160.0,40.0,13.0,"[""h3_atr_change_4"", ""h3_slope_atr_8""]",UNEXPLAINED_DATA_GAP,WEEKLY_SEGMENT_WARMUP,True,2017-07-24T15:45:00+00:00,2017-07-24T16:15:00+00:00,2017-07-20T00:00:00+00:00,2017-07-25T09:00:00+00:00
2017-07-26T07:59:29+00:00,2017-07-26T07:45:00+00:00,Wednesday,7,,,,,,,,,,,SOURCE_BAR_GAP,True,2017-07-26T00:00:00+00:00,2017-07-27T00:15:00+00:00,2017-07-26T00:00:00+00:00,2017-08-01T09:00:00+00:00
2017-07-26T17:27:39+00:00,2017-07-26T17:15:00+00:00,Wednesday,17,,,,,,,,,,,SOURCE_BAR_GAP,True,2017-07-26T00:00:00+00:00,2017-07-27T00:15:00+00:00,2017-07-26T00:00:00+00:00,2017-08-01T09:00:00+00:00
2017-07-27T13:13:32+00:00,2017-07-27T13:00:00+00:00,Thursday,13,"[""h1_atr_change_4"", ""h1_slope_atr_8"", ""h3_er_8"", ""h3_atr_change_4"", ""h3_slope_atr_8""]",5.0,103,51.0,2017-07-27T00:00:00+00:00,52.0,13.0,4.0,"[""h1_atr_change_4"", ""h1_slope_atr_8"", ""h3_er_8"", ""h3_atr_change_4"", ""h3_slope_atr_8""]",UNEXPLAINED_DATA_GAP,MIDWEEK_SEGMENT_WARMUP,True,2017-07-27T12:45:00+00:00,2017-07-27T13:15:00+00:00,2017-07-26T00:00:00+00:00,2017-08-01T09:00:00+00:00
2017-07-27T17:45:01+00:00,2017-07-27T17:45:00+00:00,Thursday,17,"[""h1_atr_change_4"", ""h3_er_8"", ""h3_atr_change_4"", ""h3_slope_atr_8""]",4.0,103,70.0,2017-07-27T00:00:00+00:00,71.0,17.0,5.0,"[""h1_atr_change_4"", ""h3_er_8"", ""h3_atr_change_4"", ""h3_slope_atr_8""]",UNEXPLAINED_DATA_GAP,MIDWEEK_SEGMENT_WARMUP,True,2017-07-27T17:30:00+00:00,2017-07-27T18:00:00+00:00,2017-07-26T00:00:00+00:00,2017-08-01T09:00:00+00:00
2017-07-28T04:19:17+00:00,2017-07-28T04:15:00+00:00,Friday,4,"[""h3_atr_change_4"", ""h3_slope_atr_8""]",2.0,103,112.0,2017-07-27T00:00:00+00:00,113.0,28.0,9.0,"[""h3_atr_change_4"", ""h3_slope_atr_8""]",UNEXPLAINED_DATA_GAP,MIDWEEK_SEGMENT_WARMUP,True,2017-07-28T04:00:00+00:00,2017-07-28T04:30:00+00:00,2017-07-26T00:00:00+00:00,2017-08-01T09:00:00+00:00
2017-07-28T16:00:03+00:00,2017-07-28T16:00:00+00:00,Friday,16,"[""h3_atr_change_4"", ""h3_slope_atr_8""]",2.0,103,159.0,2017-07-27T00:00:00+00:00,160.0,40.0,13.0,"[""h3_atr_change_4"", ""h3_slope_atr_8""]",UNEXPLAINED_DATA_GAP,MIDWEEK_SEGMENT_WARMUP,True,2017-07-28T15:45:00+00:00,2017-07-28T16:15:00+00:00,2017-07-26T00:00:00+00:00,2017-08-01T09:00:00+00:00
2017-07-28T23:56:31+00:00,2017-07-28T23:45:00+00:00,Friday,23,,,,,,,,,,,SOURCE_BAR_GAP,True,2017-07-28T21:00:00+00:00,2017-07-30T00:15:00+00:00,2017-07-26T00:00:00+00:00,2017-08-01T09:00:00+00:00
2017-07-31T06:59:42+00:00,2017-07-31T06:45:00+00:00,Monday,6,"[""h3_atr_change_4"", ""h3_slope_atr_8""]",2.0,104,122.0,2017-07-30T00:00:00+00:00,123.0,30.0,10.0,"[""h3_atr_change_4"", ""h3_slope_atr_8""]",UNEXPLAINED_DATA_GAP,WEEKLY_SEGMENT_WARMUP,True,2017-07-31T06:30:00+00:00,2017-07-31T07:00:00+00:00,2017-07-26T00:00:00+00:00,2017-08-01T09:00:00+00:00
2017-07-31T10:43:17+00:00,2017-07-31T10:30:00+00:00,Monday,10,"[""h3_atr_change_4"", ""h3_slope_atr_8""]",2.0,104,137.0,2017-07-30T00:00:00+00:00,138.0,34.0,11.0,"[""h3_atr_change_4"", ""h3_slope_atr_8""]",UNEXPLAINED_DATA_GAP,WEEKLY_SEGMENT_WARMUP,True,2017-07-31T10:15:00+00:00,2017-07-31T10:45:00+00:00,2017-07-26T00:00:00+00:00,2017-08-01T09:00:00+00:00
2017-07-31T13:03:43+00:00,2017-07-31T13:00:00+00:00,Monday,13,"[""h3_atr_change_4"", ""h3_slope_atr_8""]",2.0,104,147.0,2017-07-30T00:00:00+00:00,148.0,37.0,12.0,"[""h3_atr_change_4"", ""h3_slope_atr_8""]",UNEXPLAINED_DATA_GAP,WEEKLY_SEGMENT_WARMUP,True,2017-07-31T12:45:00+00:00,2017-07-31T13:15:00+00:00,2017-07-26T00:00:00+00:00,2017-08-01T09:00:00+00:00
2017-07-31T16:00:19+00:00,2017-07-31T16:00:00+00:00,Monday,16,"[""h3_atr_change_4"", ""h3_slope_atr_8""]",2.0,104,159.0,2017-07-30T00:00:00+00:00,160.0,40.0,13.0,"[""h3_atr_change_4"", ""h3_slope_atr_8""]",UNEXPLAINED_DATA_GAP,WEEKLY_SEGMENT_WARMUP,True,2017-07-31T15:45:00+00:00,2017-07-31T16:15:00+00:00,2017-07-26T00:00:00+00:00,2017-08-01T09:00:00+00:00
2017-08-01T02:09:59+00:00,2017-08-01T02:00:00+00:00,Tuesday,2,"[""h3_atr_change_4""]",1.0,104,199.0,2017-07-30T00:00:00+00:00,200.0,50.0,16.0,"[""h3_atr_change_4""]",UNEXPLAINED_DATA_GAP,WEEKLY_SEGMENT_WARMUP,True,2017-08-01T01:45:00+00:00,2017-08-01T02:15:00+00:00,2017-07-26T00:00:00+00:00,2017-08-01T09:00:00+00:00
2017-08-01T07:30:42+00:00,2017-08-01T07:30:00+00:00,Tuesday,7,"[""h3_atr_change_4""]",1.0,104,221.0,2017-07-30T00:00:00+00:00,222.0,55.0,18.0,"[""h3_atr_change_4""]",UNEXPLAINED_DATA_GAP,WEEKLY_SEGMENT_WARMUP,True,2017-08-01T07:15:00+00:00,2017-08-01T07:45:00+00:00,2017-07-26T00:00:00+00:00,2017-08-01T09:00:00+00:00
2017-08-07T19:03:35+00:00,2017-08-07T19:00:00+00:00,Monday,19,"[""h3_atr_change_4"", ""h3_slope_atr_8""]",2.0,105,171.0,2017-08-06T00:00:00+00:00,172.0,43.0,14.0,"[""h3_atr_change_4"", ""h3_slope_atr_8""]",UNEXPLAINED_DATA_GAP,WEEKLY_SEGMENT_WARMUP,True,2017-08-07T18:45:00+00:00,2017-08-07T19:15:00+00:00,2017-08-04T21:00:00+00:00,2017-08-08T09:00:00+00:00
2017-08-08T01:48:05+00:00,2017-08-08T01:45:00+00:00,Tuesday,1,"[""h3_atr_change_4""]",1.0,105,198.0,2017-08-06T00:00:00+00:00,199.0,49.0,16.0,"[""h3_atr_change_4""]",UNEXPLAINED_DATA_GAP,WEEKLY_SEGMENT_WARMUP,True,2017-08-08T01:30:00+00:00,2017-08-08T02:00:00+00:00,2017-08-04T21:00:00+00:00,2017-08-08T09:00:00+00:00
2017-08-14T08:42:30+00:00,2017-08-14T08:30:00+00:00,Monday,8,"[""h3_atr_change_4"", ""h3_slope_atr_8""]",2.0,106,129.0,2017-08-13T00:00:00+00:00,130.0,32.0,10.0,"[""h3_atr_change_4"", ""h3_slope_atr_8""]",UNEXPLAINED_DATA_GAP,WEEKLY_SEGMENT_WARMUP,True,2017-08-14T08:15:00+00:00,2017-08-14T08:45:00+00:00,2017-08-11T21:00:00+00:00,2017-08-15T09:00:00+00:00
2017-08-14T10:21:28+00:00,2017-08-14T10:15:00+00:00,Monday,10,"[""h3_atr_change_4"", ""h3_slope_atr_8""]",2.0,106,136.0,2017-08-13T00:00:00+00:00,137.0,34.0,11.0,"[""h3_atr_change_4"", ""h3_slope_atr_8""]",UNEXPLAINED_DATA_GAP,WEEKLY_SEGMENT_WARMUP,True,2017-08-14T10:00:00+00:00,2017-08-14T10:30:00+00:00,2017-08-11T21:00:00+00:00,2017-08-15T09:00:00+00:00
2017-08-14T19:13:34+00:00,2017-08-14T19:00:00+00:00,Monday,19,"[""h3_atr_change_4"", ""h3_slope_atr_8""]",2.0,106,171.0,2017-08-13T00:00:00+00:00,172.0,43.0,14.0,"[""h3_atr_change_4"", ""h3_slope_atr_8""]",UNEXPLAINED_DATA_GAP,WEEKLY_SEGMENT_WARMUP,True,2017-08-14T18:45:00+00:00,2017-08-14T19:15:00+00:00,2017-08-11T21:00:00+00:00,2017-08-15T09:00:00+00:00
2017-08-14T23:45:39+00:00,2017-08-14T23:45:00+00:00,Monday,23,"[""h3_atr_change_4""]",1.0,106,190.0,2017-08-13T00:00:00+00:00,191.0,47.0,15.0,"[""h3_atr_change_4""]",UNEXPLAINED_DATA_GAP,WEEKLY_SEGMENT_WARMUP,True,2017-08-14T23:30:00+00:00,2017-08-15T00:00:00+00:00,2017-08-11T21:00:00+00:00,2017-08-15T09:00:00+00:00
2017-08-15T07:04:41+00:00,2017-08-15T07:00:00+00:00,Tuesday,7,"[""h3_atr_change_4""]",1.0,106,219.0,2017-08-13T00:00:00+00:00,220.0,55.0,18.0,"[""h3_atr_change_4""]",UNEXPLAINED_DATA_GAP,WEEKLY_SEGMENT_WARMUP,True,2017-08-15T06:45:00+00:00,2017-08-15T07:15:00+00:00,2017-08-11T21:00:00+00:00,2017-08-15T09:00:00+00:00
2017-08-21T08:06:05+00:00,2017-08-21T08:00:00+00:00,Monday,8,"[""h3_atr_change_4"", ""h3_slope_atr_8""]",2.0,107,127.0,2017-08-20T00:00:00+00:00,128.0,32.0,10.0,"[""h3_atr_change_4"", ""h3_slope_atr_8""]",UNEXPLAINED_DATA_GAP,WEEKLY_SEGMENT_WARMUP,True,2017-08-21T07:45:00+00:00,2017-08-21T08:15:00+00:00,2017-08-18T21:00:00+00:00,2017-08-22T09:00:00+00:00
2017-08-21T22:00:21+00:00,2017-08-21T22:00:00+00:00,Monday,22,"[""h3_atr_change_4""]",1.0,107,183.0,2017-08-20T00:00:00+00:00,184.0,46.0,15.0,"[""h3_atr_change_4""]",UNEXPLAINED_DATA_GAP,WEEKLY_SEGMENT_WARMUP,True,2017-08-21T21:45:00+00:00,2017-08-21T22:15:00+00:00,2017-08-18T21:00:00+00:00,2017-08-22T09:00:00+00:00
2017-08-22T01:22:39+00:00,2017-08-22T01:15:00+00:00,Tuesday,1,"[""h3_atr_change_4""]",1.0,107,196.0,2017-08-20T00:00:00+00:00,197.0,49.0,16.0,"[""h3_atr_change_4""]",UNEXPLAINED_DATA_GAP,WEEKLY_SEGMENT_WARMUP,True,2017-08-22T01:00:00+00:00,2017-08-22T01:30:00+00:00,2017-08-18T21:00:00+00:00,2017-08-22T09:00:00+00:00
2017-08-22T04:45:27+00:00,2017-08-22T04:45:00+00:00,Tuesday,4,"[""h3_atr_change_4""]",1.0,107,210.0,2017-08-20T00:00:00+00:00,211.0,52.0,17.0,"[""h3_atr_change_4""]",UNEXPLAINED_DATA_GAP,WEEKLY_SEGMENT_WARMUP,True,2017-08-22T04:30:00+00:00,2017-08-22T05:00:00+00:00,2017-08-18T21:00:00+00:00,2017-08-22T09:00:00+00:00
2017-08-25T22:00:16+00:00,2017-08-25T22:00:00+00:00,Friday,22,,,,,,,,,,,SOURCE_BAR_GAP,True,2017-08-25T21:00:00+00:00,2017-08-27T00:15:00+00:00,2017-08-25T21:00:00+00:00,2017-09-05T09:00:00+00:00
2017-08-28T14:10:42+00:00,2017-08-28T14:00:00+00:00,Monday,14,,,,,,,,,,,SOURCE_BAR_GAP,True,2017-08-28T00:00:00+00:00,2017-08-29T00:15:00+00:00,2017-08-25T21:00:00+00:00,2017-09-05T09:00:00+00:00
2017-08-28T16:11:41+00:00,2017-08-28T16:00:00+00:00,Monday,16,,,,,,,,,,,SOURCE_BAR_GAP,True,2017-08-28T00:00:00+00:00,2017-08-29T00:15:00+00:00,2017-08-25T21:00:00+00:00,2017-09-05T09:00:00+00:00
2017-08-29T01:00:43+00:00,2017-08-29T01:00:00+00:00,Tuesday,1,"[""er_4"", ""er_16"", ""rv_16"", ""atr_change_1"", ""atr_change_8"", ""slope_atr_4"", ""slope_atr_16"", ""range_pos_16"", ""h1_er_8"", ""h1_atr_change_4"", ""h1_slope_atr_8"", ""h3_er_8"", ""h3_atr_change_4"", ""h3_slope_atr_8""]",14.0,109,3.0,2017-08-29T00:00:00+00:00,4.0,1.0,0.0,"[""er_4"", ""er_16"", ""rv_16"", ""atr_change_1"", ""atr_change_8"", ""slope_atr_4"", ""slope_atr_16"", ""range_pos_16"", ""h1_er_8"", ""h1_atr_change_4"", ""h1_slope_atr_8"", ""h3_er_8"", ""h3_atr_change_4"", ""h3_slope_atr_8""]",UNEXPLAINED_DATA_GAP,MIDWEEK_SEGMENT_WARMUP,True,2017-08-29T00:45:00+00:00,2017-08-29T01:15:00+00:00,2017-08-25T21:00:00+00:00,2017-09-05T09:00:00+00:00
2017-08-29T17:04:21+00:00,2017-08-29T17:00:00+00:00,Tuesday,17,"[""h1_atr_change_4"", ""h3_er_8"", ""h3_atr_change_4"", ""h3_slope_atr_8""]",4.0,109,67.0,2017-08-29T00:00:00+00:00,68.0,17.0,5.0,"[""h1_atr_change_4"", ""h3_er_8"", ""h3_atr_change_4"", ""h3_slope_atr_8""]",UNEXPLAINED_DATA_GAP,MIDWEEK_SEGMENT_WARMUP,True,2017-08-29T16:45:00+00:00,2017-08-29T17:15:00+00:00,2017-08-25T21:00:00+00:00,2017-09-05T09:00:00+00:00
2017-08-29T19:04:42+00:00,2017-08-29T19:00:00+00:00,Tuesday,19,"[""h3_er_8"", ""h3_atr_change_4"", ""h3_slope_atr_8""]",3.0,109,75.0,2017-08-29T00:00:00+00:00,76.0,19.0,6.0,"[""h3_er_8"", ""h3_atr_change_4"", ""h3_slope_atr_8""]",UNEXPLAINED_DATA_GAP,MIDWEEK_SEGMENT_WARMUP,True,2017-08-29T18:45:00+00:00,2017-08-29T19:15:00+00:00,2017-08-25T21:00:00+00:00,2017-09-05T09:00:00+00:00
2017-08-30T08:06:42+00:00,2017-08-30T08:00:00+00:00,Wednesday,8,"[""h3_atr_change_4"", ""h3_slope_atr_8""]",2.0,109,127.0,2017-08-29T00:00:00+00:00,128.0,32.0,10.0,"[""h3_atr_change_4"", ""h3_slope_atr_8""]",UNEXPLAINED_DATA_GAP,MIDWEEK_SEGMENT_WARMUP,True,2017-08-30T07:45:00+00:00,2017-08-30T08:15:00+00:00,2017-08-25T21:00:00+00:00,2017-09-05T09:00:00+00:00
2017-08-30T13:09:40+00:00,2017-08-30T13:00:00+00:00,Wednesday,13,"[""h3_atr_change_4"", ""h3_slope_atr_8""]",2.0,109,147.0,2017-08-29T00:00:00+00:00,148.0,37.0,12.0,"[""h3_atr_change_4"", ""h3_slope_atr_8""]",UNEXPLAINED_DATA_GAP,MIDWEEK_SEGMENT_WARMUP,True,2017-08-30T12:45:00+00:00,2017-08-30T13:15:00+00:00,2017-08-25T21:00:00+00:00,2017-09-05T09:00:00+00:00
2017-08-30T19:46:31+00:00,2017-08-30T19:45:00+00:00,Wednesday,19,"[""h3_atr_change_4"", ""h3_slope_atr_8""]",2.0,109,174.0,2017-08-29T00:00:00+00:00,175.0,43.0,14.0,"[""h3_atr_change_4"", ""h3_slope_atr_8""]",UNEXPLAINED_DATA_GAP,MIDWEEK_SEGMENT_WARMUP,True,2017-08-30T19:30:00+00:00,2017-08-30T20:00:00+00:00,2017-08-25T21:00:00+00:00,2017-09-05T09:00:00+00:00
2017-08-31T13:05:29+00:00,2017-08-31T13:00:00+00:00,Thursday,13,,,,,,,,,,,SOURCE_BAR_GAP,True,2017-08-31T00:00:00+00:00,2017-09-01T00:15:00+00:00,2017-08-25T21:00:00+00:00,2017-09-05T09:00:00+00:00
2017-09-01T08:06:03+00:00,2017-09-01T08:00:00+00:00,Friday,8,"[""h1_er_8"", ""h1_atr_change_4"", ""h1_slope_atr_8"", ""h3_er_8"", ""h3_atr_change_4"", ""h3_slope_atr_8""]",6.0,110,31.0,2017-09-01T00:00:00+00:00,32.0,8.0,2.0,"[""h1_er_8"", ""h1_atr_change_4"", ""h1_slope_atr_8"", ""h3_er_8"", ""h3_atr_change_4"", ""h3_slope_atr_8""]",UNEXPLAINED_DATA_GAP,MIDWEEK_SEGMENT_WARMUP,True,2017-09-01T07:45:00+00:00,2017-09-01T08:15:00+00:00,2017-08-25T21:00:00+00:00,2017-09-05T09:00:00+00:00
2017-09-01T16:40:32+00:00,2017-09-01T16:30:00+00:00,Friday,16,"[""h1_atr_change_4"", ""h3_er_8"", ""h3_atr_change_4"", ""h3_slope_atr_8""]",4.0,110,65.0,2017-09-01T00:00:00+00:00,66.0,16.0,5.0,"[""h1_atr_change_4"", ""h3_er_8"", ""h3_atr_change_4"", ""h3_slope_atr_8""]",UNEXPLAINED_DATA_GAP,MIDWEEK_SEGMENT_WARMUP,True,2017-09-01T16:15:00+00:00,2017-09-01T16:45:00+00:00,2017-08-25T21:00:00+00:00,2017-09-05T09:00:00+00:00
2017-09-04T07:19:30+00:00,2017-09-04T07:15:00+00:00,Monday,7,"[""h3_atr_change_4"", ""h3_slope_atr_8""]",2.0,111,124.0,2017-09-03T00:00:00+00:00,125.0,31.0,10.0,"[""h3_atr_change_4"", ""h3_slope_atr_8""]",UNEXPLAINED_DATA_GAP,WEEKLY_SEGMENT_WARMUP,True,2017-09-04T07:00:00+00:00,2017-09-04T07:30:00+00:00,2017-08-25T21:00:00+00:00,2017-09-05T09:00:00+00:00
2017-09-05T02:49:40+00:00,2017-09-05T02:45:00+00:00,Tuesday,2,"[""h3_atr_change_4""]",1.0,111,202.0,2017-09-03T00:00:00+00:00,203.0,50.0,16.0,"[""h3_atr_change_4""]",UNEXPLAINED_DATA_GAP,WEEKLY_SEGMENT_WARMUP,True,2017-09-05T02:30:00+00:00,2017-09-05T03:00:00+00:00,2017-08-25T21:00:00+00:00,2017-09-05T09:00:00+00:00
2017-09-11T14:31:40+00:00,2017-09-11T14:30:00+00:00,Monday,14,"[""h3_atr_change_4"", ""h3_slope_atr_8""]",2.0,112,153.0,2017-09-10T00:00:00+00:00,154.0,38.0,12.0,"[""h3_atr_change_4"", ""h3_slope_atr_8""]",UNEXPLAINED_DATA_GAP,WEEKLY_SEGMENT_WARMUP,True,2017-09-11T14:15:00+00:00,2017-09-11T14:45:00+00:00,2017-09-08T21:00:00+00:00,2017-09-12T09:00:00+00:00
2017-09-11T22:00:42+00:00,2017-09-11T22:00:00+00:00,Monday,22,"[""h3_atr_change_4""]",1.0,112,183.0,2017-09-10T00:00:00+00:00,184.0,46.0,15.0,"[""h3_atr_change_4""]",UNEXPLAINED_DATA_GAP,WEEKLY_SEGMENT_WARMUP,True,2017-09-11T21:45:00+00:00,2017-09-11T22:15:00+00:00,2017-09-08T21:00:00+00:00,2017-09-12T09:00:00+00:00
2017-09-18T07:00:05+00:00,2017-09-18T07:00:00+00:00,Monday,7,"[""h3_atr_change_4"", ""h3_slope_atr_8""]",2.0,113,123.0,2017-09-17T00:00:00+00:00,124.0,31.0,10.0,"[""h3_atr_change_4"", ""h3_slope_atr_8""]",UNEXPLAINED_DATA_GAP,WEEKLY_SEGMENT_WARMUP,True,2017-09-18T06:45:00+00:00,2017-09-18T07:15:00+00:00,2017-09-15T21:00:00+00:00,2017-09-19T09:00:00+00:00
2017-09-18T10:08:28+00:00,2017-09-18T10:00:00+00:00,Monday,10,"[""h3_atr_change_4"", ""h3_slope_atr_8""]",2.0,113,135.0,2017-09-17T00:00:00+00:00,136.0,34.0,11.0,"[""h3_atr_change_4"", ""h3_slope_atr_8""]",UNEXPLAINED_DATA_GAP,WEEKLY_SEGMENT_WARMUP,True,2017-09-18T09:45:00+00:00,2017-09-18T10:15:00+00:00,2017-09-15T21:00:00+00:00,2017-09-19T09:00:00+00:00
2017-09-18T13:13:59+00:00,2017-09-18T13:00:00+00:00,Monday,13,"[""h3_atr_change_4"", ""h3_slope_atr_8""]",2.0,113,147.0,2017-09-17T00:00:00+00:00,148.0,37.0,12.0,"[""h3_atr_change_4"", ""h3_slope_atr_8""]",UNEXPLAINED_DATA_GAP,WEEKLY_SEGMENT_WARMUP,True,2017-09-18T12:45:00+00:00,2017-09-18T13:15:00+00:00,2017-09-15T21:00:00+00:00,2017-09-19T09:00:00+00:00
2017-09-18T18:53:32+00:00,2017-09-18T18:45:00+00:00,Monday,18,"[""h3_atr_change_4"", ""h3_slope_atr_8""]",2.0,113,170.0,2017-09-17T00:00:00+00:00,171.0,42.0,14.0,"[""h3_atr_change_4"", ""h3_slope_atr_8""]",UNEXPLAINED_DATA_GAP,WEEKLY_SEGMENT_WARMUP,True,2017-09-18T18:30:00+00:00,2017-09-18T19:00:00+00:00,2017-09-15T21:00:00+00:00,2017-09-19T09:00:00+00:00
2017-09-25T09:09:29+00:00,2017-09-25T09:00:00+00:00,Monday,9,"[""h3_atr_change_4"", ""h3_slope_atr_8""]",2.0,114,131.0,2017-09-24T00:00:00+00:00,132.0,33.0,11.0,"[""h3_atr_change_4"", ""h3_slope_atr_8""]",UNEXPLAINED_DATA_GAP,WEEKLY_SEGMENT_WARMUP,True,2017-09-25T08:45:00+00:00,2017-09-25T09:15:00+00:00,2017-09-22T21:00:00+00:00,2017-09-26T09:00:00+00:00
2017-09-25T18:04:40+00:00,2017-09-25T18:00:00+00:00,Monday,18,"[""h3_atr_change_4"", ""h3_slope_atr_8""]",2.0,114,167.0,2017-09-24T00:00:00+00:00,168.0,42.0,14.0,"[""h3_atr_change_4"", ""h3_slope_atr_8""]",UNEXPLAINED_DATA_GAP,WEEKLY_SEGMENT_WARMUP,True,2017-09-25T17:45:00+00:00,2017-09-25T18:15:00+00:00,2017-09-22T21:00:00+00:00,2017-09-26T09:00:00+00:00
2017-09-26T08:09:41+00:00,2017-09-26T08:00:00+00:00,Tuesday,8,"[""h3_atr_change_4""]",1.0,114,223.0,2017-09-24T00:00:00+00:00,224.0,56.0,18.0,"[""h3_atr_change_4""]",UNEXPLAINED_DATA_GAP,WEEKLY_SEGMENT_WARMUP,True,2017-09-26T07:45:00+00:00,2017-09-26T08:15:00+00:00,2017-09-22T21:00:00+00:00,2017-09-26T09:00:00+00:00
2017-09-29T22:00:16+00:00,2017-09-29T22:00:00+00:00,Friday,22,,,,,,,,,,,SOURCE_BAR_GAP,True,2017-09-29T21:00:00+00:00,2017-10-01T00:15:00+00:00,2017-09-29T21:00:00+00:00,2017-10-05T09:00:00+00:00
2017-10-02T04:55:32+00:00,2017-10-02T04:45:00+00:00,Monday,4,,,,,,,,,,,SOURCE_BAR_GAP,True,2017-10-02T00:00:00+00:00,2017-10-03T00:15:00+00:00,2017-09-29T21:00:00+00:00,2017-10-05T09:00:00+00:00
2017-10-02T08:23:40+00:00,2017-10-02T08:15:00+00:00,Monday,8,,,,,,,,,,,SOURCE_BAR_GAP,True,2017-10-02T00:00:00+00:00,2017-10-03T00:15:00+00:00,2017-09-29T21:00:00+00:00,2017-10-05T09:00:00+00:00
2017-10-03T04:29:42+00:00,2017-10-03T04:15:00+00:00,Tuesday,4,"[""atr_change_8"", ""h1_er_8"", ""h1_atr_change_4"", ""h1_slope_atr_8"", ""h3_er_8"", ""h3_atr_change_4"", ""h3_slope_atr_8""]",7.0,116,16.0,2017-10-03T00:00:00+00:00,17.0,4.0,1.0,"[""atr_change_8"", ""h1_er_8"", ""h1_atr_change_4"", ""h1_slope_atr_8"", ""h3_er_8"", ""h3_atr_change_4"", ""h3_slope_atr_8""]",UNEXPLAINED_DATA_GAP,MIDWEEK_SEGMENT_WARMUP,True,2017-10-03T04:00:00+00:00,2017-10-03T04:30:00+00:00,2017-09-29T21:00:00+00:00,2017-10-05T09:00:00+00:00
2017-10-04T00:24:41+00:00,2017-10-04T00:15:00+00:00,Wednesday,0,"[""h3_er_8"", ""h3_atr_change_4"", ""h3_slope_atr_8""]",3.0,116,96.0,2017-10-03T00:00:00+00:00,97.0,24.0,8.0,"[""h3_er_8"", ""h3_atr_change_4"", ""h3_slope_atr_8""]",UNEXPLAINED_DATA_GAP,MIDWEEK_SEGMENT_WARMUP,True,2017-10-04T00:00:00+00:00,2017-10-04T00:30:00+00:00,2017-09-29T21:00:00+00:00,2017-10-05T09:00:00+00:00
2017-10-04T10:01:42+00:00,2017-10-04T10:00:00+00:00,Wednesday,10,"[""h3_atr_change_4"", ""h3_slope_atr_8""]",2.0,116,135.0,2017-10-03T00:00:00+00:00,136.0,34.0,11.0,"[""h3_atr_change_4"", ""h3_slope_atr_8""]",UNEXPLAINED_DATA_GAP,MIDWEEK_SEGMENT_WARMUP,True,2017-10-04T09:45:00+00:00,2017-10-04T10:15:00+00:00,2017-09-29T21:00:00+00:00,2017-10-05T09:00:00+00:00
2017-10-05T00:18:05+00:00,2017-10-05T00:15:00+00:00,Thursday,0,"[""h3_atr_change_4""]",1.0,116,192.0,2017-10-03T00:00:00+00:00,193.0,48.0,16.0,"[""h3_atr_change_4""]",UNEXPLAINED_DATA_GAP,MIDWEEK_SEGMENT_WARMUP,True,2017-10-05T00:00:00+00:00,2017-10-05T00:30:00+00:00,2017-09-29T21:00:00+00:00,2017-10-05T09:00:00+00:00
2017-10-06T22:09:42+00:00,2017-10-06T22:00:00+00:00,Friday,22,,,,,,,,,,,SOURCE_BAR_GAP,True,2017-10-06T21:00:00+00:00,2017-10-08T00:15:00+00:00,2017-10-06T21:00:00+00:00,2017-10-10T09:00:00+00:00
2017-10-09T04:45:30+00:00,2017-10-09T04:45:00+00:00,Monday,4,"[""h3_atr_change_4"", ""h3_slope_atr_8""]",2.0,117,114.0,2017-10-08T00:00:00+00:00,115.0,28.0,9.0,"[""h3_atr_change_4"", ""h3_slope_atr_8""]",UNEXPLAINED_DATA_GAP,WEEKLY_SEGMENT_WARMUP,True,2017-10-09T04:30:00+00:00,2017-10-09T05:00:00+00:00,2017-10-06T21:00:00+00:00,2017-10-10T09:00:00+00:00
2017-10-09T07:00:26+00:00,2017-10-09T07:00:00+00:00,Monday,7,"[""h3_atr_change_4"", ""h3_slope_atr_8""]",2.0,117,123.0,2017-10-08T00:00:00+00:00,124.0,31.0,10.0,"[""h3_atr_change_4"", ""h3_slope_atr_8""]",UNEXPLAINED_DATA_GAP,WEEKLY_SEGMENT_WARMUP,True,2017-10-09T06:45:00+00:00,2017-10-09T07:15:00+00:00,2017-10-06T21:00:00+00:00,2017-10-10T09:00:00+00:00
2017-10-09T16:23:40+00:00,2017-10-09T16:15:00+00:00,Monday,16,"[""h3_atr_change_4"", ""h3_slope_atr_8""]",2.0,117,160.0,2017-10-08T00:00:00+00:00,161.0,40.0,13.0,"[""h3_atr_change_4"", ""h3_slope_atr_8""]",UNEXPLAINED_DATA_GAP,WEEKLY_SEGMENT_WARMUP,True,2017-10-09T16:00:00+00:00,2017-10-09T16:30:00+00:00,2017-10-06T21:00:00+00:00,2017-10-10T09:00:00+00:00
2017-10-16T04:29:31+00:00,2017-10-16T04:15:00+00:00,Monday,4,"[""h3_atr_change_4"", ""h3_slope_atr_8""]",2.0,118,112.0,2017-10-15T00:00:00+00:00,113.0,28.0,9.0,"[""h3_atr_change_4"", ""h3_slope_atr_8""]",UNEXPLAINED_DATA_GAP,WEEKLY_SEGMENT_WARMUP,True,2017-10-16T04:00:00+00:00,2017-10-16T04:30:00+00:00,2017-10-13T21:00:00+00:00,2017-10-17T09:00:00+00:00
2017-10-16T20:18:42+00:00,2017-10-16T20:15:00+00:00,Monday,20,"[""h3_atr_change_4"", ""h3_slope_atr_8""]",2.0,118,176.0,2017-10-15T00:00:00+00:00,177.0,44.0,14.0,"[""h3_atr_change_4"", ""h3_slope_atr_8""]",UNEXPLAINED_DATA_GAP,WEEKLY_SEGMENT_WARMUP,True,2017-10-16T20:00:00+00:00,2017-10-16T20:30:00+00:00,2017-10-13T21:00:00+00:00,2017-10-17T09:00:00+00:00
2017-10-18T07:29:57+00:00,2017-10-18T07:15:00+00:00,Wednesday,7,,,,,,,,,,,SOURCE_BAR_GAP,True,2017-10-18T00:00:00+00:00,2017-10-19T00:15:00+00:00,2017-10-18T00:00:00+00:00,2017-10-24T09:00:00+00:00
2017-10-19T11:18:20+00:00,2017-10-19T11:15:00+00:00,Thursday,11,"[""h1_atr_change_4"", ""h1_slope_atr_8"", ""h3_er_8"", ""h3_atr_change_4"", ""h3_slope_atr_8""]",5.0,119,44.0,2017-10-19T00:00:00+00:00,45.0,11.0,3.0,"[""h1_atr_change_4"", ""h1_slope_atr_8"", ""h3_er_8"", ""h3_atr_change_4"", ""h3_slope_atr_8""]",UNEXPLAINED_DATA_GAP,MIDWEEK_SEGMENT_WARMUP,True,2017-10-19T11:00:00+00:00,2017-10-19T11:30:00+00:00,2017-10-18T00:00:00+00:00,2017-10-24T09:00:00+00:00
2017-10-20T04:33:42+00:00,2017-10-20T04:30:00+00:00,Friday,4,"[""h3_atr_change_4"", ""h3_slope_atr_8""]",2.0,119,113.0,2017-10-19T00:00:00+00:00,114.0,28.0,9.0,"[""h3_atr_change_4"", ""h3_slope_atr_8""]",UNEXPLAINED_DATA_GAP,MIDWEEK_SEGMENT_WARMUP,True,2017-10-20T04:15:00+00:00,2017-10-20T04:45:00+00:00,2017-10-18T00:00:00+00:00,2017-10-24T09:00:00+00:00
2017-10-20T13:15:41+00:00,2017-10-20T13:15:00+00:00,Friday,13,"[""h3_atr_change_4"", ""h3_slope_atr_8""]",2.0,119,148.0,2017-10-19T00:00:00+00:00,149.0,37.0,12.0,"[""h3_atr_change_4"", ""h3_slope_atr_8""]",UNEXPLAINED_DATA_GAP,MIDWEEK_SEGMENT_WARMUP,True,2017-10-20T13:00:00+00:00,2017-10-20T13:30:00+00:00,2017-10-18T00:00:00+00:00,2017-10-24T09:00:00+00:00
2017-10-20T16:33:40+00:00,2017-10-20T16:30:00+00:00,Friday,16,"[""h3_atr_change_4"", ""h3_slope_atr_8""]",2.0,119,161.0,2017-10-19T00:00:00+00:00,162.0,40.0,13.0,"[""h3_atr_change_4"", ""h3_slope_atr_8""]",UNEXPLAINED_DATA_GAP,MIDWEEK_SEGMENT_WARMUP,True,2017-10-20T16:15:00+00:00,2017-10-20T16:45:00+00:00,2017-10-18T00:00:00+00:00,2017-10-24T09:00:00+00:00
2017-10-23T11:19:29+00:00,2017-10-23T11:15:00+00:00,Monday,11,"[""h3_atr_change_4"", ""h3_slope_atr_8""]",2.0,120,140.0,2017-10-22T00:00:00+00:00,141.0,35.0,11.0,"[""h3_atr_change_4"", ""h3_slope_atr_8""]",UNEXPLAINED_DATA_GAP,WEEKLY_SEGMENT_WARMUP,True,2017-10-23T11:00:00+00:00,2017-10-23T11:30:00+00:00,2017-10-18T00:00:00+00:00,2017-10-24T09:00:00+00:00
2017-10-24T08:44:39+00:00,2017-10-24T08:30:00+00:00,Tuesday,8,"[""h3_atr_change_4""]",1.0,120,225.0,2017-10-22T00:00:00+00:00,226.0,56.0,18.0,"[""h3_atr_change_4""]",UNEXPLAINED_DATA_GAP,WEEKLY_SEGMENT_WARMUP,True,2017-10-24T08:15:00+00:00,2017-10-24T08:45:00+00:00,2017-10-18T00:00:00+00:00,2017-10-24T09:00:00+00:00
2017-10-30T04:00:41+00:00,2017-10-30T04:00:00+00:00,Monday,4,"[""h3_atr_change_4"", ""h3_slope_atr_8""]",2.0,121,111.0,2017-10-29T00:00:00+00:00,112.0,28.0,9.0,"[""h3_atr_change_4"", ""h3_slope_atr_8""]",UNEXPLAINED_DATA_GAP,WEEKLY_SEGMENT_WARMUP,True,2017-10-30T03:45:00+00:00,2017-10-30T04:15:00+00:00,2017-10-27T21:00:00+00:00,2017-10-31T09:00:00+00:00
2017-10-30T10:10:59+00:00,2017-10-30T10:00:00+00:00,Monday,10,"[""h3_atr_change_4"", ""h3_slope_atr_8""]",2.0,121,135.0,2017-10-29T00:00:00+00:00,136.0,34.0,11.0,"[""h3_atr_change_4"", ""h3_slope_atr_8""]",UNEXPLAINED_DATA_GAP,WEEKLY_SEGMENT_WARMUP,True,2017-10-30T09:45:00+00:00,2017-10-30T10:15:00+00:00,2017-10-27T21:00:00+00:00,2017-10-31T09:00:00+00:00
2017-10-31T04:01:05+00:00,2017-10-31T04:00:00+00:00,Tuesday,4,"[""h3_atr_change_4""]",1.0,121,207.0,2017-10-29T00:00:00+00:00,208.0,52.0,17.0,"[""h3_atr_change_4""]",UNEXPLAINED_DATA_GAP,WEEKLY_SEGMENT_WARMUP,True,2017-10-31T03:45:00+00:00,2017-10-31T04:15:00+00:00,2017-10-27T21:00:00+00:00,2017-10-31T09:00:00+00:00
2017-11-06T05:14:16+00:00,2017-11-06T05:00:00+00:00,Monday,5,"[""h3_atr_change_4"", ""h3_slope_atr_8""]",2.0,122,115.0,2017-11-05T00:00:00+00:00,116.0,29.0,9.0,"[""h3_atr_change_4"", ""h3_slope_atr_8""]",UNEXPLAINED_DATA_GAP,WEEKLY_SEGMENT_WARMUP,True,2017-11-06T04:45:00+00:00,2017-11-06T05:15:00+00:00,2017-11-03T21:00:00+00:00,2017-11-07T09:00:00+00:00
2017-11-06T08:50:32+00:00,2017-11-06T08:45:00+00:00,Monday,8,"[""h3_atr_change_4"", ""h3_slope_atr_8""]",2.0,122,130.0,2017-11-05T00:00:00+00:00,131.0,32.0,10.0,"[""h3_atr_change_4"", ""h3_slope_atr_8""]",UNEXPLAINED_DATA_GAP,WEEKLY_SEGMENT_WARMUP,True,2017-11-06T08:30:00+00:00,2017-11-06T09:00:00+00:00,2017-11-03T21:00:00+00:00,2017-11-07T09:00:00+00:00
2017-11-06T11:14:42+00:00,2017-11-06T11:00:00+00:00,Monday,11,"[""h3_atr_change_4"", ""h3_slope_atr_8""]",2.0,122,139.0,2017-11-05T00:00:00+00:00,140.0,35.0,11.0,"[""h3_atr_change_4"", ""h3_slope_atr_8""]",UNEXPLAINED_DATA_GAP,WEEKLY_SEGMENT_WARMUP,True,2017-11-06T10:45:00+00:00,2017-11-06T11:15:00+00:00,2017-11-03T21:00:00+00:00,2017-11-07T09:00:00+00:00
2017-11-07T03:25:05+00:00,2017-11-07T03:15:00+00:00,Tuesday,3,"[""h3_atr_change_4""]",1.0,122,204.0,2017-11-05T00:00:00+00:00,205.0,51.0,17.0,"[""h3_atr_change_4""]",UNEXPLAINED_DATA_GAP,WEEKLY_SEGMENT_WARMUP,True,2017-11-07T03:00:00+00:00,2017-11-07T03:30:00+00:00,2017-11-03T21:00:00+00:00,2017-11-07T09:00:00+00:00
2017-11-07T05:06:45+00:00,2017-11-07T05:00:00+00:00,Tuesday,5,"[""h3_atr_change_4""]",1.0,122,211.0,2017-11-05T00:00:00+00:00,212.0,53.0,17.0,"[""h3_atr_change_4""]",UNEXPLAINED_DATA_GAP,WEEKLY_SEGMENT_WARMUP,True,2017-11-07T04:45:00+00:00,2017-11-07T05:15:00+00:00,2017-11-03T21:00:00+00:00,2017-11-07T09:00:00+00:00
2017-11-07T08:51:41+00:00,2017-11-07T08:45:00+00:00,Tuesday,8,"[""h3_atr_change_4""]",1.0,122,226.0,2017-11-05T00:00:00+00:00,227.0,56.0,18.0,"[""h3_atr_change_4""]",UNEXPLAINED_DATA_GAP,WEEKLY_SEGMENT_WARMUP,True,2017-11-07T08:30:00+00:00,2017-11-07T09:00:00+00:00,2017-11-03T21:00:00+00:00,2017-11-07T09:00:00+00:00
2017-11-13T09:57:25+00:00,2017-11-13T09:45:00+00:00,Monday,9,"[""h3_atr_change_4"", ""h3_slope_atr_8""]",2.0,123,134.0,2017-11-12T00:00:00+00:00,135.0,33.0,11.0,"[""h3_atr_change_4"", ""h3_slope_atr_8""]",UNEXPLAINED_DATA_GAP,WEEKLY_SEGMENT_WARMUP,True,2017-11-13T09:30:00+00:00,2017-11-13T10:00:00+00:00,2017-11-10T22:00:00+00:00,2017-11-14T09:00:00+00:00
2017-11-14T08:37:38+00:00,2017-11-14T08:30:00+00:00,Tuesday,8,"[""h3_atr_change_4""]",1.0,123,225.0,2017-11-12T00:00:00+00:00,226.0,56.0,18.0,"[""h3_atr_change_4""]",UNEXPLAINED_DATA_GAP,WEEKLY_SEGMENT_WARMUP,True,2017-11-14T08:15:00+00:00,2017-11-14T08:45:00+00:00,2017-11-10T22:00:00+00:00,2017-11-14T09:00:00+00:00
2017-11-17T23:49:28+00:00,2017-11-17T23:45:00+00:00,Friday,23,,,,,,,,,,,SOURCE_BAR_GAP,True,2017-11-17T22:00:00+00:00,2017-11-20T00:15:00+00:00,2017-11-17T22:00:00+00:00,2017-11-22T09:00:00+00:00
2017-11-20T06:39:59+00:00,2017-11-20T06:30:00+00:00,Monday,6,"[""h1_er_8"", ""h1_atr_change_4"", ""h1_slope_atr_8"", ""h3_er_8"", ""h3_atr_change_4"", ""h3_slope_atr_8""]",6.0,124,25.0,2017-11-20T00:00:00+00:00,26.0,6.0,2.0,"[""h1_er_8"", ""h1_atr_change_4"", ""h1_slope_atr_8"", ""h3_er_8"", ""h3_atr_change_4"", ""h3_slope_atr_8""]",EXPECTED_MARKET_GAP,WEEKLY_SEGMENT_WARMUP,True,2017-11-20T06:15:00+00:00,2017-11-20T06:45:00+00:00,2017-11-17T22:00:00+00:00,2017-11-22T09:00:00+00:00
2017-11-20T18:37:29+00:00,2017-11-20T18:30:00+00:00,Monday,18,"[""h1_atr_change_4"", ""h3_er_8"", ""h3_atr_change_4"", ""h3_slope_atr_8""]",4.0,124,73.0,2017-11-20T00:00:00+00:00,74.0,18.0,6.0,"[""h1_atr_change_4"", ""h3_er_8"", ""h3_atr_change_4"", ""h3_slope_atr_8""]",EXPECTED_MARKET_GAP,WEEKLY_SEGMENT_WARMUP,True,2017-11-20T18:15:00+00:00,2017-11-20T18:45:00+00:00,2017-11-17T22:00:00+00:00,2017-11-22T09:00:00+00:00
2017-11-20T20:59:38+00:00,2017-11-20T20:45:00+00:00,Monday,20,"[""h3_er_8"", ""h3_atr_change_4"", ""h3_slope_atr_8""]",3.0,124,82.0,2017-11-20T00:00:00+00:00,83.0,20.0,6.0,"[""h3_er_8"", ""h3_atr_change_4"", ""h3_slope_atr_8""]",EXPECTED_MARKET_GAP,WEEKLY_SEGMENT_WARMUP,True,2017-11-20T20:30:00+00:00,2017-11-20T21:00:00+00:00,2017-11-17T22:00:00+00:00,2017-11-22T09:00:00+00:00
2017-11-21T11:02:29+00:00,2017-11-21T11:00:00+00:00,Tuesday,11,"[""h3_atr_change_4"", ""h3_slope_atr_8""]",2.0,124,139.0,2017-11-20T00:00:00+00:00,140.0,35.0,11.0,"[""h3_atr_change_4"", ""h3_slope_atr_8""]",EXPECTED_MARKET_GAP,WEEKLY_SEGMENT_WARMUP,True,2017-11-21T10:45:00+00:00,2017-11-21T11:15:00+00:00,2017-11-17T22:00:00+00:00,2017-11-22T09:00:00+00:00
2017-11-22T00:16:22+00:00,2017-11-22T00:15:00+00:00,Wednesday,0,"[""h3_atr_change_4""]",1.0,124,192.0,2017-11-20T00:00:00+00:00,193.0,48.0,16.0,"[""h3_atr_change_4""]",EXPECTED_MARKET_GAP,WEEKLY_SEGMENT_WARMUP,True,2017-11-22T00:00:00+00:00,2017-11-22T00:30:00+00:00,2017-11-17T22:00:00+00:00,2017-11-22T09:00:00+00:00
2017-11-22T03:40:39+00:00,2017-11-22T03:30:00+00:00,Wednesday,3,"[""h3_atr_change_4""]",1.0,124,205.0,2017-11-20T00:00:00+00:00,206.0,51.0,17.0,"[""h3_atr_change_4""]",EXPECTED_MARKET_GAP,WEEKLY_SEGMENT_WARMUP,True,2017-11-22T03:15:00+00:00,2017-11-22T03:45:00+00:00,2017-11-17T22:00:00+00:00,2017-11-22T09:00:00+00:00
2017-11-27T14:08:41+00:00,2017-11-27T14:00:00+00:00,Monday,14,,,,,,,,,,,SOURCE_BAR_GAP,True,2017-11-27T00:00:00+00:00,2017-11-28T00:15:00+00:00,2017-11-24T22:00:00+00:00,2017-11-30T09:00:00+00:00
2017-11-27T17:00:40+00:00,2017-11-27T17:00:00+00:00,Monday,17,,,,,,,,,,,SOURCE_BAR_GAP,True,2017-11-27T00:00:00+00:00,2017-11-28T00:15:00+00:00,2017-11-24T22:00:00+00:00,2017-11-30T09:00:00+00:00
2017-11-28T09:05:36+00:00,2017-11-28T09:00:00+00:00,Tuesday,9,"[""h1_atr_change_4"", ""h1_slope_atr_8"", ""h3_er_8"", ""h3_atr_change_4"", ""h3_slope_atr_8""]",5.0,126,35.0,2017-11-28T00:00:00+00:00,36.0,9.0,3.0,"[""h1_atr_change_4"", ""h1_slope_atr_8"", ""h3_er_8"", ""h3_atr_change_4"", ""h3_slope_atr_8""]",UNEXPLAINED_DATA_GAP,MIDWEEK_SEGMENT_WARMUP,True,2017-11-28T08:45:00+00:00,2017-11-28T09:15:00+00:00,2017-11-24T22:00:00+00:00,2017-11-30T09:00:00+00:00
2017-11-28T11:15:31+00:00,2017-11-28T11:15:00+00:00,Tuesday,11,"[""h1_atr_change_4"", ""h1_slope_atr_8"", ""h3_er_8"", ""h3_atr_change_4"", ""h3_slope_atr_8""]",5.0,126,44.0,2017-11-28T00:00:00+00:00,45.0,11.0,3.0,"[""h1_atr_change_4"", ""h1_slope_atr_8"", ""h3_er_8"", ""h3_atr_change_4"", ""h3_slope_atr_8""]",UNEXPLAINED_DATA_GAP,MIDWEEK_SEGMENT_WARMUP,True,2017-11-28T11:00:00+00:00,2017-11-28T11:30:00+00:00,2017-11-24T22:00:00+00:00,2017-11-30T09:00:00+00:00
2017-11-29T05:31:41+00:00,2017-11-29T05:30:00+00:00,Wednesday,5,"[""h3_atr_change_4"", ""h3_slope_atr_8""]",2.0,126,117.0,2017-11-28T00:00:00+00:00,118.0,29.0,9.0,"[""h3_atr_change_4"", ""h3_slope_atr_8""]",UNEXPLAINED_DATA_GAP,MIDWEEK_SEGMENT_WARMUP,True,2017-11-29T05:15:00+00:00,2017-11-29T05:45:00+00:00,2017-11-24T22:00:00+00:00,2017-11-30T09:00:00+00:00
2017-11-29T23:00:02+00:00,2017-11-29T23:00:00+00:00,Wednesday,23,"[""h3_atr_change_4""]",1.0,126,187.0,2017-11-28T00:00:00+00:00,188.0,47.0,15.0,"[""h3_atr_change_4""]",UNEXPLAINED_DATA_GAP,MIDWEEK_SEGMENT_WARMUP,True,2017-11-29T22:45:00+00:00,2017-11-29T23:15:00+00:00,2017-11-24T22:00:00+00:00,2017-11-30T09:00:00+00:00
2017-11-30T02:00:17+00:00,2017-11-30T02:00:00+00:00,Thursday,2,"[""h3_atr_change_4""]",1.0,126,199.0,2017-11-28T00:00:00+00:00,200.0,50.0,16.0,"[""h3_atr_change_4""]",UNEXPLAINED_DATA_GAP,MIDWEEK_SEGMENT_WARMUP,True,2017-11-30T01:45:00+00:00,2017-11-30T02:15:00+00:00,2017-11-24T22:00:00+00:00,2017-11-30T09:00:00+00:00
2017-11-30T08:10:40+00:00,2017-11-30T08:00:00+00:00,Thursday,8,"[""h3_atr_change_4""]",1.0,126,223.0,2017-11-28T00:00:00+00:00,224.0,56.0,18.0,"[""h3_atr_change_4""]",UNEXPLAINED_DATA_GAP,MIDWEEK_SEGMENT_WARMUP,True,2017-11-30T07:45:00+00:00,2017-11-30T08:15:00+00:00,2017-11-24T22:00:00+00:00,2017-11-30T09:00:00+00:00
2017-12-01T11:03:41+00:00,2017-12-01T11:00:00+00:00,Friday,11,,,,,,,,,,,SOURCE_BAR_GAP,True,2017-12-01T00:00:00+00:00,2017-12-03T00:15:00+00:00,2017-12-01T00:00:00+00:00,2017-12-07T09:00:00+00:00
2017-12-01T15:34:42+00:00,2017-12-01T15:30:00+00:00,Friday,15,,,,,,,,,,,SOURCE_BAR_GAP,True,2017-12-01T00:00:00+00:00,2017-12-03T00:15:00+00:00,2017-12-01T00:00:00+00:00,2017-12-07T09:00:00+00:00
2017-12-04T00:01:00+00:00,2017-12-04T00:00:00+00:00,Monday,0,"[""atr_change_8"", ""h1_atr_change_4"", ""h3_er_8"", ""h3_atr_change_4"", ""h3_slope_atr_8""]",5.0,127,95.0,2017-12-03T00:00:00+00:00,96.0,24.0,8.0,"[""h3_er_8"", ""h3_atr_change_4"", ""h3_slope_atr_8""]",UNEXPLAINED_DATA_GAP,SPECIFIC_FEATURE_INCOMPLETE,False,2017-12-03T23:45:00+00:00,2017-12-05T00:15:00+00:00,2017-12-01T00:00:00+00:00,2017-12-07T09:00:00+00:00
2017-12-05T09:38:40+00:00,2017-12-05T09:30:00+00:00,Tuesday,9,"[""h1_atr_change_4"", ""h1_slope_atr_8"", ""h3_er_8"", ""h3_atr_change_4"", ""h3_slope_atr_8""]",5.0,128,37.0,2017-12-05T00:00:00+00:00,38.0,9.0,3.0,"[""h1_atr_change_4"", ""h1_slope_atr_8"", ""h3_er_8"", ""h3_atr_change_4"", ""h3_slope_atr_8""]",UNEXPLAINED_DATA_GAP,MIDWEEK_SEGMENT_WARMUP,True,2017-12-05T09:15:00+00:00,2017-12-05T09:45:00+00:00,2017-12-01T00:00:00+00:00,2017-12-07T09:00:00+00:00
2017-12-05T15:55:29+00:00,2017-12-05T15:45:00+00:00,Tuesday,15,"[""h1_atr_change_4"", ""h3_er_8"", ""h3_atr_change_4"", ""h3_slope_atr_8""]",4.0,128,62.0,2017-12-05T00:00:00+00:00,63.0,15.0,5.0,"[""h1_atr_change_4"", ""h3_er_8"", ""h3_atr_change_4"", ""h3_slope_atr_8""]",UNEXPLAINED_DATA_GAP,MIDWEEK_SEGMENT_WARMUP,True,2017-12-05T15:30:00+00:00,2017-12-05T16:00:00+00:00,2017-12-01T00:00:00+00:00,2017-12-07T09:00:00+00:00
2017-12-06T02:42:45+00:00,2017-12-06T02:30:00+00:00,Wednesday,2,"[""h3_er_8"", ""h3_atr_change_4"", ""h3_slope_atr_8""]",3.0,128,105.0,2017-12-05T00:00:00+00:00,106.0,26.0,8.0,"[""h3_er_8"", ""h3_atr_change_4"", ""h3_slope_atr_8""]",UNEXPLAINED_DATA_GAP,MIDWEEK_SEGMENT_WARMUP,True,2017-12-06T02:15:00+00:00,2017-12-06T02:45:00+00:00,2017-12-01T00:00:00+00:00,2017-12-07T09:00:00+00:00
2017-12-06T15:54:31+00:00,2017-12-06T15:45:00+00:00,Wednesday,15,"[""h3_atr_change_4"", ""h3_slope_atr_8""]",2.0,128,158.0,2017-12-05T00:00:00+00:00,159.0,39.0,13.0,"[""h3_atr_change_4"", ""h3_slope_atr_8""]",UNEXPLAINED_DATA_GAP,MIDWEEK_SEGMENT_WARMUP,True,2017-12-06T15:30:00+00:00,2017-12-06T16:00:00+00:00,2017-12-01T00:00:00+00:00,2017-12-07T09:00:00+00:00
2017-12-07T07:41:03+00:00,2017-12-07T07:30:00+00:00,Thursday,7,"[""h3_atr_change_4""]",1.0,128,221.0,2017-12-05T00:00:00+00:00,222.0,55.0,18.0,"[""h3_atr_change_4""]",UNEXPLAINED_DATA_GAP,MIDWEEK_SEGMENT_WARMUP,True,2017-12-07T07:15:00+00:00,2017-12-07T07:45:00+00:00,2017-12-01T00:00:00+00:00,2017-12-07T09:00:00+00:00
2017-12-11T15:24:40+00:00,2017-12-11T15:15:00+00:00,Monday,15,"[""h3_atr_change_4"", ""h3_slope_atr_8""]",2.0,129,156.0,2017-12-10T00:00:00+00:00,157.0,39.0,13.0,"[""h3_atr_change_4"", ""h3_slope_atr_8""]",UNEXPLAINED_DATA_GAP,WEEKLY_SEGMENT_WARMUP,True,2017-12-11T15:00:00+00:00,2017-12-11T15:30:00+00:00,2017-12-08T22:00:00+00:00,2017-12-12T09:00:00+00:00
2017-12-11T19:55:17+00:00,2017-12-11T19:45:00+00:00,Monday,19,"[""h3_atr_change_4"", ""h3_slope_atr_8""]",2.0,129,174.0,2017-12-10T00:00:00+00:00,175.0,43.0,14.0,"[""h3_atr_change_4"", ""h3_slope_atr_8""]",UNEXPLAINED_DATA_GAP,WEEKLY_SEGMENT_WARMUP,True,2017-12-11T19:30:00+00:00,2017-12-11T20:00:00+00:00,2017-12-08T22:00:00+00:00,2017-12-12T09:00:00+00:00
2017-12-12T03:54:31+00:00,2017-12-12T03:45:00+00:00,Tuesday,3,"[""h3_atr_change_4""]",1.0,129,206.0,2017-12-10T00:00:00+00:00,207.0,51.0,17.0,"[""h3_atr_change_4""]",UNEXPLAINED_DATA_GAP,WEEKLY_SEGMENT_WARMUP,True,2017-12-12T03:30:00+00:00,2017-12-12T04:00:00+00:00,2017-12-08T22:00:00+00:00,2017-12-12T09:00:00+00:00
2017-12-15T11:00:34+00:00,2017-12-15T11:00:00+00:00,Friday,11,,,,,,,,,,,SOURCE_BAR_GAP,True,2017-12-15T00:00:00+00:00,2017-12-17T00:15:00+00:00,2017-12-15T00:00:00+00:00,2017-12-19T09:00:00+00:00
2017-12-15T20:45:15+00:00,2017-12-15T20:45:00+00:00,Friday,20,,,,,,,,,,,SOURCE_BAR_GAP,True,2017-12-15T00:00:00+00:00,2017-12-17T00:15:00+00:00,2017-12-15T00:00:00+00:00,2017-12-19T09:00:00+00:00
2017-12-19T02:36:26+00:00,2017-12-19T02:30:00+00:00,Tuesday,2,"[""h3_atr_change_4""]",1.0,130,201.0,2017-12-17T00:00:00+00:00,202.0,50.0,16.0,"[""h3_atr_change_4""]",UNEXPLAINED_DATA_GAP,MIDWEEK_SEGMENT_WARMUP,True,2017-12-19T02:15:00+00:00,2017-12-19T02:45:00+00:00,2017-12-15T00:00:00+00:00,2017-12-19T09:00:00+00:00
2017-12-22T01:49:39+00:00,2017-12-22T01:45:00+00:00,Friday,1,,,,,,,,,,,SOURCE_BAR_GAP,True,2017-12-22T00:00:00+00:00,2017-12-24T00:15:00+00:00,2017-12-22T00:00:00+00:00,2017-12-26T09:00:00+00:00
2017-12-22T05:00:16+00:00,2017-12-22T05:00:00+00:00,Friday,5,,,,,,,,,,,SOURCE_BAR_GAP,True,2017-12-22T00:00:00+00:00,2017-12-24T00:15:00+00:00,2017-12-22T00:00:00+00:00,2017-12-26T09:00:00+00:00
2017-12-22T14:59:27+00:00,2017-12-22T14:45:00+00:00,Friday,14,,,,,,,,,,,SOURCE_BAR_GAP,True,2017-12-22T00:00:00+00:00,2017-12-24T00:15:00+00:00,2017-12-22T00:00:00+00:00,2017-12-26T09:00:00+00:00
2017-12-22T17:00:31+00:00,2017-12-22T17:00:00+00:00,Friday,17,,,,,,,,,,,SOURCE_BAR_GAP,True,2017-12-22T00:00:00+00:00,2017-12-24T00:15:00+00:00,2017-12-22T00:00:00+00:00,2017-12-26T09:00:00+00:00
2017-12-26T05:05:28+00:00,2017-12-26T05:00:00+00:00,Tuesday,5,"[""h3_atr_change_4""]",1.0,131,211.0,2017-12-24T00:00:00+00:00,212.0,53.0,17.0,"[""h3_atr_change_4""]",UNEXPLAINED_DATA_GAP,MIDWEEK_SEGMENT_WARMUP,True,2017-12-26T04:45:00+00:00,2017-12-26T05:15:00+00:00,2017-12-22T00:00:00+00:00,2017-12-26T09:00:00+00:00
2018-01-03T02:22:15+00:00,2018-01-03T02:15:00+00:00,Wednesday,2,"[""h3_atr_change_4""]",1.0,132,200.0,2018-01-01T00:00:00+00:00,201.0,50.0,16.0,"[""h3_atr_change_4""]",EXPECTED_MARKET_GAP,WEEKLY_SEGMENT_WARMUP,True,2018-01-03T02:00:00+00:00,2018-01-03T02:30:00+00:00,2017-12-29T22:00:00+00:00,2018-01-03T09:00:00+00:00
2018-01-05T23:21:03+00:00,2018-01-05T23:15:00+00:00,Friday,23,,,,,,,,,,,SOURCE_BAR_GAP,True,2018-01-05T22:00:00+00:00,2018-01-07T00:15:00+00:00,2018-01-05T22:00:00+00:00,2018-01-09T09:00:00+00:00
2018-01-08T05:00:20+00:00,2018-01-08T05:00:00+00:00,Monday,5,"[""h3_atr_change_4"", ""h3_slope_atr_8""]",2.0,133,115.0,2018-01-07T00:00:00+00:00,116.0,29.0,9.0,"[""h3_atr_change_4"", ""h3_slope_atr_8""]",UNEXPLAINED_DATA_GAP,WEEKLY_SEGMENT_WARMUP,True,2018-01-08T04:45:00+00:00,2018-01-08T05:15:00+00:00,2018-01-05T22:00:00+00:00,2018-01-09T09:00:00+00:00
2018-01-08T14:40:39+00:00,2018-01-08T14:30:00+00:00,Monday,14,"[""h3_atr_change_4"", ""h3_slope_atr_8""]",2.0,133,153.0,2018-01-07T00:00:00+00:00,154.0,38.0,12.0,"[""h3_atr_change_4"", ""h3_slope_atr_8""]",UNEXPLAINED_DATA_GAP,WEEKLY_SEGMENT_WARMUP,True,2018-01-08T14:15:00+00:00,2018-01-08T14:45:00+00:00,2018-01-05T22:00:00+00:00,2018-01-09T09:00:00+00:00
2018-01-15T23:01:03+00:00,2018-01-15T23:00:00+00:00,Monday,23,"[""h3_atr_change_4""]",1.0,134,187.0,2018-01-14T00:00:00+00:00,188.0,47.0,15.0,"[""h3_atr_change_4""]",UNEXPLAINED_DATA_GAP,WEEKLY_SEGMENT_WARMUP,True,2018-01-15T22:45:00+00:00,2018-01-15T23:15:00+00:00,2018-01-12T22:00:00+00:00,2018-01-16T09:00:00+00:00
2018-01-16T02:06:38+00:00,2018-01-16T02:00:00+00:00,Tuesday,2,"[""h3_atr_change_4""]",1.0,134,199.0,2018-01-14T00:00:00+00:00,200.0,50.0,16.0,"[""h3_atr_change_4""]",UNEXPLAINED_DATA_GAP,WEEKLY_SEGMENT_WARMUP,True,2018-01-16T01:45:00+00:00,2018-01-16T02:15:00+00:00,2018-01-12T22:00:00+00:00,2018-01-16T09:00:00+00:00
2018-01-16T05:03:16+00:00,2018-01-16T05:00:00+00:00,Tuesday,5,"[""h3_atr_change_4""]",1.0,134,211.0,2018-01-14T00:00:00+00:00,212.0,53.0,17.0,"[""h3_atr_change_4""]",UNEXPLAINED_DATA_GAP,WEEKLY_SEGMENT_WARMUP,True,2018-01-16T04:45:00+00:00,2018-01-16T05:15:00+00:00,2018-01-12T22:00:00+00:00,2018-01-16T09:00:00+00:00
2018-01-22T06:14:42+00:00,2018-01-22T06:00:00+00:00,Monday,6,"[""h3_atr_change_4"", ""h3_slope_atr_8""]",2.0,135,119.0,2018-01-21T00:00:00+00:00,120.0,30.0,10.0,"[""h3_atr_change_4"", ""h3_slope_atr_8""]",UNEXPLAINED_DATA_GAP,WEEKLY_SEGMENT_WARMUP,True,2018-01-22T05:45:00+00:00,2018-01-22T06:15:00+00:00,2018-01-19T22:00:00+00:00,2018-01-23T09:00:00+00:00
2018-01-22T08:11:42+00:00,2018-01-22T08:00:00+00:00,Monday,8,"[""h3_atr_change_4"", ""h3_slope_atr_8""]",2.0,135,127.0,2018-01-21T00:00:00+00:00,128.0,32.0,10.0,"[""h3_atr_change_4"", ""h3_slope_atr_8""]",UNEXPLAINED_DATA_GAP,WEEKLY_SEGMENT_WARMUP,True,2018-01-22T07:45:00+00:00,2018-01-22T08:15:00+00:00,2018-01-19T22:00:00+00:00,2018-01-23T09:00:00+00:00
2018-01-22T19:08:05+00:00,2018-01-22T19:00:00+00:00,Monday,19,"[""h3_atr_change_4"", ""h3_slope_atr_8""]",2.0,135,171.0,2018-01-21T00:00:00+00:00,172.0,43.0,14.0,"[""h3_atr_change_4"", ""h3_slope_atr_8""]",UNEXPLAINED_DATA_GAP,WEEKLY_SEGMENT_WARMUP,True,2018-01-22T18:45:00+00:00,2018-01-22T19:15:00+00:00,2018-01-19T22:00:00+00:00,2018-01-23T09:00:00+00:00
2018-01-23T04:21:16+00:00,2018-01-23T04:15:00+00:00,Tuesday,4,"[""h3_atr_change_4""]",1.0,135,208.0,2018-01-21T00:00:00+00:00,209.0,52.0,17.0,"[""h3_atr_change_4""]",UNEXPLAINED_DATA_GAP,WEEKLY_SEGMENT_WARMUP,True,2018-01-23T04:00:00+00:00,2018-01-23T04:30:00+00:00,2018-01-19T22:00:00+00:00,2018-01-23T09:00:00+00:00
2018-01-23T08:44:42+00:00,2018-01-23T08:30:00+00:00,Tuesday,8,"[""h3_atr_change_4""]",1.0,135,225.0,2018-01-21T00:00:00+00:00,226.0,56.0,18.0,"[""h3_atr_change_4""]",UNEXPLAINED_DATA_GAP,WEEKLY_SEGMENT_WARMUP,True,2018-01-23T08:15:00+00:00,2018-01-23T08:45:00+00:00,2018-01-19T22:00:00+00:00,2018-01-23T09:00:00+00:00
2018-01-29T11:24:27+00:00,2018-01-29T11:15:00+00:00,Monday,11,"[""h3_atr_change_4"", ""h3_slope_atr_8""]",2.0,136,140.0,2018-01-28T00:00:00+00:00,141.0,35.0,11.0,"[""h3_atr_change_4"", ""h3_slope_atr_8""]",UNEXPLAINED_DATA_GAP,WEEKLY_SEGMENT_WARMUP,True,2018-01-29T11:00:00+00:00,2018-01-29T11:30:00+00:00,2018-01-26T22:00:00+00:00,2018-01-30T09:00:00+00:00
2018-01-29T14:44:39+00:00,2018-01-29T14:30:00+00:00,Monday,14,"[""h3_atr_change_4"", ""h3_slope_atr_8""]",2.0,136,153.0,2018-01-28T00:00:00+00:00,154.0,38.0,12.0,"[""h3_atr_change_4"", ""h3_slope_atr_8""]",UNEXPLAINED_DATA_GAP,WEEKLY_SEGMENT_WARMUP,True,2018-01-29T14:15:00+00:00,2018-01-29T14:45:00+00:00,2018-01-26T22:00:00+00:00,2018-01-30T09:00:00+00:00
2018-01-30T02:14:42+00:00,2018-01-30T02:00:00+00:00,Tuesday,2,"[""h3_atr_change_4""]",1.0,136,199.0,2018-01-28T00:00:00+00:00,200.0,50.0,16.0,"[""h3_atr_change_4""]",UNEXPLAINED_DATA_GAP,WEEKLY_SEGMENT_WARMUP,True,2018-01-30T01:45:00+00:00,2018-01-30T02:15:00+00:00,2018-01-26T22:00:00+00:00,2018-01-30T09:00:00+00:00
2018-01-30T08:07:38+00:00,2018-01-30T08:00:00+00:00,Tuesday,8,"[""h3_atr_change_4""]",1.0,136,223.0,2018-01-28T00:00:00+00:00,224.0,56.0,18.0,"[""h3_atr_change_4""]",UNEXPLAINED_DATA_GAP,WEEKLY_SEGMENT_WARMUP,True,2018-01-30T07:45:00+00:00,2018-01-30T08:15:00+00:00,2018-01-26T22:00:00+00:00,2018-01-30T09:00:00+00:00
2018-01-31T11:11:20+00:00,2018-01-31T11:00:00+00:00,Wednesday,11,,,,,,,,,,,SOURCE_BAR_GAP,True,2018-01-31T00:00:00+00:00,2018-02-01T00:15:00+00:00,2018-01-31T00:00:00+00:00,2018-02-08T09:00:00+00:00
2018-01-31T18:07:38+00:00,2018-01-31T18:00:00+00:00,Wednesday,18,,,,,,,,,,,SOURCE_BAR_GAP,True,2018-01-31T00:00:00+00:00,2018-02-01T00:15:00+00:00,2018-01-31T00:00:00+00:00,2018-02-08T09:00:00+00:00
2018-01-31T23:00:05+00:00,2018-01-31T23:00:00+00:00,Wednesday,23,,,,,,,,,,,SOURCE_BAR_GAP,True,2018-01-31T00:00:00+00:00,2018-02-01T00:15:00+00:00,2018-01-31T00:00:00+00:00,2018-02-08T09:00:00+00:00
2018-02-01T03:03:53+00:00,2018-02-01T03:00:00+00:00,Thursday,3,"[""er_16"", ""rv_16"", ""atr_change_1"", ""atr_change_8"", ""slope_atr_4"", ""slope_atr_16"", ""range_pos_16"", ""h1_er_8"", ""h1_atr_change_4"", ""h1_slope_atr_8"", ""h3_er_8"", ""h3_atr_change_4"", ""h3_slope_atr_8""]",13.0,137,11.0,2018-02-01T00:00:00+00:00,12.0,3.0,1.0,"[""er_16"", ""rv_16"", ""atr_change_1"", ""atr_change_8"", ""slope_atr_4"", ""slope_atr_16"", ""range_pos_16"", ""h1_er_8"", ""h1_atr_change_4"", ""h1_slope_atr_8"", ""h3_er_8"", ""h3_atr_change_4"", ""h3_slope_atr_8""]",UNEXPLAINED_DATA_GAP,MIDWEEK_SEGMENT_WARMUP,True,2018-02-01T02:45:00+00:00,2018-02-01T03:15:00+00:00,2018-01-31T00:00:00+00:00,2018-02-08T09:00:00+00:00
2018-02-01T05:04:25+00:00,2018-02-01T05:00:00+00:00,Thursday,5,"[""atr_change_8"", ""h1_er_8"", ""h1_atr_change_4"", ""h1_slope_atr_8"", ""h3_er_8"", ""h3_atr_change_4"", ""h3_slope_atr_8""]",7.0,137,19.0,2018-02-01T00:00:00+00:00,20.0,5.0,1.0,"[""atr_change_8"", ""h1_er_8"", ""h1_atr_change_4"", ""h1_slope_atr_8"", ""h3_er_8"", ""h3_atr_change_4"", ""h3_slope_atr_8""]",UNEXPLAINED_DATA_GAP,MIDWEEK_SEGMENT_WARMUP,True,2018-02-01T04:45:00+00:00,2018-02-01T05:15:00+00:00,2018-01-31T00:00:00+00:00,2018-02-08T09:00:00+00:00
2018-02-01T08:09:40+00:00,2018-02-01T08:00:00+00:00,Thursday,8,"[""h1_er_8"", ""h1_atr_change_4"", ""h1_slope_atr_8"", ""h3_er_8"", ""h3_atr_change_4"", ""h3_slope_atr_8""]",6.0,137,31.0,2018-02-01T00:00:00+00:00,32.0,8.0,2.0,"[""h1_er_8"", ""h1_atr_change_4"", ""h1_slope_atr_8"", ""h3_er_8"", ""h3_atr_change_4"", ""h3_slope_atr_8""]",UNEXPLAINED_DATA_GAP,MIDWEEK_SEGMENT_WARMUP,True,2018-02-01T07:45:00+00:00,2018-02-01T08:15:00+00:00,2018-01-31T00:00:00+00:00,2018-02-08T09:00:00+00:00
2018-02-01T17:01:42+00:00,2018-02-01T17:00:00+00:00,Thursday,17,"[""h1_atr_change_4"", ""h3_er_8"", ""h3_atr_change_4"", ""h3_slope_atr_8""]",4.0,137,67.0,2018-02-01T00:00:00+00:00,68.0,17.0,5.0,"[""h1_atr_change_4"", ""h3_er_8"", ""h3_atr_change_4"", ""h3_slope_atr_8""]",UNEXPLAINED_DATA_GAP,MIDWEEK_SEGMENT_WARMUP,True,2018-02-01T16:45:00+00:00,2018-02-01T17:15:00+00:00,2018-01-31T00:00:00+00:00,2018-02-08T09:00:00+00:00
2018-02-02T02:09:45+00:00,2018-02-02T02:00:00+00:00,Friday,2,"[""h3_er_8"", ""h3_atr_change_4"", ""h3_slope_atr_8""]",3.0,137,103.0,2018-02-01T00:00:00+00:00,104.0,26.0,8.0,"[""h3_er_8"", ""h3_atr_change_4"", ""h3_slope_atr_8""]",UNEXPLAINED_DATA_GAP,MIDWEEK_SEGMENT_WARMUP,True,2018-02-02T01:45:00+00:00,2018-02-02T02:15:00+00:00,2018-01-31T00:00:00+00:00,2018-02-08T09:00:00+00:00
2018-02-02T08:00:37+00:00,2018-02-02T08:00:00+00:00,Friday,8,"[""h3_atr_change_4"", ""h3_slope_atr_8""]",2.0,137,127.0,2018-02-01T00:00:00+00:00,128.0,32.0,10.0,"[""h3_atr_change_4"", ""h3_slope_atr_8""]",UNEXPLAINED_DATA_GAP,MIDWEEK_SEGMENT_WARMUP,True,2018-02-02T07:45:00+00:00,2018-02-02T08:15:00+00:00,2018-01-31T00:00:00+00:00,2018-02-08T09:00:00+00:00
2018-02-02T11:01:31+00:00,2018-02-02T11:00:00+00:00,Friday,11,"[""h3_atr_change_4"", ""h3_slope_atr_8""]",2.0,137,139.0,2018-02-01T00:00:00+00:00,140.0,35.0,11.0,"[""h3_atr_change_4"", ""h3_slope_atr_8""]",UNEXPLAINED_DATA_GAP,MIDWEEK_SEGMENT_WARMUP,True,2018-02-02T10:45:00+00:00,2018-02-02T11:15:00+00:00,2018-01-31T00:00:00+00:00,2018-02-08T09:00:00+00:00
2018-02-02T14:05:46+00:00,2018-02-02T14:00:00+00:00,Friday,14,"[""h3_atr_change_4"", ""h3_slope_atr_8""]",2.0,137,151.0,2018-02-01T00:00:00+00:00,152.0,38.0,12.0,"[""h3_atr_change_4"", ""h3_slope_atr_8""]",UNEXPLAINED_DATA_GAP,MIDWEEK_SEGMENT_WARMUP,True,2018-02-02T13:45:00+00:00,2018-02-02T14:15:00+00:00,2018-01-31T00:00:00+00:00,2018-02-08T09:00:00+00:00
2018-02-02T23:45:39+00:00,2018-02-02T23:45:00+00:00,Friday,23,,,,,,,,,,,SOURCE_BAR_GAP,True,2018-02-02T22:00:00+00:00,2018-02-04T00:15:00+00:00,2018-01-31T00:00:00+00:00,2018-02-08T09:00:00+00:00
2018-02-05T08:00:42+00:00,2018-02-05T08:00:00+00:00,Monday,8,,,,,,,,,,,SOURCE_BAR_GAP,True,2018-02-05T00:00:00+00:00,2018-02-06T00:15:00+00:00,2018-01-31T00:00:00+00:00,2018-02-08T09:00:00+00:00
2018-02-05T11:02:05+00:00,2018-02-05T11:00:00+00:00,Monday,11,,,,,,,,,,,SOURCE_BAR_GAP,True,2018-02-05T00:00:00+00:00,2018-02-06T00:15:00+00:00,2018-01-31T00:00:00+00:00,2018-02-08T09:00:00+00:00
2018-02-05T16:00:52+00:00,2018-02-05T16:00:00+00:00,Monday,16,,,,,,,,,,,SOURCE_BAR_GAP,True,2018-02-05T00:00:00+00:00,2018-02-06T00:15:00+00:00,2018-01-31T00:00:00+00:00,2018-02-08T09:00:00+00:00
2018-02-06T06:25:31+00:00,2018-02-06T06:15:00+00:00,Tuesday,6,"[""h1_er_8"", ""h1_atr_change_4"", ""h1_slope_atr_8"", ""h3_er_8"", ""h3_atr_change_4"", ""h3_slope_atr_8""]",6.0,139,24.0,2018-02-06T00:00:00+00:00,25.0,6.0,2.0,"[""h1_er_8"", ""h1_atr_change_4"", ""h1_slope_atr_8"", ""h3_er_8"", ""h3_atr_change_4"", ""h3_slope_atr_8""]",UNEXPLAINED_DATA_GAP,MIDWEEK_SEGMENT_WARMUP,True,2018-02-06T06:00:00+00:00,2018-02-06T06:30:00+00:00,2018-01-31T00:00:00+00:00,2018-02-08T09:00:00+00:00
2018-02-06T15:03:56+00:00,2018-02-06T15:00:00+00:00,Tuesday,15,"[""h1_atr_change_4"", ""h3_er_8"", ""h3_atr_change_4"", ""h3_slope_atr_8""]",4.0,139,59.0,2018-02-06T00:00:00+00:00,60.0,15.0,5.0,"[""h1_atr_change_4"", ""h3_er_8"", ""h3_atr_change_4"", ""h3_slope_atr_8""]",UNEXPLAINED_DATA_GAP,MIDWEEK_SEGMENT_WARMUP,True,2018-02-06T14:45:00+00:00,2018-02-06T15:15:00+00:00,2018-01-31T00:00:00+00:00,2018-02-08T09:00:00+00:00
2018-02-07T10:00:39+00:00,2018-02-07T10:00:00+00:00,Wednesday,10,"[""h3_atr_change_4"", ""h3_slope_atr_8""]",2.0,139,135.0,2018-02-06T00:00:00+00:00,136.0,34.0,11.0,"[""h3_atr_change_4"", ""h3_slope_atr_8""]",UNEXPLAINED_DATA_GAP,MIDWEEK_SEGMENT_WARMUP,True,2018-02-07T09:45:00+00:00,2018-02-07T10:15:00+00:00,2018-01-31T00:00:00+00:00,2018-02-08T09:00:00+00:00
2018-02-07T11:16:38+00:00,2018-02-07T11:15:00+00:00,Wednesday,11,"[""h3_atr_change_4"", ""h3_slope_atr_8""]",2.0,139,140.0,2018-02-06T00:00:00+00:00,141.0,35.0,11.0,"[""h3_atr_change_4"", ""h3_slope_atr_8""]",UNEXPLAINED_DATA_GAP,MIDWEEK_SEGMENT_WARMUP,True,2018-02-07T11:00:00+00:00,2018-02-07T11:30:00+00:00,2018-01-31T00:00:00+00:00,2018-02-08T09:00:00+00:00
2018-02-07T17:10:37+00:00,2018-02-07T17:00:00+00:00,Wednesday,17,"[""h3_atr_change_4"", ""h3_slope_atr_8""]",2.0,139,163.0,2018-02-06T00:00:00+00:00,164.0,41.0,13.0,"[""h3_atr_change_4"", ""h3_slope_atr_8""]",UNEXPLAINED_DATA_GAP,MIDWEEK_SEGMENT_WARMUP,True,2018-02-07T16:45:00+00:00,2018-02-07T17:15:00+00:00,2018-01-31T00:00:00+00:00,2018-02-08T09:00:00+00:00
2018-02-08T06:24:29+00:00,2018-02-08T06:15:00+00:00,Thursday,6,"[""h3_atr_change_4""]",1.0,139,216.0,2018-02-06T00:00:00+00:00,217.0,54.0,18.0,"[""h3_atr_change_4""]",UNEXPLAINED_DATA_GAP,MIDWEEK_SEGMENT_WARMUP,True,2018-02-08T06:00:00+00:00,2018-02-08T06:30:00+00:00,2018-01-31T00:00:00+00:00,2018-02-08T09:00:00+00:00
2018-02-08T08:00:03+00:00,2018-02-08T08:00:00+00:00,Thursday,8,"[""h3_atr_change_4""]",1.0,139,223.0,2018-02-06T00:00:00+00:00,224.0,56.0,18.0,"[""h3_atr_change_4""]",UNEXPLAINED_DATA_GAP,MIDWEEK_SEGMENT_WARMUP,True,2018-02-08T07:45:00+00:00,2018-02-08T08:15:00+00:00,2018-01-31T00:00:00+00:00,2018-02-08T09:00:00+00:00
2018-02-09T07:06:36+00:00,2018-02-09T07:00:00+00:00,Friday,7,,,,,,,,,,,SOURCE_BAR_GAP,True,2018-02-09T00:00:00+00:00,2018-02-11T00:15:00+00:00,2018-02-09T00:00:00+00:00,2018-02-13T09:00:00+00:00
2018-02-09T08:12:30+00:00,2018-02-09T08:00:00+00:00,Friday,8,,,,,,,,,,,SOURCE_BAR_GAP,True,2018-02-09T00:00:00+00:00,2018-02-11T00:15:00+00:00,2018-02-09T00:00:00+00:00,2018-02-13T09:00:00+00:00
2018-02-09T13:33:29+00:00,2018-02-09T13:30:00+00:00,Friday,13,,,,,,,,,,,SOURCE_BAR_GAP,True,2018-02-09T00:00:00+00:00,2018-02-11T00:15:00+00:00,2018-02-09T00:00:00+00:00,2018-02-13T09:00:00+00:00
2018-02-09T19:04:29+00:00,2018-02-09T19:00:00+00:00,Friday,19,,,,,,,,,,,SOURCE_BAR_GAP,True,2018-02-09T00:00:00+00:00,2018-02-11T00:15:00+00:00,2018-02-09T00:00:00+00:00,2018-02-13T09:00:00+00:00
2018-02-12T08:07:43+00:00,2018-02-12T08:00:00+00:00,Monday,8,"[""h3_atr_change_4"", ""h3_slope_atr_8""]",2.0,140,127.0,2018-02-11T00:00:00+00:00,128.0,32.0,10.0,"[""h3_atr_change_4"", ""h3_slope_atr_8""]",UNEXPLAINED_DATA_GAP,MIDWEEK_SEGMENT_WARMUP,True,2018-02-12T07:45:00+00:00,2018-02-12T08:15:00+00:00,2018-02-09T00:00:00+00:00,2018-02-13T09:00:00+00:00
2018-02-12T12:00:17+00:00,2018-02-12T12:00:00+00:00,Monday,12,"[""h3_atr_change_4"", ""h3_slope_atr_8""]",2.0,140,143.0,2018-02-11T00:00:00+00:00,144.0,36.0,12.0,"[""h3_atr_change_4"", ""h3_slope_atr_8""]",UNEXPLAINED_DATA_GAP,MIDWEEK_SEGMENT_WARMUP,True,2018-02-12T11:45:00+00:00,2018-02-12T12:15:00+00:00,2018-02-09T00:00:00+00:00,2018-02-13T09:00:00+00:00
2018-02-12T14:01:12+00:00,2018-02-12T14:00:00+00:00,Monday,14,"[""h3_atr_change_4"", ""h3_slope_atr_8""]",2.0,140,151.0,2018-02-11T00:00:00+00:00,152.0,38.0,12.0,"[""h3_atr_change_4"", ""h3_slope_atr_8""]",UNEXPLAINED_DATA_GAP,MIDWEEK_SEGMENT_WARMUP,True,2018-02-12T13:45:00+00:00,2018-02-12T14:15:00+00:00,2018-02-09T00:00:00+00:00,2018-02-13T09:00:00+00:00
2018-02-19T09:18:13+00:00,2018-02-19T09:15:00+00:00,Monday,9,"[""h3_atr_change_4"", ""h3_slope_atr_8""]",2.0,141,132.0,2018-02-18T00:00:00+00:00,133.0,33.0,11.0,"[""h3_atr_change_4"", ""h3_slope_atr_8""]",UNEXPLAINED_DATA_GAP,WEEKLY_SEGMENT_WARMUP,True,2018-02-19T09:00:00+00:00,2018-02-19T09:30:00+00:00,2018-02-16T22:00:00+00:00,2018-02-20T09:00:00+00:00
2018-02-19T15:59:42+00:00,2018-02-19T15:45:00+00:00,Monday,15,"[""h3_atr_change_4"", ""h3_slope_atr_8""]",2.0,141,158.0,2018-02-18T00:00:00+00:00,159.0,39.0,13.0,"[""h3_atr_change_4"", ""h3_slope_atr_8""]",UNEXPLAINED_DATA_GAP,WEEKLY_SEGMENT_WARMUP,True,2018-02-19T15:30:00+00:00,2018-02-19T16:00:00+00:00,2018-02-16T22:00:00+00:00,2018-02-20T09:00:00+00:00
2018-02-20T01:43:15+00:00,2018-02-20T01:30:00+00:00,Tuesday,1,"[""h3_atr_change_4""]",1.0,141,197.0,2018-02-18T00:00:00+00:00,198.0,49.0,16.0,"[""h3_atr_change_4""]",UNEXPLAINED_DATA_GAP,WEEKLY_SEGMENT_WARMUP,True,2018-02-20T01:15:00+00:00,2018-02-20T01:45:00+00:00,2018-02-16T22:00:00+00:00,2018-02-20T09:00:00+00:00
2018-02-20T08:00:00+00:00,2018-02-20T08:00:00+00:00,Tuesday,8,"[""h3_atr_change_4""]",1.0,141,223.0,2018-02-18T00:00:00+00:00,224.0,56.0,18.0,"[""h3_atr_change_4""]",UNEXPLAINED_DATA_GAP,WEEKLY_SEGMENT_WARMUP,True,2018-02-20T07:45:00+00:00,2018-02-20T08:15:00+00:00,2018-02-16T22:00:00+00:00,2018-02-20T09:00:00+00:00
2018-02-26T16:05:59+00:00,2018-02-26T16:00:00+00:00,Monday,16,"[""h3_atr_change_4"", ""h3_slope_atr_8""]",2.0,142,159.0,2018-02-25T00:00:00+00:00,160.0,40.0,13.0,"[""h3_atr_change_4"", ""h3_slope_atr_8""]",UNEXPLAINED_DATA_GAP,WEEKLY_SEGMENT_WARMUP,True,2018-02-26T15:45:00+00:00,2018-02-26T16:15:00+00:00,2018-02-23T22:00:00+00:00,2018-02-27T09:00:00+00:00
2018-03-05T07:45:40+00:00,2018-03-05T07:45:00+00:00,Monday,7,"[""h3_atr_change_4"", ""h3_slope_atr_8""]",2.0,143,126.0,2018-03-04T00:00:00+00:00,127.0,31.0,10.0,"[""h3_atr_change_4"", ""h3_slope_atr_8""]",UNEXPLAINED_DATA_GAP,WEEKLY_SEGMENT_WARMUP,True,2018-03-05T07:30:00+00:00,2018-03-05T08:00:00+00:00,2018-03-02T22:00:00+00:00,2018-03-06T09:00:00+00:00
2018-03-05T08:01:28+00:00,2018-03-05T08:00:00+00:00,Monday,8,"[""h3_atr_change_4"", ""h3_slope_atr_8""]",2.0,143,127.0,2018-03-04T00:00:00+00:00,128.0,32.0,10.0,"[""h3_atr_change_4"", ""h3_slope_atr_8""]",UNEXPLAINED_DATA_GAP,WEEKLY_SEGMENT_WARMUP,True,2018-03-05T07:45:00+00:00,2018-03-05T08:15:00+00:00,2018-03-02T22:00:00+00:00,2018-03-06T09:00:00+00:00
2018-03-05T11:37:04+00:00,2018-03-05T11:30:00+00:00,Monday,11,"[""h3_atr_change_4"", ""h3_slope_atr_8""]",2.0,143,141.0,2018-03-04T00:00:00+00:00,142.0,35.0,11.0,"[""h3_atr_change_4"", ""h3_slope_atr_8""]",UNEXPLAINED_DATA_GAP,WEEKLY_SEGMENT_WARMUP,True,2018-03-05T11:15:00+00:00,2018-03-05T11:45:00+00:00,2018-03-02T22:00:00+00:00,2018-03-06T09:00:00+00:00
2018-03-06T08:28:40+00:00,2018-03-06T08:15:00+00:00,Tuesday,8,"[""h3_atr_change_4""]",1.0,143,224.0,2018-03-04T00:00:00+00:00,225.0,56.0,18.0,"[""h3_atr_change_4""]",UNEXPLAINED_DATA_GAP,WEEKLY_SEGMENT_WARMUP,True,2018-03-06T08:00:00+00:00,2018-03-06T08:30:00+00:00,2018-03-02T22:00:00+00:00,2018-03-06T09:00:00+00:00
2018-03-12T04:05:20+00:00,2018-03-12T04:00:00+00:00,Monday,4,"[""h3_atr_change_4"", ""h3_slope_atr_8""]",2.0,144,111.0,2018-03-11T00:00:00+00:00,112.0,28.0,9.0,"[""h3_atr_change_4"", ""h3_slope_atr_8""]",UNEXPLAINED_DATA_GAP,WEEKLY_SEGMENT_WARMUP,True,2018-03-12T03:45:00+00:00,2018-03-12T04:15:00+00:00,2018-03-09T22:00:00+00:00,2018-03-13T09:00:00+00:00
2018-03-12T14:29:40+00:00,2018-03-12T14:15:00+00:00,Monday,14,"[""h3_atr_change_4"", ""h3_slope_atr_8""]",2.0,144,152.0,2018-03-11T00:00:00+00:00,153.0,38.0,12.0,"[""h3_atr_change_4"", ""h3_slope_atr_8""]",UNEXPLAINED_DATA_GAP,WEEKLY_SEGMENT_WARMUP,True,2018-03-12T14:00:00+00:00,2018-03-12T14:30:00+00:00,2018-03-09T22:00:00+00:00,2018-03-13T09:00:00+00:00
2018-03-19T07:00:59+00:00,2018-03-19T07:00:00+00:00,Monday,7,"[""h3_atr_change_4"", ""h3_slope_atr_8""]",2.0,145,123.0,2018-03-18T00:00:00+00:00,124.0,31.0,10.0,"[""h3_atr_change_4"", ""h3_slope_atr_8""]",UNEXPLAINED_DATA_GAP,WEEKLY_SEGMENT_WARMUP,True,2018-03-19T06:45:00+00:00,2018-03-19T07:15:00+00:00,2018-03-16T21:00:00+00:00,2018-03-20T09:00:00+00:00
2018-03-20T08:04:16+00:00,2018-03-20T08:00:00+00:00,Tuesday,8,"[""h3_atr_change_4""]",1.0,145,223.0,2018-03-18T00:00:00+00:00,224.0,56.0,18.0,"[""h3_atr_change_4""]",UNEXPLAINED_DATA_GAP,WEEKLY_SEGMENT_WARMUP,True,2018-03-20T07:45:00+00:00,2018-03-20T08:15:00+00:00,2018-03-16T21:00:00+00:00,2018-03-20T09:00:00+00:00
2018-03-26T08:56:25+00:00,2018-03-26T08:45:00+00:00,Monday,8,"[""h3_atr_change_4"", ""h3_slope_atr_8""]",2.0,146,130.0,2018-03-25T00:00:00+00:00,131.0,32.0,10.0,"[""h3_atr_change_4"", ""h3_slope_atr_8""]",UNEXPLAINED_DATA_GAP,WEEKLY_SEGMENT_WARMUP,True,2018-03-26T08:30:00+00:00,2018-03-26T09:00:00+00:00,2018-03-23T21:00:00+00:00,2018-03-27T09:00:00+00:00
2018-03-27T04:28:31+00:00,2018-03-27T04:15:00+00:00,Tuesday,4,"[""h3_atr_change_4""]",1.0,146,208.0,2018-03-25T00:00:00+00:00,209.0,52.0,17.0,"[""h3_atr_change_4""]",UNEXPLAINED_DATA_GAP,WEEKLY_SEGMENT_WARMUP,True,2018-03-27T04:00:00+00:00,2018-03-27T04:30:00+00:00,2018-03-23T21:00:00+00:00,2018-03-27T09:00:00+00:00
2018-03-27T08:33:04+00:00,2018-03-27T08:30:00+00:00,Tuesday,8,"[""h3_atr_change_4""]",1.0,146,225.0,2018-03-25T00:00:00+00:00,226.0,56.0,18.0,"[""h3_atr_change_4""]",UNEXPLAINED_DATA_GAP,WEEKLY_SEGMENT_WARMUP,True,2018-03-27T08:15:00+00:00,2018-03-27T08:45:00+00:00,2018-03-23T21:00:00+00:00,2018-03-27T09:00:00+00:00
2018-04-02T16:35:29+00:00,2018-04-02T16:30:00+00:00,Monday,16,,,,,,,,,,,SOURCE_BAR_GAP,True,2018-04-02T00:00:00+00:00,2018-04-03T00:15:00+00:00,2018-03-30T21:00:00+00:00,2018-04-05T09:00:00+00:00
2018-04-03T01:24:37+00:00,2018-04-03T01:15:00+00:00,Tuesday,1,"[""er_16"", ""rv_16"", ""atr_change_1"", ""atr_change_8"", ""slope_atr_4"", ""slope_atr_16"", ""range_pos_16"", ""h1_er_8"", ""h1_atr_change_4"", ""h1_slope_atr_8"", ""h3_er_8"", ""h3_atr_change_4"", ""h3_slope_atr_8""]",13.0,148,4.0,2018-04-03T00:00:00+00:00,5.0,1.0,0.0,"[""er_16"", ""rv_16"", ""atr_change_1"", ""atr_change_8"", ""slope_atr_4"", ""slope_atr_16"", ""range_pos_16"", ""h1_er_8"", ""h1_atr_change_4"", ""h1_slope_atr_8"", ""h3_er_8"", ""h3_atr_change_4"", ""h3_slope_atr_8""]",UNEXPLAINED_DATA_GAP,MIDWEEK_SEGMENT_WARMUP,True,2018-04-03T01:00:00+00:00,2018-04-03T01:30:00+00:00,2018-03-30T21:00:00+00:00,2018-04-05T09:00:00+00:00
2018-04-03T13:50:27+00:00,2018-04-03T13:45:00+00:00,Tuesday,13,"[""h1_atr_change_4"", ""h1_slope_atr_8"", ""h3_er_8"", ""h3_atr_change_4"", ""h3_slope_atr_8""]",5.0,148,54.0,2018-04-03T00:00:00+00:00,55.0,13.0,4.0,"[""h1_atr_change_4"", ""h1_slope_atr_8"", ""h3_er_8"", ""h3_atr_change_4"", ""h3_slope_atr_8""]",UNEXPLAINED_DATA_GAP,MIDWEEK_SEGMENT_WARMUP,True,2018-04-03T13:30:00+00:00,2018-04-03T14:00:00+00:00,2018-03-30T21:00:00+00:00,2018-04-05T09:00:00+00:00
2018-04-03T16:12:27+00:00,2018-04-03T16:00:00+00:00,Tuesday,16,"[""h1_atr_change_4"", ""h3_er_8"", ""h3_atr_change_4"", ""h3_slope_atr_8""]",4.0,148,63.0,2018-04-03T00:00:00+00:00,64.0,16.0,5.0,"[""h1_atr_change_4"", ""h3_er_8"", ""h3_atr_change_4"", ""h3_slope_atr_8""]",UNEXPLAINED_DATA_GAP,MIDWEEK_SEGMENT_WARMUP,True,2018-04-03T15:45:00+00:00,2018-04-03T16:15:00+00:00,2018-03-30T21:00:00+00:00,2018-04-05T09:00:00+00:00
2018-04-04T20:19:37+00:00,2018-04-04T20:15:00+00:00,Wednesday,20,"[""h3_atr_change_4"", ""h3_slope_atr_8""]",2.0,148,176.0,2018-04-03T00:00:00+00:00,177.0,44.0,14.0,"[""h3_atr_change_4"", ""h3_slope_atr_8""]",UNEXPLAINED_DATA_GAP,MIDWEEK_SEGMENT_WARMUP,True,2018-04-04T20:00:00+00:00,2018-04-04T20:30:00+00:00,2018-03-30T21:00:00+00:00,2018-04-05T09:00:00+00:00
2018-04-09T04:03:27+00:00,2018-04-09T04:00:00+00:00,Monday,4,"[""h3_atr_change_4"", ""h3_slope_atr_8""]",2.0,149,111.0,2018-04-08T00:00:00+00:00,112.0,28.0,9.0,"[""h3_atr_change_4"", ""h3_slope_atr_8""]",UNEXPLAINED_DATA_GAP,WEEKLY_SEGMENT_WARMUP,True,2018-04-09T03:45:00+00:00,2018-04-09T04:15:00+00:00,2018-04-06T21:00:00+00:00,2018-04-10T09:00:00+00:00
2018-04-09T10:01:38+00:00,2018-04-09T10:00:00+00:00,Monday,10,"[""h3_atr_change_4"", ""h3_slope_atr_8""]",2.0,149,135.0,2018-04-08T00:00:00+00:00,136.0,34.0,11.0,"[""h3_atr_change_4"", ""h3_slope_atr_8""]",UNEXPLAINED_DATA_GAP,WEEKLY_SEGMENT_WARMUP,True,2018-04-09T09:45:00+00:00,2018-04-09T10:15:00+00:00,2018-04-06T21:00:00+00:00,2018-04-10T09:00:00+00:00
2018-04-09T22:26:40+00:00,2018-04-09T22:15:00+00:00,Monday,22,"[""h3_atr_change_4""]",1.0,149,184.0,2018-04-08T00:00:00+00:00,185.0,46.0,15.0,"[""h3_atr_change_4""]",UNEXPLAINED_DATA_GAP,WEEKLY_SEGMENT_WARMUP,True,2018-04-09T22:00:00+00:00,2018-04-09T22:30:00+00:00,2018-04-06T21:00:00+00:00,2018-04-10T09:00:00+00:00
2018-04-10T02:58:35+00:00,2018-04-10T02:45:00+00:00,Tuesday,2,"[""h3_atr_change_4""]",1.0,149,202.0,2018-04-08T00:00:00+00:00,203.0,50.0,16.0,"[""h3_atr_change_4""]",UNEXPLAINED_DATA_GAP,WEEKLY_SEGMENT_WARMUP,True,2018-04-10T02:30:00+00:00,2018-04-10T03:00:00+00:00,2018-04-06T21:00:00+00:00,2018-04-10T09:00:00+00:00
2018-04-10T04:26:29+00:00,2018-04-10T04:15:00+00:00,Tuesday,4,"[""h3_atr_change_4""]",1.0,149,208.0,2018-04-08T00:00:00+00:00,209.0,52.0,17.0,"[""h3_atr_change_4""]",UNEXPLAINED_DATA_GAP,WEEKLY_SEGMENT_WARMUP,True,2018-04-10T04:00:00+00:00,2018-04-10T04:30:00+00:00,2018-04-06T21:00:00+00:00,2018-04-10T09:00:00+00:00
2018-04-16T07:07:31+00:00,2018-04-16T07:00:00+00:00,Monday,7,"[""h3_atr_change_4"", ""h3_slope_atr_8""]",2.0,150,123.0,2018-04-15T00:00:00+00:00,124.0,31.0,10.0,"[""h3_atr_change_4"", ""h3_slope_atr_8""]",UNEXPLAINED_DATA_GAP,WEEKLY_SEGMENT_WARMUP,True,2018-04-16T06:45:00+00:00,2018-04-16T07:15:00+00:00,2018-04-13T21:00:00+00:00,2018-04-17T09:00:00+00:00
2018-04-17T01:05:24+00:00,2018-04-17T01:00:00+00:00,Tuesday,1,"[""h3_atr_change_4""]",1.0,150,195.0,2018-04-15T00:00:00+00:00,196.0,49.0,16.0,"[""h3_atr_change_4""]",UNEXPLAINED_DATA_GAP,WEEKLY_SEGMENT_WARMUP,True,2018-04-17T00:45:00+00:00,2018-04-17T01:15:00+00:00,2018-04-13T21:00:00+00:00,2018-04-17T09:00:00+00:00
2018-04-17T05:18:44+00:00,2018-04-17T05:15:00+00:00,Tuesday,5,"[""h3_atr_change_4""]",1.0,150,212.0,2018-04-15T00:00:00+00:00,213.0,53.0,17.0,"[""h3_atr_change_4""]",UNEXPLAINED_DATA_GAP,WEEKLY_SEGMENT_WARMUP,True,2018-04-17T05:00:00+00:00,2018-04-17T05:30:00+00:00,2018-04-13T21:00:00+00:00,2018-04-17T09:00:00+00:00
2018-04-20T22:20:35+00:00,2018-04-20T22:15:00+00:00,Friday,22,,,,,,,,,,,SOURCE_BAR_GAP,True,2018-04-20T21:00:00+00:00,2018-04-22T00:15:00+00:00,2018-04-20T21:00:00+00:00,2018-04-24T09:00:00+00:00
2018-04-23T08:33:43+00:00,2018-04-23T08:30:00+00:00,Monday,8,"[""h3_atr_change_4"", ""h3_slope_atr_8""]",2.0,151,129.0,2018-04-22T00:00:00+00:00,130.0,32.0,10.0,"[""h3_atr_change_4"", ""h3_slope_atr_8""]",UNEXPLAINED_DATA_GAP,WEEKLY_SEGMENT_WARMUP,True,2018-04-23T08:15:00+00:00,2018-04-23T08:45:00+00:00,2018-04-20T21:00:00+00:00,2018-04-24T09:00:00+00:00
2018-04-23T10:34:31+00:00,2018-04-23T10:30:00+00:00,Monday,10,"[""h3_atr_change_4"", ""h3_slope_atr_8""]",2.0,151,137.0,2018-04-22T00:00:00+00:00,138.0,34.0,11.0,"[""h3_atr_change_4"", ""h3_slope_atr_8""]",UNEXPLAINED_DATA_GAP,WEEKLY_SEGMENT_WARMUP,True,2018-04-23T10:15:00+00:00,2018-04-23T10:45:00+00:00,2018-04-20T21:00:00+00:00,2018-04-24T09:00:00+00:00
2018-04-23T16:50:39+00:00,2018-04-23T16:45:00+00:00,Monday,16,"[""h3_atr_change_4"", ""h3_slope_atr_8""]",2.0,151,162.0,2018-04-22T00:00:00+00:00,163.0,40.0,13.0,"[""h3_atr_change_4"", ""h3_slope_atr_8""]",UNEXPLAINED_DATA_GAP,WEEKLY_SEGMENT_WARMUP,True,2018-04-23T16:30:00+00:00,2018-04-23T17:00:00+00:00,2018-04-20T21:00:00+00:00,2018-04-24T09:00:00+00:00
2018-04-24T04:04:18+00:00,2018-04-24T04:00:00+00:00,Tuesday,4,"[""h3_atr_change_4""]",1.0,151,207.0,2018-04-22T00:00:00+00:00,208.0,52.0,17.0,"[""h3_atr_change_4""]",UNEXPLAINED_DATA_GAP,WEEKLY_SEGMENT_WARMUP,True,2018-04-24T03:45:00+00:00,2018-04-24T04:15:00+00:00,2018-04-20T21:00:00+00:00,2018-04-24T09:00:00+00:00
2018-04-30T04:05:26+00:00,2018-04-30T04:00:00+00:00,Monday,4,"[""h3_atr_change_4"", ""h3_slope_atr_8""]",2.0,152,111.0,2018-04-29T00:00:00+00:00,112.0,28.0,9.0,"[""h3_atr_change_4"", ""h3_slope_atr_8""]",UNEXPLAINED_DATA_GAP,WEEKLY_SEGMENT_WARMUP,True,2018-04-30T03:45:00+00:00,2018-04-30T04:15:00+00:00,2018-04-27T21:00:00+00:00,2018-05-01T09:00:00+00:00
2018-04-30T10:23:39+00:00,2018-04-30T10:15:00+00:00,Monday,10,"[""h3_atr_change_4"", ""h3_slope_atr_8""]",2.0,152,136.0,2018-04-29T00:00:00+00:00,137.0,34.0,11.0,"[""h3_atr_change_4"", ""h3_slope_atr_8""]",UNEXPLAINED_DATA_GAP,WEEKLY_SEGMENT_WARMUP,True,2018-04-30T10:00:00+00:00,2018-04-30T10:30:00+00:00,2018-04-27T21:00:00+00:00,2018-05-01T09:00:00+00:00
2018-04-30T13:31:05+00:00,2018-04-30T13:30:00+00:00,Monday,13,"[""h3_atr_change_4"", ""h3_slope_atr_8""]",2.0,152,149.0,2018-04-29T00:00:00+00:00,150.0,37.0,12.0,"[""h3_atr_change_4"", ""h3_slope_atr_8""]",UNEXPLAINED_DATA_GAP,WEEKLY_SEGMENT_WARMUP,True,2018-04-30T13:15:00+00:00,2018-04-30T13:45:00+00:00,2018-04-27T21:00:00+00:00,2018-05-01T09:00:00+00:00
2018-05-01T01:00:40+00:00,2018-05-01T01:00:00+00:00,Tuesday,1,"[""h3_atr_change_4""]",1.0,152,195.0,2018-04-29T00:00:00+00:00,196.0,49.0,16.0,"[""h3_atr_change_4""]",UNEXPLAINED_DATA_GAP,WEEKLY_SEGMENT_WARMUP,True,2018-05-01T00:45:00+00:00,2018-05-01T01:15:00+00:00,2018-04-27T21:00:00+00:00,2018-05-01T09:00:00+00:00
2018-05-01T04:16:15+00:00,2018-05-01T04:15:00+00:00,Tuesday,4,"[""h3_atr_change_4""]",1.0,152,208.0,2018-04-29T00:00:00+00:00,209.0,52.0,17.0,"[""h3_atr_change_4""]",UNEXPLAINED_DATA_GAP,WEEKLY_SEGMENT_WARMUP,True,2018-05-01T04:00:00+00:00,2018-05-01T04:30:00+00:00,2018-04-27T21:00:00+00:00,2018-05-01T09:00:00+00:00
2018-05-04T03:42:37+00:00,2018-05-04T03:30:00+00:00,Friday,3,,,,,,,,,,,SOURCE_BAR_GAP,True,2018-05-04T00:00:00+00:00,2018-05-06T00:15:00+00:00,2018-05-04T00:00:00+00:00,2018-05-08T09:00:00+00:00
2018-05-04T09:10:04+00:00,2018-05-04T09:00:00+00:00,Friday,9,,,,,,,,,,,SOURCE_BAR_GAP,True,2018-05-04T00:00:00+00:00,2018-05-06T00:15:00+00:00,2018-05-04T00:00:00+00:00,2018-05-08T09:00:00+00:00
2018-05-04T16:02:42+00:00,2018-05-04T16:00:00+00:00,Friday,16,,,,,,,,,,,SOURCE_BAR_GAP,True,2018-05-04T00:00:00+00:00,2018-05-06T00:15:00+00:00,2018-05-04T00:00:00+00:00,2018-05-08T09:00:00+00:00
2018-05-07T07:02:40+00:00,2018-05-07T07:00:00+00:00,Monday,7,"[""h3_atr_change_4"", ""h3_slope_atr_8""]",2.0,153,123.0,2018-05-06T00:00:00+00:00,124.0,31.0,10.0,"[""h3_atr_change_4"", ""h3_slope_atr_8""]",UNEXPLAINED_DATA_GAP,MIDWEEK_SEGMENT_WARMUP,True,2018-05-07T06:45:00+00:00,2018-05-07T07:15:00+00:00,2018-05-04T00:00:00+00:00,2018-05-08T09:00:00+00:00
2018-05-07T13:59:17+00:00,2018-05-07T13:45:00+00:00,Monday,13,"[""h3_atr_change_4"", ""h3_slope_atr_8""]",2.0,153,150.0,2018-05-06T00:00:00+00:00,151.0,37.0,12.0,"[""h3_atr_change_4"", ""h3_slope_atr_8""]",UNEXPLAINED_DATA_GAP,MIDWEEK_SEGMENT_WARMUP,True,2018-05-07T13:30:00+00:00,2018-05-07T14:00:00+00:00,2018-05-04T00:00:00+00:00,2018-05-08T09:00:00+00:00
2018-05-07T22:00:38+00:00,2018-05-07T22:00:00+00:00,Monday,22,"[""h3_atr_change_4""]",1.0,153,183.0,2018-05-06T00:00:00+00:00,184.0,46.0,15.0,"[""h3_atr_change_4""]",UNEXPLAINED_DATA_GAP,MIDWEEK_SEGMENT_WARMUP,True,2018-05-07T21:45:00+00:00,2018-05-07T22:15:00+00:00,2018-05-04T00:00:00+00:00,2018-05-08T09:00:00+00:00
2018-05-14T07:02:38+00:00,2018-05-14T07:00:00+00:00,Monday,7,"[""h3_atr_change_4"", ""h3_slope_atr_8""]",2.0,154,123.0,2018-05-13T00:00:00+00:00,124.0,31.0,10.0,"[""h3_atr_change_4"", ""h3_slope_atr_8""]",UNEXPLAINED_DATA_GAP,WEEKLY_SEGMENT_WARMUP,True,2018-05-14T06:45:00+00:00,2018-05-14T07:15:00+00:00,2018-05-11T21:00:00+00:00,2018-05-15T09:00:00+00:00
2018-05-14T17:21:41+00:00,2018-05-14T17:15:00+00:00,Monday,17,"[""h3_atr_change_4"", ""h3_slope_atr_8""]",2.0,154,164.0,2018-05-13T00:00:00+00:00,165.0,41.0,13.0,"[""h3_atr_change_4"", ""h3_slope_atr_8""]",UNEXPLAINED_DATA_GAP,WEEKLY_SEGMENT_WARMUP,True,2018-05-14T17:00:00+00:00,2018-05-14T17:30:00+00:00,2018-05-11T21:00:00+00:00,2018-05-15T09:00:00+00:00
2018-05-14T20:19:40+00:00,2018-05-14T20:15:00+00:00,Monday,20,"[""h3_atr_change_4"", ""h3_slope_atr_8""]",2.0,154,176.0,2018-05-13T00:00:00+00:00,177.0,44.0,14.0,"[""h3_atr_change_4"", ""h3_slope_atr_8""]",UNEXPLAINED_DATA_GAP,WEEKLY_SEGMENT_WARMUP,True,2018-05-14T20:00:00+00:00,2018-05-14T20:30:00+00:00,2018-05-11T21:00:00+00:00,2018-05-15T09:00:00+00:00
2018-05-15T07:15:29+00:00,2018-05-15T07:15:00+00:00,Tuesday,7,"[""h3_atr_change_4""]",1.0,154,220.0,2018-05-13T00:00:00+00:00,221.0,55.0,18.0,"[""h3_atr_change_4""]",UNEXPLAINED_DATA_GAP,WEEKLY_SEGMENT_WARMUP,True,2018-05-15T07:00:00+00:00,2018-05-15T07:30:00+00:00,2018-05-11T21:00:00+00:00,2018-05-15T09:00:00+00:00
2018-05-18T22:34:32+00:00,2018-05-18T22:30:00+00:00,Friday,22,,,,,,,,,,,SOURCE_BAR_GAP,True,2018-05-18T21:00:00+00:00,2018-05-20T00:15:00+00:00,2018-05-18T21:00:00+00:00,2018-05-22T09:00:00+00:00
2018-05-21T19:00:18+00:00,2018-05-21T19:00:00+00:00,Monday,19,"[""h3_atr_change_4"", ""h3_slope_atr_8""]",2.0,155,171.0,2018-05-20T00:00:00+00:00,172.0,43.0,14.0,"[""h3_atr_change_4"", ""h3_slope_atr_8""]",UNEXPLAINED_DATA_GAP,WEEKLY_SEGMENT_WARMUP,True,2018-05-21T18:45:00+00:00,2018-05-21T19:15:00+00:00,2018-05-18T21:00:00+00:00,2018-05-22T09:00:00+00:00
2018-05-22T04:04:41+00:00,2018-05-22T04:00:00+00:00,Tuesday,4,"[""h3_atr_change_4""]",1.0,155,207.0,2018-05-20T00:00:00+00:00,208.0,52.0,17.0,"[""h3_atr_change_4""]",UNEXPLAINED_DATA_GAP,WEEKLY_SEGMENT_WARMUP,True,2018-05-22T03:45:00+00:00,2018-05-22T04:15:00+00:00,2018-05-18T21:00:00+00:00,2018-05-22T09:00:00+00:00
2018-05-25T22:40:04+00:00,2018-05-25T22:30:00+00:00,Friday,22,,,,,,,,,,,SOURCE_BAR_GAP,True,2018-05-25T21:00:00+00:00,2018-05-27T00:15:00+00:00,2018-05-25T21:00:00+00:00,2018-05-29T09:00:00+00:00
2018-05-28T10:15:28+00:00,2018-05-28T10:15:00+00:00,Monday,10,"[""h3_atr_change_4"", ""h3_slope_atr_8""]",2.0,156,136.0,2018-05-27T00:00:00+00:00,137.0,34.0,11.0,"[""h3_atr_change_4"", ""h3_slope_atr_8""]",UNEXPLAINED_DATA_GAP,WEEKLY_SEGMENT_WARMUP,True,2018-05-28T10:00:00+00:00,2018-05-28T10:30:00+00:00,2018-05-25T21:00:00+00:00,2018-05-29T09:00:00+00:00
2018-05-28T15:33:37+00:00,2018-05-28T15:30:00+00:00,Monday,15,"[""h3_atr_change_4"", ""h3_slope_atr_8""]",2.0,156,157.0,2018-05-27T00:00:00+00:00,158.0,39.0,13.0,"[""h3_atr_change_4"", ""h3_slope_atr_8""]",UNEXPLAINED_DATA_GAP,WEEKLY_SEGMENT_WARMUP,True,2018-05-28T15:15:00+00:00,2018-05-28T15:45:00+00:00,2018-05-25T21:00:00+00:00,2018-05-29T09:00:00+00:00
2018-06-04T17:39:04+00:00,2018-06-04T17:30:00+00:00,Monday,17,"[""h3_atr_change_4"", ""h3_slope_atr_8""]",2.0,157,165.0,2018-06-03T00:00:00+00:00,166.0,41.0,13.0,"[""h3_atr_change_4"", ""h3_slope_atr_8""]",UNEXPLAINED_DATA_GAP,WEEKLY_SEGMENT_WARMUP,True,2018-06-04T17:15:00+00:00,2018-06-04T17:45:00+00:00,2018-06-01T21:00:00+00:00,2018-06-05T09:00:00+00:00
2018-06-08T22:34:32+00:00,2018-06-08T22:30:00+00:00,Friday,22,,,,,,,,,,,SOURCE_BAR_GAP,True,2018-06-08T21:00:00+00:00,2018-06-10T00:15:00+00:00,2018-06-08T21:00:00+00:00,2018-06-12T09:00:00+00:00
2018-06-11T12:33:39+00:00,2018-06-11T12:30:00+00:00,Monday,12,"[""h3_atr_change_4"", ""h3_slope_atr_8""]",2.0,158,145.0,2018-06-10T00:00:00+00:00,146.0,36.0,12.0,"[""h3_atr_change_4"", ""h3_slope_atr_8""]",UNEXPLAINED_DATA_GAP,WEEKLY_SEGMENT_WARMUP,True,2018-06-11T12:15:00+00:00,2018-06-11T12:45:00+00:00,2018-06-08T21:00:00+00:00,2018-06-12T09:00:00+00:00
2018-06-11T19:08:59+00:00,2018-06-11T19:00:00+00:00,Monday,19,"[""h3_atr_change_4"", ""h3_slope_atr_8""]",2.0,158,171.0,2018-06-10T00:00:00+00:00,172.0,43.0,14.0,"[""h3_atr_change_4"", ""h3_slope_atr_8""]",UNEXPLAINED_DATA_GAP,WEEKLY_SEGMENT_WARMUP,True,2018-06-11T18:45:00+00:00,2018-06-11T19:15:00+00:00,2018-06-08T21:00:00+00:00,2018-06-12T09:00:00+00:00
2018-06-18T00:01:00+00:00,2018-06-18T00:00:00+00:00,Monday,0,"[""h1_atr_change_4"", ""h3_er_8"", ""h3_atr_change_4"", ""h3_slope_atr_8""]",4.0,159,95.0,2018-06-17T00:00:00+00:00,96.0,24.0,8.0,"[""h3_er_8"", ""h3_atr_change_4"", ""h3_slope_atr_8""]",UNEXPLAINED_DATA_GAP,SPECIFIC_FEATURE_INCOMPLETE,False,2018-06-17T23:45:00+00:00,2018-06-18T00:15:00+00:00,2018-06-15T21:00:00+00:00,2018-06-19T09:00:00+00:00
2018-06-18T19:03:29+00:00,2018-06-18T19:00:00+00:00,Monday,19,"[""h3_atr_change_4"", ""h3_slope_atr_8""]",2.0,159,171.0,2018-06-17T00:00:00+00:00,172.0,43.0,14.0,"[""h3_atr_change_4"", ""h3_slope_atr_8""]",UNEXPLAINED_DATA_GAP,WEEKLY_SEGMENT_WARMUP,True,2018-06-18T18:45:00+00:00,2018-06-18T19:15:00+00:00,2018-06-15T21:00:00+00:00,2018-06-19T09:00:00+00:00
2018-06-19T07:17:40+00:00,2018-06-19T07:15:00+00:00,Tuesday,7,"[""h3_atr_change_4""]",1.0,159,220.0,2018-06-17T00:00:00+00:00,221.0,55.0,18.0,"[""h3_atr_change_4""]",UNEXPLAINED_DATA_GAP,WEEKLY_SEGMENT_WARMUP,True,2018-06-19T07:00:00+00:00,2018-06-19T07:30:00+00:00,2018-06-15T21:00:00+00:00,2018-06-19T09:00:00+00:00
2018-06-25T05:39:30+00:00,2018-06-25T05:30:00+00:00,Monday,5,"[""h3_atr_change_4"", ""h3_slope_atr_8""]",2.0,160,117.0,2018-06-24T00:00:00+00:00,118.0,29.0,9.0,"[""h3_atr_change_4"", ""h3_slope_atr_8""]",UNEXPLAINED_DATA_GAP,WEEKLY_SEGMENT_WARMUP,True,2018-06-25T05:15:00+00:00,2018-06-25T05:45:00+00:00,2018-06-22T21:00:00+00:00,2018-06-26T09:00:00+00:00
2018-06-25T07:01:39+00:00,2018-06-25T07:00:00+00:00,Monday,7,"[""h3_atr_change_4"", ""h3_slope_atr_8""]",2.0,160,123.0,2018-06-24T00:00:00+00:00,124.0,31.0,10.0,"[""h3_atr_change_4"", ""h3_slope_atr_8""]",UNEXPLAINED_DATA_GAP,WEEKLY_SEGMENT_WARMUP,True,2018-06-25T06:45:00+00:00,2018-06-25T07:15:00+00:00,2018-06-22T21:00:00+00:00,2018-06-26T09:00:00+00:00
2018-06-27T14:33:41+00:00,2018-06-27T14:30:00+00:00,Wednesday,14,,,,,,,,,,,SOURCE_BAR_GAP,True,2018-06-27T00:00:00+00:00,2018-06-28T00:15:00+00:00,2018-06-27T00:00:00+00:00,2018-07-05T09:00:00+00:00
2018-06-27T19:37:13+00:00,2018-06-27T19:30:00+00:00,Wednesday,19,,,,,,,,,,,SOURCE_BAR_GAP,True,2018-06-27T00:00:00+00:00,2018-06-28T00:15:00+00:00,2018-06-27T00:00:00+00:00,2018-07-05T09:00:00+00:00
2018-06-28T02:18:05+00:00,2018-06-28T02:15:00+00:00,Thursday,2,"[""er_16"", ""rv_16"", ""atr_change_1"", ""atr_change_8"", ""slope_atr_4"", ""slope_atr_16"", ""range_pos_16"", ""h1_er_8"", ""h1_atr_change_4"", ""h1_slope_atr_8"", ""h3_er_8"", ""h3_atr_change_4"", ""h3_slope_atr_8""]",13.0,161,8.0,2018-06-28T00:00:00+00:00,9.0,2.0,0.0,"[""er_16"", ""rv_16"", ""atr_change_1"", ""atr_change_8"", ""slope_atr_4"", ""slope_atr_16"", ""range_pos_16"", ""h1_er_8"", ""h1_atr_change_4"", ""h1_slope_atr_8"", ""h3_er_8"", ""h3_atr_change_4"", ""h3_slope_atr_8""]",UNEXPLAINED_DATA_GAP,MIDWEEK_SEGMENT_WARMUP,True,2018-06-28T02:00:00+00:00,2018-06-28T02:30:00+00:00,2018-06-27T00:00:00+00:00,2018-07-05T09:00:00+00:00
2018-06-28T07:59:35+00:00,2018-06-28T07:45:00+00:00,Thursday,7,"[""h1_er_8"", ""h1_atr_change_4"", ""h1_slope_atr_8"", ""h3_er_8"", ""h3_atr_change_4"", ""h3_slope_atr_8""]",6.0,161,30.0,2018-06-28T00:00:00+00:00,31.0,7.0,2.0,"[""h1_er_8"", ""h1_atr_change_4"", ""h1_slope_atr_8"", ""h3_er_8"", ""h3_atr_change_4"", ""h3_slope_atr_8""]",UNEXPLAINED_DATA_GAP,MIDWEEK_SEGMENT_WARMUP,True,2018-06-28T07:30:00+00:00,2018-06-28T08:00:00+00:00,2018-06-27T00:00:00+00:00,2018-07-05T09:00:00+00:00
2018-06-28T16:04:41+00:00,2018-06-28T16:00:00+00:00,Thursday,16,"[""h1_atr_change_4"", ""h3_er_8"", ""h3_atr_change_4"", ""h3_slope_atr_8""]",4.0,161,63.0,2018-06-28T00:00:00+00:00,64.0,16.0,5.0,"[""h1_atr_change_4"", ""h3_er_8"", ""h3_atr_change_4"", ""h3_slope_atr_8""]",UNEXPLAINED_DATA_GAP,MIDWEEK_SEGMENT_WARMUP,True,2018-06-28T15:45:00+00:00,2018-06-28T16:15:00+00:00,2018-06-27T00:00:00+00:00,2018-07-05T09:00:00+00:00
2018-06-29T10:09:42+00:00,2018-06-29T10:00:00+00:00,Friday,10,"[""h3_atr_change_4"", ""h3_slope_atr_8""]",2.0,161,135.0,2018-06-28T00:00:00+00:00,136.0,34.0,11.0,"[""h3_atr_change_4"", ""h3_slope_atr_8""]",UNEXPLAINED_DATA_GAP,MIDWEEK_SEGMENT_WARMUP,True,2018-06-29T09:45:00+00:00,2018-06-29T10:15:00+00:00,2018-06-27T00:00:00+00:00,2018-07-05T09:00:00+00:00
2018-06-29T16:05:40+00:00,2018-06-29T16:00:00+00:00,Friday,16,"[""h3_atr_change_4"", ""h3_slope_atr_8""]",2.0,161,159.0,2018-06-28T00:00:00+00:00,160.0,40.0,13.0,"[""h3_atr_change_4"", ""h3_slope_atr_8""]",UNEXPLAINED_DATA_GAP,MIDWEEK_SEGMENT_WARMUP,True,2018-06-29T15:45:00+00:00,2018-06-29T16:15:00+00:00,2018-06-27T00:00:00+00:00,2018-07-05T09:00:00+00:00
2018-07-02T04:12:41+00:00,2018-07-02T04:00:00+00:00,Monday,4,,,,,,,,,,,SOURCE_BAR_GAP,True,2018-07-02T00:00:00+00:00,2018-07-03T00:15:00+00:00,2018-06-27T00:00:00+00:00,2018-07-05T09:00:00+00:00
2018-07-02T18:14:30+00:00,2018-07-02T18:00:00+00:00,Monday,18,,,,,,,,,,,SOURCE_BAR_GAP,True,2018-07-02T00:00:00+00:00,2018-07-03T00:15:00+00:00,2018-06-27T00:00:00+00:00,2018-07-05T09:00:00+00:00
2018-07-03T04:04:29+00:00,2018-07-03T04:00:00+00:00,Tuesday,4,"[""er_16"", ""rv_16"", ""atr_change_8"", ""range_pos_16"", ""h1_er_8"", ""h1_atr_change_4"", ""h1_slope_atr_8"", ""h3_er_8"", ""h3_atr_change_4"", ""h3_slope_atr_8""]",10.0,163,15.0,2018-07-03T00:00:00+00:00,16.0,4.0,1.0,"[""er_16"", ""rv_16"", ""atr_change_8"", ""range_pos_16"", ""h1_er_8"", ""h1_atr_change_4"", ""h1_slope_atr_8"", ""h3_er_8"", ""h3_atr_change_4"", ""h3_slope_atr_8""]",UNEXPLAINED_DATA_GAP,MIDWEEK_SEGMENT_WARMUP,True,2018-07-03T03:45:00+00:00,2018-07-03T04:15:00+00:00,2018-06-27T00:00:00+00:00,2018-07-05T09:00:00+00:00
2018-07-03T16:01:19+00:00,2018-07-03T16:00:00+00:00,Tuesday,16,"[""h1_atr_change_4"", ""h3_er_8"", ""h3_atr_change_4"", ""h3_slope_atr_8""]",4.0,163,63.0,2018-07-03T00:00:00+00:00,64.0,16.0,5.0,"[""h1_atr_change_4"", ""h3_er_8"", ""h3_atr_change_4"", ""h3_slope_atr_8""]",UNEXPLAINED_DATA_GAP,MIDWEEK_SEGMENT_WARMUP,True,2018-07-03T15:45:00+00:00,2018-07-03T16:15:00+00:00,2018-06-27T00:00:00+00:00,2018-07-05T09:00:00+00:00
2018-07-03T19:00:26+00:00,2018-07-03T19:00:00+00:00,Tuesday,19,"[""h3_er_8"", ""h3_atr_change_4"", ""h3_slope_atr_8""]",3.0,163,75.0,2018-07-03T00:00:00+00:00,76.0,19.0,6.0,"[""h3_er_8"", ""h3_atr_change_4"", ""h3_slope_atr_8""]",UNEXPLAINED_DATA_GAP,MIDWEEK_SEGMENT_WARMUP,True,2018-07-03T18:45:00+00:00,2018-07-03T19:15:00+00:00,2018-06-27T00:00:00+00:00,2018-07-05T09:00:00+00:00
2018-07-04T10:58:42+00:00,2018-07-04T10:45:00+00:00,Wednesday,10,"[""h3_atr_change_4"", ""h3_slope_atr_8""]",2.0,163,138.0,2018-07-03T00:00:00+00:00,139.0,34.0,11.0,"[""h3_atr_change_4"", ""h3_slope_atr_8""]",UNEXPLAINED_DATA_GAP,MIDWEEK_SEGMENT_WARMUP,True,2018-07-04T10:30:00+00:00,2018-07-04T11:00:00+00:00,2018-06-27T00:00:00+00:00,2018-07-05T09:00:00+00:00
2018-07-05T07:24:38+00:00,2018-07-05T07:15:00+00:00,Thursday,7,"[""h3_atr_change_4""]",1.0,163,220.0,2018-07-03T00:00:00+00:00,221.0,55.0,18.0,"[""h3_atr_change_4""]",UNEXPLAINED_DATA_GAP,MIDWEEK_SEGMENT_WARMUP,True,2018-07-05T07:00:00+00:00,2018-07-05T07:30:00+00:00,2018-06-27T00:00:00+00:00,2018-07-05T09:00:00+00:00
2018-07-09T10:00:17+00:00,2018-07-09T10:00:00+00:00,Monday,10,"[""h3_atr_change_4"", ""h3_slope_atr_8""]",2.0,164,135.0,2018-07-08T00:00:00+00:00,136.0,34.0,11.0,"[""h3_atr_change_4"", ""h3_slope_atr_8""]",UNEXPLAINED_DATA_GAP,WEEKLY_SEGMENT_WARMUP,True,2018-07-09T09:45:00+00:00,2018-07-09T10:15:00+00:00,2018-07-06T21:00:00+00:00,2018-07-10T09:00:00+00:00
2018-07-09T16:59:32+00:00,2018-07-09T16:45:00+00:00,Monday,16,"[""h3_atr_change_4"", ""h3_slope_atr_8""]",2.0,164,162.0,2018-07-08T00:00:00+00:00,163.0,40.0,13.0,"[""h3_atr_change_4"", ""h3_slope_atr_8""]",UNEXPLAINED_DATA_GAP,WEEKLY_SEGMENT_WARMUP,True,2018-07-09T16:30:00+00:00,2018-07-09T17:00:00+00:00,2018-07-06T21:00:00+00:00,2018-07-10T09:00:00+00:00
2018-07-16T04:15:25+00:00,2018-07-16T04:15:00+00:00,Monday,4,"[""h3_atr_change_4"", ""h3_slope_atr_8""]",2.0,165,112.0,2018-07-15T00:00:00+00:00,113.0,28.0,9.0,"[""h3_atr_change_4"", ""h3_slope_atr_8""]",UNEXPLAINED_DATA_GAP,WEEKLY_SEGMENT_WARMUP,True,2018-07-16T04:00:00+00:00,2018-07-16T04:30:00+00:00,2018-07-13T21:00:00+00:00,2018-07-17T09:00:00+00:00
2018-07-16T19:06:30+00:00,2018-07-16T19:00:00+00:00,Monday,19,"[""h3_atr_change_4"", ""h3_slope_atr_8""]",2.0,165,171.0,2018-07-15T00:00:00+00:00,172.0,43.0,14.0,"[""h3_atr_change_4"", ""h3_slope_atr_8""]",UNEXPLAINED_DATA_GAP,WEEKLY_SEGMENT_WARMUP,True,2018-07-16T18:45:00+00:00,2018-07-16T19:15:00+00:00,2018-07-13T21:00:00+00:00,2018-07-17T09:00:00+00:00
2018-07-17T02:54:29+00:00,2018-07-17T02:45:00+00:00,Tuesday,2,"[""h3_atr_change_4""]",1.0,165,202.0,2018-07-15T00:00:00+00:00,203.0,50.0,16.0,"[""h3_atr_change_4""]",UNEXPLAINED_DATA_GAP,WEEKLY_SEGMENT_WARMUP,True,2018-07-17T02:30:00+00:00,2018-07-17T03:00:00+00:00,2018-07-13T21:00:00+00:00,2018-07-17T09:00:00+00:00
2018-07-17T04:14:05+00:00,2018-07-17T04:00:00+00:00,Tuesday,4,"[""h3_atr_change_4""]",1.0,165,207.0,2018-07-15T00:00:00+00:00,208.0,52.0,17.0,"[""h3_atr_change_4""]",UNEXPLAINED_DATA_GAP,WEEKLY_SEGMENT_WARMUP,True,2018-07-17T03:45:00+00:00,2018-07-17T04:15:00+00:00,2018-07-13T21:00:00+00:00,2018-07-17T09:00:00+00:00
2018-07-23T07:12:27+00:00,2018-07-23T07:00:00+00:00,Monday,7,"[""h3_atr_change_4"", ""h3_slope_atr_8""]",2.0,166,123.0,2018-07-22T00:00:00+00:00,124.0,31.0,10.0,"[""h3_atr_change_4"", ""h3_slope_atr_8""]",UNEXPLAINED_DATA_GAP,WEEKLY_SEGMENT_WARMUP,True,2018-07-23T06:45:00+00:00,2018-07-23T07:15:00+00:00,2018-07-20T21:00:00+00:00,2018-07-24T09:00:00+00:00
2018-07-23T20:51:42+00:00,2018-07-23T20:45:00+00:00,Monday,20,"[""h3_atr_change_4"", ""h3_slope_atr_8""]",2.0,166,178.0,2018-07-22T00:00:00+00:00,179.0,44.0,14.0,"[""h3_atr_change_4"", ""h3_slope_atr_8""]",UNEXPLAINED_DATA_GAP,WEEKLY_SEGMENT_WARMUP,True,2018-07-23T20:30:00+00:00,2018-07-23T21:00:00+00:00,2018-07-20T21:00:00+00:00,2018-07-24T09:00:00+00:00
2018-07-24T02:17:05+00:00,2018-07-24T02:15:00+00:00,Tuesday,2,"[""h3_atr_change_4""]",1.0,166,200.0,2018-07-22T00:00:00+00:00,201.0,50.0,16.0,"[""h3_atr_change_4""]",UNEXPLAINED_DATA_GAP,WEEKLY_SEGMENT_WARMUP,True,2018-07-24T02:00:00+00:00,2018-07-24T02:30:00+00:00,2018-07-20T21:00:00+00:00,2018-07-24T09:00:00+00:00
2018-07-24T07:43:17+00:00,2018-07-24T07:30:00+00:00,Tuesday,7,"[""h3_atr_change_4""]",1.0,166,221.0,2018-07-22T00:00:00+00:00,222.0,55.0,18.0,"[""h3_atr_change_4""]",UNEXPLAINED_DATA_GAP,WEEKLY_SEGMENT_WARMUP,True,2018-07-24T07:15:00+00:00,2018-07-24T07:45:00+00:00,2018-07-20T21:00:00+00:00,2018-07-24T09:00:00+00:00
2018-07-26T08:01:28+00:00,2018-07-26T08:00:00+00:00,Thursday,8,,,,,,,,,,,SOURCE_BAR_GAP,True,2018-07-26T00:00:00+00:00,2018-07-29T00:15:00+00:00,2018-07-26T00:00:00+00:00,2018-07-31T09:00:00+00:00
2018-07-26T11:24:34+00:00,2018-07-26T11:15:00+00:00,Thursday,11,,,,,,,,,,,SOURCE_BAR_GAP,True,2018-07-26T00:00:00+00:00,2018-07-29T00:15:00+00:00,2018-07-26T00:00:00+00:00,2018-07-31T09:00:00+00:00
2018-07-26T16:30:41+00:00,2018-07-26T16:30:00+00:00,Thursday,16,,,,,,,,,,,SOURCE_BAR_GAP,True,2018-07-26T00:00:00+00:00,2018-07-29T00:15:00+00:00,2018-07-26T00:00:00+00:00,2018-07-31T09:00:00+00:00
2018-07-27T10:01:38+00:00,2018-07-27T10:00:00+00:00,Friday,10,,,,,,,,,,,SOURCE_BAR_GAP,True,2018-07-26T00:00:00+00:00,2018-07-29T00:15:00+00:00,2018-07-26T00:00:00+00:00,2018-07-31T09:00:00+00:00
2018-07-30T04:36:29+00:00,2018-07-30T04:30:00+00:00,Monday,4,"[""h3_atr_change_4"", ""h3_slope_atr_8""]",2.0,167,113.0,2018-07-29T00:00:00+00:00,114.0,28.0,9.0,"[""h3_atr_change_4"", ""h3_slope_atr_8""]",UNEXPLAINED_DATA_GAP,MIDWEEK_SEGMENT_WARMUP,True,2018-07-30T04:15:00+00:00,2018-07-30T04:45:00+00:00,2018-07-26T00:00:00+00:00,2018-07-31T09:00:00+00:00
2018-07-30T10:06:30+00:00,2018-07-30T10:00:00+00:00,Monday,10,"[""h3_atr_change_4"", ""h3_slope_atr_8""]",2.0,167,135.0,2018-07-29T00:00:00+00:00,136.0,34.0,11.0,"[""h3_atr_change_4"", ""h3_slope_atr_8""]",UNEXPLAINED_DATA_GAP,MIDWEEK_SEGMENT_WARMUP,True,2018-07-30T09:45:00+00:00,2018-07-30T10:15:00+00:00,2018-07-26T00:00:00+00:00,2018-07-31T09:00:00+00:00
2018-07-31T07:00:28+00:00,2018-07-31T07:00:00+00:00,Tuesday,7,"[""h3_atr_change_4""]",1.0,167,219.0,2018-07-29T00:00:00+00:00,220.0,55.0,18.0,"[""h3_atr_change_4""]",UNEXPLAINED_DATA_GAP,MIDWEEK_SEGMENT_WARMUP,True,2018-07-31T06:45:00+00:00,2018-07-31T07:15:00+00:00,2018-07-26T00:00:00+00:00,2018-07-31T09:00:00+00:00
2018-08-06T10:02:59+00:00,2018-08-06T10:00:00+00:00,Monday,10,"[""h3_atr_change_4"", ""h3_slope_atr_8""]",2.0,168,135.0,2018-08-05T00:00:00+00:00,136.0,34.0,11.0,"[""h3_atr_change_4"", ""h3_slope_atr_8""]",UNEXPLAINED_DATA_GAP,WEEKLY_SEGMENT_WARMUP,True,2018-08-06T09:45:00+00:00,2018-08-06T10:15:00+00:00,2018-08-03T21:00:00+00:00,2018-08-07T09:00:00+00:00
2018-08-06T13:02:40+00:00,2018-08-06T13:00:00+00:00,Monday,13,"[""h3_atr_change_4"", ""h3_slope_atr_8""]",2.0,168,147.0,2018-08-05T00:00:00+00:00,148.0,37.0,12.0,"[""h3_atr_change_4"", ""h3_slope_atr_8""]",UNEXPLAINED_DATA_GAP,WEEKLY_SEGMENT_WARMUP,True,2018-08-06T12:45:00+00:00,2018-08-06T13:15:00+00:00,2018-08-03T21:00:00+00:00,2018-08-07T09:00:00+00:00
2018-08-13T00:01:00+00:00,2018-08-13T00:00:00+00:00,Monday,0,"[""h1_atr_change_4"", ""h3_er_8"", ""h3_atr_change_4"", ""h3_slope_atr_8""]",4.0,169,95.0,2018-08-12T00:00:00+00:00,96.0,24.0,8.0,"[""h3_er_8"", ""h3_atr_change_4"", ""h3_slope_atr_8""]",UNEXPLAINED_DATA_GAP,SPECIFIC_FEATURE_INCOMPLETE,False,2018-08-12T23:45:00+00:00,2018-08-13T00:15:00+00:00,2018-08-10T21:00:00+00:00,2018-08-14T09:00:00+00:00
2018-08-13T04:06:42+00:00,2018-08-13T04:00:00+00:00,Monday,4,"[""h3_atr_change_4"", ""h3_slope_atr_8""]",2.0,169,111.0,2018-08-12T00:00:00+00:00,112.0,28.0,9.0,"[""h3_atr_change_4"", ""h3_slope_atr_8""]",UNEXPLAINED_DATA_GAP,WEEKLY_SEGMENT_WARMUP,True,2018-08-13T03:45:00+00:00,2018-08-13T04:15:00+00:00,2018-08-10T21:00:00+00:00,2018-08-14T09:00:00+00:00
2018-08-13T07:16:37+00:00,2018-08-13T07:15:00+00:00,Monday,7,"[""h3_atr_change_4"", ""h3_slope_atr_8""]",2.0,169,124.0,2018-08-12T00:00:00+00:00,125.0,31.0,10.0,"[""h3_atr_change_4"", ""h3_slope_atr_8""]",UNEXPLAINED_DATA_GAP,WEEKLY_SEGMENT_WARMUP,True,2018-08-13T07:00:00+00:00,2018-08-13T07:30:00+00:00,2018-08-10T21:00:00+00:00,2018-08-14T09:00:00+00:00
2018-08-13T10:33:29+00:00,2018-08-13T10:30:00+00:00,Monday,10,"[""h3_atr_change_4"", ""h3_slope_atr_8""]",2.0,169,137.0,2018-08-12T00:00:00+00:00,138.0,34.0,11.0,"[""h3_atr_change_4"", ""h3_slope_atr_8""]",UNEXPLAINED_DATA_GAP,WEEKLY_SEGMENT_WARMUP,True,2018-08-13T10:15:00+00:00,2018-08-13T10:45:00+00:00,2018-08-10T21:00:00+00:00,2018-08-14T09:00:00+00:00
2018-08-13T14:13:29+00:00,2018-08-13T14:00:00+00:00,Monday,14,"[""h3_atr_change_4"", ""h3_slope_atr_8""]",2.0,169,151.0,2018-08-12T00:00:00+00:00,152.0,38.0,12.0,"[""h3_atr_change_4"", ""h3_slope_atr_8""]",UNEXPLAINED_DATA_GAP,WEEKLY_SEGMENT_WARMUP,True,2018-08-13T13:45:00+00:00,2018-08-13T14:15:00+00:00,2018-08-10T21:00:00+00:00,2018-08-14T09:00:00+00:00
2018-08-13T22:01:39+00:00,2018-08-13T22:00:00+00:00,Monday,22,"[""h3_atr_change_4""]",1.0,169,183.0,2018-08-12T00:00:00+00:00,184.0,46.0,15.0,"[""h3_atr_change_4""]",UNEXPLAINED_DATA_GAP,WEEKLY_SEGMENT_WARMUP,True,2018-08-13T21:45:00+00:00,2018-08-13T22:15:00+00:00,2018-08-10T21:00:00+00:00,2018-08-14T09:00:00+00:00
2018-08-14T08:01:27+00:00,2018-08-14T08:00:00+00:00,Tuesday,8,"[""h3_atr_change_4""]",1.0,169,223.0,2018-08-12T00:00:00+00:00,224.0,56.0,18.0,"[""h3_atr_change_4""]",UNEXPLAINED_DATA_GAP,WEEKLY_SEGMENT_WARMUP,True,2018-08-14T07:45:00+00:00,2018-08-14T08:15:00+00:00,2018-08-10T21:00:00+00:00,2018-08-14T09:00:00+00:00
2018-08-17T13:01:31+00:00,2018-08-17T13:00:00+00:00,Friday,13,,,,,,,,,,,SOURCE_BAR_GAP,True,2018-08-17T00:00:00+00:00,2018-08-19T00:15:00+00:00,2018-08-17T00:00:00+00:00,2018-08-21T09:00:00+00:00
2018-08-20T04:32:17+00:00,2018-08-20T04:30:00+00:00,Monday,4,"[""h3_atr_change_4"", ""h3_slope_atr_8""]",2.0,170,113.0,2018-08-19T00:00:00+00:00,114.0,28.0,9.0,"[""h3_atr_change_4"", ""h3_slope_atr_8""]",UNEXPLAINED_DATA_GAP,MIDWEEK_SEGMENT_WARMUP,True,2018-08-20T04:15:00+00:00,2018-08-20T04:45:00+00:00,2018-08-17T00:00:00+00:00,2018-08-21T09:00:00+00:00
2018-08-20T07:02:14+00:00,2018-08-20T07:00:00+00:00,Monday,7,"[""h3_atr_change_4"", ""h3_slope_atr_8""]",2.0,170,123.0,2018-08-19T00:00:00+00:00,124.0,31.0,10.0,"[""h3_atr_change_4"", ""h3_slope_atr_8""]",UNEXPLAINED_DATA_GAP,MIDWEEK_SEGMENT_WARMUP,True,2018-08-20T06:45:00+00:00,2018-08-20T07:15:00+00:00,2018-08-17T00:00:00+00:00,2018-08-21T09:00:00+00:00
2018-08-24T22:02:33+00:00,2018-08-24T22:00:00+00:00,Friday,22,,,,,,,,,,,SOURCE_BAR_GAP,True,2018-08-24T21:00:00+00:00,2018-08-27T00:15:00+00:00,2018-08-24T21:00:00+00:00,2018-08-29T09:00:00+00:00
2018-08-27T08:19:28+00:00,2018-08-27T08:15:00+00:00,Monday,8,"[""h1_er_8"", ""h1_atr_change_4"", ""h1_slope_atr_8"", ""h3_er_8"", ""h3_atr_change_4"", ""h3_slope_atr_8""]",6.0,171,32.0,2018-08-27T00:00:00+00:00,33.0,8.0,2.0,"[""h1_er_8"", ""h1_atr_change_4"", ""h1_slope_atr_8"", ""h3_er_8"", ""h3_atr_change_4"", ""h3_slope_atr_8""]",EXPECTED_MARKET_GAP,WEEKLY_SEGMENT_WARMUP,True,2018-08-27T08:00:00+00:00,2018-08-27T08:30:00+00:00,2018-08-24T21:00:00+00:00,2018-08-29T09:00:00+00:00
2018-08-28T01:33:34+00:00,2018-08-28T01:30:00+00:00,Tuesday,1,"[""h3_er_8"", ""h3_atr_change_4"", ""h3_slope_atr_8""]",3.0,171,101.0,2018-08-27T00:00:00+00:00,102.0,25.0,8.0,"[""h3_er_8"", ""h3_atr_change_4"", ""h3_slope_atr_8""]",EXPECTED_MARKET_GAP,WEEKLY_SEGMENT_WARMUP,True,2018-08-28T01:15:00+00:00,2018-08-28T01:45:00+00:00,2018-08-24T21:00:00+00:00,2018-08-29T09:00:00+00:00
2018-08-28T19:28:40+00:00,2018-08-28T19:15:00+00:00,Tuesday,19,"[""h3_atr_change_4"", ""h3_slope_atr_8""]",2.0,171,172.0,2018-08-27T00:00:00+00:00,173.0,43.0,14.0,"[""h3_atr_change_4"", ""h3_slope_atr_8""]",EXPECTED_MARKET_GAP,WEEKLY_SEGMENT_WARMUP,True,2018-08-28T19:00:00+00:00,2018-08-28T19:30:00+00:00,2018-08-24T21:00:00+00:00,2018-08-29T09:00:00+00:00
2018-08-29T02:48:32+00:00,2018-08-29T02:45:00+00:00,Wednesday,2,"[""h3_atr_change_4""]",1.0,171,202.0,2018-08-27T00:00:00+00:00,203.0,50.0,16.0,"[""h3_atr_change_4""]",EXPECTED_MARKET_GAP,WEEKLY_SEGMENT_WARMUP,True,2018-08-29T02:30:00+00:00,2018-08-29T03:00:00+00:00,2018-08-24T21:00:00+00:00,2018-08-29T09:00:00+00:00
2018-08-29T08:42:37+00:00,2018-08-29T08:30:00+00:00,Wednesday,8,"[""h3_atr_change_4""]",1.0,171,225.0,2018-08-27T00:00:00+00:00,226.0,56.0,18.0,"[""h3_atr_change_4""]",EXPECTED_MARKET_GAP,WEEKLY_SEGMENT_WARMUP,True,2018-08-29T08:15:00+00:00,2018-08-29T08:45:00+00:00,2018-08-24T21:00:00+00:00,2018-08-29T09:00:00+00:00
2018-08-31T22:23:05+00:00,2018-08-31T22:15:00+00:00,Friday,22,,,,,,,,,,,SOURCE_BAR_GAP,True,2018-08-31T21:00:00+00:00,2018-09-02T00:15:00+00:00,2018-08-31T21:00:00+00:00,2018-09-04T09:00:00+00:00
2018-09-03T04:05:25+00:00,2018-09-03T04:00:00+00:00,Monday,4,"[""h3_atr_change_4"", ""h3_slope_atr_8""]",2.0,172,111.0,2018-09-02T00:00:00+00:00,112.0,28.0,9.0,"[""h3_atr_change_4"", ""h3_slope_atr_8""]",UNEXPLAINED_DATA_GAP,WEEKLY_SEGMENT_WARMUP,True,2018-09-03T03:45:00+00:00,2018-09-03T04:15:00+00:00,2018-08-31T21:00:00+00:00,2018-09-04T09:00:00+00:00
2018-09-03T10:05:40+00:00,2018-09-03T10:00:00+00:00,Monday,10,"[""h3_atr_change_4"", ""h3_slope_atr_8""]",2.0,172,135.0,2018-09-02T00:00:00+00:00,136.0,34.0,11.0,"[""h3_atr_change_4"", ""h3_slope_atr_8""]",UNEXPLAINED_DATA_GAP,WEEKLY_SEGMENT_WARMUP,True,2018-09-03T09:45:00+00:00,2018-09-03T10:15:00+00:00,2018-08-31T21:00:00+00:00,2018-09-04T09:00:00+00:00
2018-09-03T13:02:39+00:00,2018-09-03T13:00:00+00:00,Monday,13,"[""h3_atr_change_4"", ""h3_slope_atr_8""]",2.0,172,147.0,2018-09-02T00:00:00+00:00,148.0,37.0,12.0,"[""h3_atr_change_4"", ""h3_slope_atr_8""]",UNEXPLAINED_DATA_GAP,WEEKLY_SEGMENT_WARMUP,True,2018-09-03T12:45:00+00:00,2018-09-03T13:15:00+00:00,2018-08-31T21:00:00+00:00,2018-09-04T09:00:00+00:00
2018-09-03T22:07:32+00:00,2018-09-03T22:00:00+00:00,Monday,22,"[""h3_atr_change_4""]",1.0,172,183.0,2018-09-02T00:00:00+00:00,184.0,46.0,15.0,"[""h3_atr_change_4""]",UNEXPLAINED_DATA_GAP,WEEKLY_SEGMENT_WARMUP,True,2018-09-03T21:45:00+00:00,2018-09-03T22:15:00+00:00,2018-08-31T21:00:00+00:00,2018-09-04T09:00:00+00:00
2018-09-07T22:59:42+00:00,2018-09-07T22:45:00+00:00,Friday,22,,,,,,,,,,,SOURCE_BAR_GAP,True,2018-09-07T21:00:00+00:00,2018-09-09T00:15:00+00:00,2018-09-07T21:00:00+00:00,2018-09-11T09:00:00+00:00
2018-09-10T19:00:31+00:00,2018-09-10T19:00:00+00:00,Monday,19,"[""h3_atr_change_4"", ""h3_slope_atr_8""]",2.0,173,171.0,2018-09-09T00:00:00+00:00,172.0,43.0,14.0,"[""h3_atr_change_4"", ""h3_slope_atr_8""]",UNEXPLAINED_DATA_GAP,WEEKLY_SEGMENT_WARMUP,True,2018-09-10T18:45:00+00:00,2018-09-10T19:15:00+00:00,2018-09-07T21:00:00+00:00,2018-09-11T09:00:00+00:00
2018-09-17T10:01:39+00:00,2018-09-17T10:00:00+00:00,Monday,10,"[""h3_atr_change_4"", ""h3_slope_atr_8""]",2.0,174,135.0,2018-09-16T00:00:00+00:00,136.0,34.0,11.0,"[""h3_atr_change_4"", ""h3_slope_atr_8""]",UNEXPLAINED_DATA_GAP,WEEKLY_SEGMENT_WARMUP,True,2018-09-17T09:45:00+00:00,2018-09-17T10:15:00+00:00,2018-09-14T21:00:00+00:00,2018-09-18T09:00:00+00:00
2018-09-17T20:52:03+00:00,2018-09-17T20:45:00+00:00,Monday,20,"[""h3_atr_change_4"", ""h3_slope_atr_8""]",2.0,174,178.0,2018-09-16T00:00:00+00:00,179.0,44.0,14.0,"[""h3_atr_change_4"", ""h3_slope_atr_8""]",UNEXPLAINED_DATA_GAP,WEEKLY_SEGMENT_WARMUP,True,2018-09-17T20:30:00+00:00,2018-09-17T21:00:00+00:00,2018-09-14T21:00:00+00:00,2018-09-18T09:00:00+00:00
2018-09-17T22:08:39+00:00,2018-09-17T22:00:00+00:00,Monday,22,"[""h3_atr_change_4""]",1.0,174,183.0,2018-09-16T00:00:00+00:00,184.0,46.0,15.0,"[""h3_atr_change_4""]",UNEXPLAINED_DATA_GAP,WEEKLY_SEGMENT_WARMUP,True,2018-09-17T21:45:00+00:00,2018-09-17T22:15:00+00:00,2018-09-14T21:00:00+00:00,2018-09-18T09:00:00+00:00
2018-09-24T22:55:36+00:00,2018-09-24T22:45:00+00:00,Monday,22,"[""h3_atr_change_4""]",1.0,175,186.0,2018-09-23T00:00:00+00:00,187.0,46.0,15.0,"[""h3_atr_change_4""]",UNEXPLAINED_DATA_GAP,WEEKLY_SEGMENT_WARMUP,True,2018-09-24T22:30:00+00:00,2018-09-24T23:00:00+00:00,2018-09-21T21:00:00+00:00,2018-09-25T09:00:00+00:00
2018-09-25T04:50:35+00:00,2018-09-25T04:45:00+00:00,Tuesday,4,"[""h3_atr_change_4""]",1.0,175,210.0,2018-09-23T00:00:00+00:00,211.0,52.0,17.0,"[""h3_atr_change_4""]",UNEXPLAINED_DATA_GAP,WEEKLY_SEGMENT_WARMUP,True,2018-09-25T04:30:00+00:00,2018-09-25T05:00:00+00:00,2018-09-21T21:00:00+00:00,2018-09-25T09:00:00+00:00
2018-10-01T04:10:24+00:00,2018-10-01T04:00:00+00:00,Monday,4,,,,,,,,,,,SOURCE_BAR_GAP,True,2018-10-01T00:00:00+00:00,2018-10-03T00:15:00+00:00,2018-09-28T21:00:00+00:00,2018-10-05T09:00:00+00:00
2018-10-01T16:03:26+00:00,2018-10-01T16:00:00+00:00,Monday,16,,,,,,,,,,,SOURCE_BAR_GAP,True,2018-10-01T00:00:00+00:00,2018-10-03T00:15:00+00:00,2018-09-28T21:00:00+00:00,2018-10-05T09:00:00+00:00
2018-10-02T03:04:14+00:00,2018-10-02T03:00:00+00:00,Tuesday,3,,,,,,,,,,,SOURCE_BAR_GAP,True,2018-10-01T00:00:00+00:00,2018-10-03T00:15:00+00:00,2018-09-28T21:00:00+00:00,2018-10-05T09:00:00+00:00
2018-10-02T08:02:15+00:00,2018-10-02T08:00:00+00:00,Tuesday,8,,,,,,,,,,,SOURCE_BAR_GAP,True,2018-10-01T00:00:00+00:00,2018-10-03T00:15:00+00:00,2018-09-28T21:00:00+00:00,2018-10-05T09:00:00+00:00
2018-10-03T04:14:59+00:00,2018-10-03T04:00:00+00:00,Wednesday,4,"[""er_16"", ""rv_16"", ""atr_change_8"", ""range_pos_16"", ""h1_er_8"", ""h1_atr_change_4"", ""h1_slope_atr_8"", ""h3_er_8"", ""h3_atr_change_4"", ""h3_slope_atr_8""]",10.0,177,15.0,2018-10-03T00:00:00+00:00,16.0,4.0,1.0,"[""er_16"", ""rv_16"", ""atr_change_8"", ""range_pos_16"", ""h1_er_8"", ""h1_atr_change_4"", ""h1_slope_atr_8"", ""h3_er_8"", ""h3_atr_change_4"", ""h3_slope_atr_8""]",UNEXPLAINED_DATA_GAP,MIDWEEK_SEGMENT_WARMUP,True,2018-10-03T03:45:00+00:00,2018-10-03T04:15:00+00:00,2018-09-28T21:00:00+00:00,2018-10-05T09:00:00+00:00
2018-10-03T10:00:40+00:00,2018-10-03T10:00:00+00:00,Wednesday,10,"[""h1_atr_change_4"", ""h1_slope_atr_8"", ""h3_er_8"", ""h3_atr_change_4"", ""h3_slope_atr_8""]",5.0,177,39.0,2018-10-03T00:00:00+00:00,40.0,10.0,3.0,"[""h1_atr_change_4"", ""h1_slope_atr_8"", ""h3_er_8"", ""h3_atr_change_4"", ""h3_slope_atr_8""]",UNEXPLAINED_DATA_GAP,MIDWEEK_SEGMENT_WARMUP,True,2018-10-03T09:45:00+00:00,2018-10-03T10:15:00+00:00,2018-09-28T21:00:00+00:00,2018-10-05T09:00:00+00:00
2018-10-03T13:21:34+00:00,2018-10-03T13:15:00+00:00,Wednesday,13,"[""h1_atr_change_4"", ""h1_slope_atr_8"", ""h3_er_8"", ""h3_atr_change_4"", ""h3_slope_atr_8""]",5.0,177,52.0,2018-10-03T00:00:00+00:00,53.0,13.0,4.0,"[""h1_atr_change_4"", ""h1_slope_atr_8"", ""h3_er_8"", ""h3_atr_change_4"", ""h3_slope_atr_8""]",UNEXPLAINED_DATA_GAP,MIDWEEK_SEGMENT_WARMUP,True,2018-10-03T13:00:00+00:00,2018-10-03T13:30:00+00:00,2018-09-28T21:00:00+00:00,2018-10-05T09:00:00+00:00
2018-10-03T19:40:26+00:00,2018-10-03T19:30:00+00:00,Wednesday,19,"[""h3_er_8"", ""h3_atr_change_4"", ""h3_slope_atr_8""]",3.0,177,77.0,2018-10-03T00:00:00+00:00,78.0,19.0,6.0,"[""h3_er_8"", ""h3_atr_change_4"", ""h3_slope_atr_8""]",UNEXPLAINED_DATA_GAP,MIDWEEK_SEGMENT_WARMUP,True,2018-10-03T19:15:00+00:00,2018-10-03T19:45:00+00:00,2018-09-28T21:00:00+00:00,2018-10-05T09:00:00+00:00
2018-10-03T22:11:37+00:00,2018-10-03T22:00:00+00:00,Wednesday,22,"[""h3_er_8"", ""h3_atr_change_4"", ""h3_slope_atr_8""]",3.0,177,87.0,2018-10-03T00:00:00+00:00,88.0,22.0,7.0,"[""h3_er_8"", ""h3_atr_change_4"", ""h3_slope_atr_8""]",UNEXPLAINED_DATA_GAP,MIDWEEK_SEGMENT_WARMUP,True,2018-10-03T21:45:00+00:00,2018-10-03T22:15:00+00:00,2018-09-28T21:00:00+00:00,2018-10-05T09:00:00+00:00
2018-10-04T04:15:10+00:00,2018-10-04T04:15:00+00:00,Thursday,4,"[""h3_atr_change_4"", ""h3_slope_atr_8""]",2.0,177,112.0,2018-10-03T00:00:00+00:00,113.0,28.0,9.0,"[""h3_atr_change_4"", ""h3_slope_atr_8""]",UNEXPLAINED_DATA_GAP,MIDWEEK_SEGMENT_WARMUP,True,2018-10-04T04:00:00+00:00,2018-10-04T04:30:00+00:00,2018-09-28T21:00:00+00:00,2018-10-05T09:00:00+00:00
2018-10-04T19:13:30+00:00,2018-10-04T19:00:00+00:00,Thursday,19,"[""h3_atr_change_4"", ""h3_slope_atr_8""]",2.0,177,171.0,2018-10-03T00:00:00+00:00,172.0,43.0,14.0,"[""h3_atr_change_4"", ""h3_slope_atr_8""]",UNEXPLAINED_DATA_GAP,MIDWEEK_SEGMENT_WARMUP,True,2018-10-04T18:45:00+00:00,2018-10-04T19:15:00+00:00,2018-09-28T21:00:00+00:00,2018-10-05T09:00:00+00:00
2018-10-05T03:54:05+00:00,2018-10-05T03:45:00+00:00,Friday,3,"[""h3_atr_change_4""]",1.0,177,206.0,2018-10-03T00:00:00+00:00,207.0,51.0,17.0,"[""h3_atr_change_4""]",UNEXPLAINED_DATA_GAP,MIDWEEK_SEGMENT_WARMUP,True,2018-10-05T03:30:00+00:00,2018-10-05T04:00:00+00:00,2018-09-28T21:00:00+00:00,2018-10-05T09:00:00+00:00
2018-10-05T08:53:23+00:00,2018-10-05T08:45:00+00:00,Friday,8,"[""h3_atr_change_4""]",1.0,177,226.0,2018-10-03T00:00:00+00:00,227.0,56.0,18.0,"[""h3_atr_change_4""]",UNEXPLAINED_DATA_GAP,MIDWEEK_SEGMENT_WARMUP,True,2018-10-05T08:30:00+00:00,2018-10-05T09:00:00+00:00,2018-09-28T21:00:00+00:00,2018-10-05T09:00:00+00:00
2018-10-08T04:00:39+00:00,2018-10-08T04:00:00+00:00,Monday,4,"[""h3_atr_change_4"", ""h3_slope_atr_8""]",2.0,178,111.0,2018-10-07T00:00:00+00:00,112.0,28.0,9.0,"[""h3_atr_change_4"", ""h3_slope_atr_8""]",UNEXPLAINED_DATA_GAP,WEEKLY_SEGMENT_WARMUP,True,2018-10-08T03:45:00+00:00,2018-10-08T04:15:00+00:00,2018-10-05T21:00:00+00:00,2018-10-09T09:00:00+00:00
2018-10-09T04:55:53+00:00,2018-10-09T04:45:00+00:00,Tuesday,4,"[""h3_atr_change_4""]",1.0,178,210.0,2018-10-07T00:00:00+00:00,211.0,52.0,17.0,"[""h3_atr_change_4""]",UNEXPLAINED_DATA_GAP,WEEKLY_SEGMENT_WARMUP,True,2018-10-09T04:30:00+00:00,2018-10-09T05:00:00+00:00,2018-10-05T21:00:00+00:00,2018-10-09T09:00:00+00:00
2018-10-15T00:01:30+00:00,2018-10-15T00:00:00+00:00,Monday,0,"[""h1_atr_change_4"", ""h3_er_8"", ""h3_atr_change_4"", ""h3_slope_atr_8""]",4.0,179,95.0,2018-10-14T00:00:00+00:00,96.0,24.0,8.0,"[""h3_er_8"", ""h3_atr_change_4"", ""h3_slope_atr_8""]",UNEXPLAINED_DATA_GAP,SPECIFIC_FEATURE_INCOMPLETE,False,2018-10-14T23:45:00+00:00,2018-10-15T00:15:00+00:00,2018-10-12T21:00:00+00:00,2018-10-16T09:00:00+00:00
2018-10-15T20:19:36+00:00,2018-10-15T20:15:00+00:00,Monday,20,"[""h3_atr_change_4"", ""h3_slope_atr_8""]",2.0,179,176.0,2018-10-14T00:00:00+00:00,177.0,44.0,14.0,"[""h3_atr_change_4"", ""h3_slope_atr_8""]",UNEXPLAINED_DATA_GAP,WEEKLY_SEGMENT_WARMUP,True,2018-10-15T20:00:00+00:00,2018-10-15T20:30:00+00:00,2018-10-12T21:00:00+00:00,2018-10-16T09:00:00+00:00
2018-10-16T05:58:30+00:00,2018-10-16T05:45:00+00:00,Tuesday,5,"[""h3_atr_change_4""]",1.0,179,214.0,2018-10-14T00:00:00+00:00,215.0,53.0,17.0,"[""h3_atr_change_4""]",UNEXPLAINED_DATA_GAP,WEEKLY_SEGMENT_WARMUP,True,2018-10-16T05:30:00+00:00,2018-10-16T06:00:00+00:00,2018-10-12T21:00:00+00:00,2018-10-16T09:00:00+00:00
2018-10-19T22:16:21+00:00,2018-10-19T22:15:00+00:00,Friday,22,,,,,,,,,,,SOURCE_BAR_GAP,True,2018-10-19T21:00:00+00:00,2018-10-21T00:15:00+00:00,2018-10-19T21:00:00+00:00,2018-10-23T09:00:00+00:00
2018-10-22T17:57:40+00:00,2018-10-22T17:45:00+00:00,Monday,17,"[""h3_atr_change_4"", ""h3_slope_atr_8""]",2.0,180,166.0,2018-10-21T00:00:00+00:00,167.0,41.0,13.0,"[""h3_atr_change_4"", ""h3_slope_atr_8""]",UNEXPLAINED_DATA_GAP,WEEKLY_SEGMENT_WARMUP,True,2018-10-22T17:30:00+00:00,2018-10-22T18:00:00+00:00,2018-10-19T21:00:00+00:00,2018-10-23T09:00:00+00:00
2018-10-22T22:59:32+00:00,2018-10-22T22:45:00+00:00,Monday,22,"[""h3_atr_change_4""]",1.0,180,186.0,2018-10-21T00:00:00+00:00,187.0,46.0,15.0,"[""h3_atr_change_4""]",UNEXPLAINED_DATA_GAP,WEEKLY_SEGMENT_WARMUP,True,2018-10-22T22:30:00+00:00,2018-10-22T23:00:00+00:00,2018-10-19T21:00:00+00:00,2018-10-23T09:00:00+00:00
2018-10-29T11:26:38+00:00,2018-10-29T11:15:00+00:00,Monday,11,"[""h3_atr_change_4"", ""h3_slope_atr_8""]",2.0,181,140.0,2018-10-28T00:00:00+00:00,141.0,35.0,11.0,"[""h3_atr_change_4"", ""h3_slope_atr_8""]",UNEXPLAINED_DATA_GAP,WEEKLY_SEGMENT_WARMUP,True,2018-10-29T11:00:00+00:00,2018-10-29T11:30:00+00:00,2018-10-26T21:00:00+00:00,2018-10-30T09:00:00+00:00
2018-10-29T16:03:57+00:00,2018-10-29T16:00:00+00:00,Monday,16,"[""h3_atr_change_4"", ""h3_slope_atr_8""]",2.0,181,159.0,2018-10-28T00:00:00+00:00,160.0,40.0,13.0,"[""h3_atr_change_4"", ""h3_slope_atr_8""]",UNEXPLAINED_DATA_GAP,WEEKLY_SEGMENT_WARMUP,True,2018-10-29T15:45:00+00:00,2018-10-29T16:15:00+00:00,2018-10-26T21:00:00+00:00,2018-10-30T09:00:00+00:00
2018-10-29T19:29:37+00:00,2018-10-29T19:15:00+00:00,Monday,19,"[""h3_atr_change_4"", ""h3_slope_atr_8""]",2.0,181,172.0,2018-10-28T00:00:00+00:00,173.0,43.0,14.0,"[""h3_atr_change_4"", ""h3_slope_atr_8""]",UNEXPLAINED_DATA_GAP,WEEKLY_SEGMENT_WARMUP,True,2018-10-29T19:00:00+00:00,2018-10-29T19:30:00+00:00,2018-10-26T21:00:00+00:00,2018-10-30T09:00:00+00:00
2018-10-29T22:11:29+00:00,2018-10-29T22:00:00+00:00,Monday,22,"[""h3_atr_change_4""]",1.0,181,183.0,2018-10-28T00:00:00+00:00,184.0,46.0,15.0,"[""h3_atr_change_4""]",UNEXPLAINED_DATA_GAP,WEEKLY_SEGMENT_WARMUP,True,2018-10-29T21:45:00+00:00,2018-10-29T22:15:00+00:00,2018-10-26T21:00:00+00:00,2018-10-30T09:00:00+00:00
2018-10-31T19:17:32+00:00,2018-10-31T19:15:00+00:00,Wednesday,19,,,,,,,,,,,SOURCE_BAR_GAP,True,2018-10-31T00:00:00+00:00,2018-11-01T00:15:00+00:00,2018-10-31T00:00:00+00:00,2018-11-06T09:00:00+00:00
2018-11-01T01:00:40+00:00,2018-11-01T01:00:00+00:00,Thursday,1,"[""er_4"", ""er_16"", ""rv_16"", ""atr_change_1"", ""atr_change_8"", ""slope_atr_4"", ""slope_atr_16"", ""range_pos_16"", ""h1_er_8"", ""h1_atr_change_4"", ""h1_slope_atr_8"", ""h3_er_8"", ""h3_atr_change_4"", ""h3_slope_atr_8""]",14.0,182,3.0,2018-11-01T00:00:00+00:00,4.0,1.0,0.0,"[""er_4"", ""er_16"", ""rv_16"", ""atr_change_1"", ""atr_change_8"", ""slope_atr_4"", ""slope_atr_16"", ""range_pos_16"", ""h1_er_8"", ""h1_atr_change_4"", ""h1_slope_atr_8"", ""h3_er_8"", ""h3_atr_change_4"", ""h3_slope_atr_8""]",UNEXPLAINED_DATA_GAP,MIDWEEK_SEGMENT_WARMUP,True,2018-11-01T00:45:00+00:00,2018-11-01T01:15:00+00:00,2018-10-31T00:00:00+00:00,2018-11-06T09:00:00+00:00
2018-11-02T04:00:03+00:00,2018-11-02T04:00:00+00:00,Friday,4,"[""h3_atr_change_4"", ""h3_slope_atr_8""]",2.0,182,111.0,2018-11-01T00:00:00+00:00,112.0,28.0,9.0,"[""h3_atr_change_4"", ""h3_slope_atr_8""]",UNEXPLAINED_DATA_GAP,MIDWEEK_SEGMENT_WARMUP,True,2018-11-02T03:45:00+00:00,2018-11-02T04:15:00+00:00,2018-10-31T00:00:00+00:00,2018-11-06T09:00:00+00:00
2018-11-02T18:42:38+00:00,2018-11-02T18:30:00+00:00,Friday,18,"[""h3_atr_change_4"", ""h3_slope_atr_8""]",2.0,182,169.0,2018-11-01T00:00:00+00:00,170.0,42.0,14.0,"[""h3_atr_change_4"", ""h3_slope_atr_8""]",UNEXPLAINED_DATA_GAP,MIDWEEK_SEGMENT_WARMUP,True,2018-11-02T18:15:00+00:00,2018-11-02T18:45:00+00:00,2018-10-31T00:00:00+00:00,2018-11-06T09:00:00+00:00
2018-11-06T03:36:29+00:00,2018-11-06T03:30:00+00:00,Tuesday,3,"[""h3_atr_change_4""]",1.0,183,205.0,2018-11-04T00:00:00+00:00,206.0,51.0,17.0,"[""h3_atr_change_4""]",UNEXPLAINED_DATA_GAP,WEEKLY_SEGMENT_WARMUP,True,2018-11-06T03:15:00+00:00,2018-11-06T03:45:00+00:00,2018-10-31T00:00:00+00:00,2018-11-06T09:00:00+00:00
2018-11-12T00:01:00+00:00,2018-11-12T00:00:00+00:00,Monday,0,"[""atr_change_8"", ""h1_atr_change_4"", ""h3_er_8"", ""h3_atr_change_4"", ""h3_slope_atr_8""]",5.0,184,95.0,2018-11-11T00:00:00+00:00,96.0,24.0,8.0,"[""h3_er_8"", ""h3_atr_change_4"", ""h3_slope_atr_8""]",UNEXPLAINED_DATA_GAP,SPECIFIC_FEATURE_INCOMPLETE,False,2018-11-11T23:45:00+00:00,2018-11-12T00:15:00+00:00,2018-11-09T22:00:00+00:00,2018-11-13T09:00:00+00:00
2018-11-12T17:52:40+00:00,2018-11-12T17:45:00+00:00,Monday,17,"[""h3_atr_change_4"", ""h3_slope_atr_8""]",2.0,184,166.0,2018-11-11T00:00:00+00:00,167.0,41.0,13.0,"[""h3_atr_change_4"", ""h3_slope_atr_8""]",UNEXPLAINED_DATA_GAP,WEEKLY_SEGMENT_WARMUP,True,2018-11-12T17:30:00+00:00,2018-11-12T18:00:00+00:00,2018-11-09T22:00:00+00:00,2018-11-13T09:00:00+00:00
2018-11-19T06:24:16+00:00,2018-11-19T06:15:00+00:00,Monday,6,"[""h3_atr_change_4"", ""h3_slope_atr_8""]",2.0,185,120.0,2018-11-18T00:00:00+00:00,121.0,30.0,10.0,"[""h3_atr_change_4"", ""h3_slope_atr_8""]",UNEXPLAINED_DATA_GAP,WEEKLY_SEGMENT_WARMUP,True,2018-11-19T06:00:00+00:00,2018-11-19T06:30:00+00:00,2018-11-16T22:00:00+00:00,2018-11-20T09:00:00+00:00
2018-11-20T02:54:25+00:00,2018-11-20T02:45:00+00:00,Tuesday,2,"[""h3_atr_change_4""]",1.0,185,202.0,2018-11-18T00:00:00+00:00,203.0,50.0,16.0,"[""h3_atr_change_4""]",UNEXPLAINED_DATA_GAP,WEEKLY_SEGMENT_WARMUP,True,2018-11-20T02:30:00+00:00,2018-11-20T03:00:00+00:00,2018-11-16T22:00:00+00:00,2018-11-20T09:00:00+00:00
2018-11-20T08:05:34+00:00,2018-11-20T08:00:00+00:00,Tuesday,8,"[""h3_atr_change_4""]",1.0,185,223.0,2018-11-18T00:00:00+00:00,224.0,56.0,18.0,"[""h3_atr_change_4""]",UNEXPLAINED_DATA_GAP,WEEKLY_SEGMENT_WARMUP,True,2018-11-20T07:45:00+00:00,2018-11-20T08:15:00+00:00,2018-11-16T22:00:00+00:00,2018-11-20T09:00:00+00:00
2018-11-26T14:04:00+00:00,2018-11-26T14:00:00+00:00,Monday,14,"[""h3_atr_change_4"", ""h3_slope_atr_8""]",2.0,186,151.0,2018-11-25T00:00:00+00:00,152.0,38.0,12.0,"[""h3_atr_change_4"", ""h3_slope_atr_8""]",UNEXPLAINED_DATA_GAP,WEEKLY_SEGMENT_WARMUP,True,2018-11-26T13:45:00+00:00,2018-11-26T14:15:00+00:00,2018-11-23T22:00:00+00:00,2018-11-27T09:00:00+00:00
2018-11-26T18:42:14+00:00,2018-11-26T18:30:00+00:00,Monday,18,"[""h3_atr_change_4"", ""h3_slope_atr_8""]",2.0,186,169.0,2018-11-25T00:00:00+00:00,170.0,42.0,14.0,"[""h3_atr_change_4"", ""h3_slope_atr_8""]",UNEXPLAINED_DATA_GAP,WEEKLY_SEGMENT_WARMUP,True,2018-11-26T18:15:00+00:00,2018-11-26T18:45:00+00:00,2018-11-23T22:00:00+00:00,2018-11-27T09:00:00+00:00
2018-11-26T23:21:01+00:00,2018-11-26T23:15:00+00:00,Monday,23,"[""h3_atr_change_4""]",1.0,186,188.0,2018-11-25T00:00:00+00:00,189.0,47.0,15.0,"[""h3_atr_change_4""]",UNEXPLAINED_DATA_GAP,WEEKLY_SEGMENT_WARMUP,True,2018-11-26T23:00:00+00:00,2018-11-26T23:30:00+00:00,2018-11-23T22:00:00+00:00,2018-11-27T09:00:00+00:00
2018-11-27T02:01:35+00:00,2018-11-27T02:00:00+00:00,Tuesday,2,"[""h3_atr_change_4""]",1.0,186,199.0,2018-11-25T00:00:00+00:00,200.0,50.0,16.0,"[""h3_atr_change_4""]",UNEXPLAINED_DATA_GAP,WEEKLY_SEGMENT_WARMUP,True,2018-11-27T01:45:00+00:00,2018-11-27T02:15:00+00:00,2018-11-23T22:00:00+00:00,2018-11-27T09:00:00+00:00
2018-12-03T11:07:15+00:00,2018-12-03T11:00:00+00:00,Monday,11,"[""h3_atr_change_4"", ""h3_slope_atr_8""]",2.0,187,139.0,2018-12-02T00:00:00+00:00,140.0,35.0,11.0,"[""h3_atr_change_4"", ""h3_slope_atr_8""]",UNEXPLAINED_DATA_GAP,WEEKLY_SEGMENT_WARMUP,True,2018-12-03T10:45:00+00:00,2018-12-03T11:15:00+00:00,2018-11-30T22:00:00+00:00,2018-12-04T09:00:00+00:00
2018-12-03T22:19:01+00:00,2018-12-03T22:15:00+00:00,Monday,22,"[""h3_atr_change_4""]",1.0,187,184.0,2018-12-02T00:00:00+00:00,185.0,46.0,15.0,"[""h3_atr_change_4""]",UNEXPLAINED_DATA_GAP,WEEKLY_SEGMENT_WARMUP,True,2018-12-03T22:00:00+00:00,2018-12-03T22:30:00+00:00,2018-11-30T22:00:00+00:00,2018-12-04T09:00:00+00:00
2018-12-05T04:08:38+00:00,2018-12-05T04:00:00+00:00,Wednesday,4,,,,,,,,,,,SOURCE_BAR_GAP,True,2018-12-05T00:00:00+00:00,2018-12-06T00:15:00+00:00,2018-12-05T00:00:00+00:00,2018-12-14T09:00:00+00:00
2018-12-06T08:05:26+00:00,2018-12-06T08:00:00+00:00,Thursday,8,"[""h1_er_8"", ""h1_atr_change_4"", ""h1_slope_atr_8"", ""h3_er_8"", ""h3_atr_change_4"", ""h3_slope_atr_8""]",6.0,188,31.0,2018-12-06T00:00:00+00:00,32.0,8.0,2.0,"[""h1_er_8"", ""h1_atr_change_4"", ""h1_slope_atr_8"", ""h3_er_8"", ""h3_atr_change_4"", ""h3_slope_atr_8""]",UNEXPLAINED_DATA_GAP,MIDWEEK_SEGMENT_WARMUP,True,2018-12-06T07:45:00+00:00,2018-12-06T08:15:00+00:00,2018-12-05T00:00:00+00:00,2018-12-14T09:00:00+00:00
2018-12-06T21:52:21+00:00,2018-12-06T21:45:00+00:00,Thursday,21,"[""h3_er_8"", ""h3_atr_change_4"", ""h3_slope_atr_8""]",3.0,188,86.0,2018-12-06T00:00:00+00:00,87.0,21.0,7.0,"[""h3_er_8"", ""h3_atr_change_4"", ""h3_slope_atr_8""]",UNEXPLAINED_DATA_GAP,MIDWEEK_SEGMENT_WARMUP,True,2018-12-06T21:30:00+00:00,2018-12-06T22:00:00+00:00,2018-12-05T00:00:00+00:00,2018-12-14T09:00:00+00:00
2018-12-07T07:00:21+00:00,2018-12-07T07:00:00+00:00,Friday,7,"[""h3_atr_change_4"", ""h3_slope_atr_8""]",2.0,188,123.0,2018-12-06T00:00:00+00:00,124.0,31.0,10.0,"[""h3_atr_change_4"", ""h3_slope_atr_8""]",UNEXPLAINED_DATA_GAP,MIDWEEK_SEGMENT_WARMUP,True,2018-12-07T06:45:00+00:00,2018-12-07T07:15:00+00:00,2018-12-05T00:00:00+00:00,2018-12-14T09:00:00+00:00
2018-12-07T14:22:32+00:00,2018-12-07T14:15:00+00:00,Friday,14,"[""h3_atr_change_4"", ""h3_slope_atr_8""]",2.0,188,152.0,2018-12-06T00:00:00+00:00,153.0,38.0,12.0,"[""h3_atr_change_4"", ""h3_slope_atr_8""]",UNEXPLAINED_DATA_GAP,MIDWEEK_SEGMENT_WARMUP,True,2018-12-07T14:00:00+00:00,2018-12-07T14:30:00+00:00,2018-12-05T00:00:00+00:00,2018-12-14T09:00:00+00:00
2018-12-10T16:15:16+00:00,2018-12-10T16:15:00+00:00,Monday,16,"[""h3_atr_change_4"", ""h3_slope_atr_8""]",2.0,189,160.0,2018-12-09T00:00:00+00:00,161.0,40.0,13.0,"[""h3_atr_change_4"", ""h3_slope_atr_8""]",UNEXPLAINED_DATA_GAP,WEEKLY_SEGMENT_WARMUP,True,2018-12-10T16:00:00+00:00,2018-12-10T16:30:00+00:00,2018-12-05T00:00:00+00:00,2018-12-14T09:00:00+00:00
2018-12-11T02:01:25+00:00,2018-12-11T02:00:00+00:00,Tuesday,2,,,,,,,,,,,SOURCE_BAR_GAP,True,2018-12-11T00:00:00+00:00,2018-12-12T00:15:00+00:00,2018-12-05T00:00:00+00:00,2018-12-14T09:00:00+00:00
2018-12-11T08:19:15+00:00,2018-12-11T08:15:00+00:00,Tuesday,8,,,,,,,,,,,SOURCE_BAR_GAP,True,2018-12-11T00:00:00+00:00,2018-12-12T00:15:00+00:00,2018-12-05T00:00:00+00:00,2018-12-14T09:00:00+00:00
2018-12-11T16:04:37+00:00,2018-12-11T16:00:00+00:00,Tuesday,16,,,,,,,,,,,SOURCE_BAR_GAP,True,2018-12-11T00:00:00+00:00,2018-12-12T00:15:00+00:00,2018-12-05T00:00:00+00:00,2018-12-14T09:00:00+00:00
2018-12-12T08:17:03+00:00,2018-12-12T08:15:00+00:00,Wednesday,8,"[""h1_er_8"", ""h1_atr_change_4"", ""h1_slope_atr_8"", ""h3_er_8"", ""h3_atr_change_4"", ""h3_slope_atr_8""]",6.0,190,32.0,2018-12-12T00:00:00+00:00,33.0,8.0,2.0,"[""h1_er_8"", ""h1_atr_change_4"", ""h1_slope_atr_8"", ""h3_er_8"", ""h3_atr_change_4"", ""h3_slope_atr_8""]",UNEXPLAINED_DATA_GAP,MIDWEEK_SEGMENT_WARMUP,True,2018-12-12T08:00:00+00:00,2018-12-12T08:30:00+00:00,2018-12-05T00:00:00+00:00,2018-12-14T09:00:00+00:00
2018-12-12T23:02:28+00:00,2018-12-12T23:00:00+00:00,Wednesday,23,"[""h3_er_8"", ""h3_atr_change_4"", ""h3_slope_atr_8""]",3.0,190,91.0,2018-12-12T00:00:00+00:00,92.0,23.0,7.0,"[""h3_er_8"", ""h3_atr_change_4"", ""h3_slope_atr_8""]",UNEXPLAINED_DATA_GAP,MIDWEEK_SEGMENT_WARMUP,True,2018-12-12T22:45:00+00:00,2018-12-12T23:15:00+00:00,2018-12-05T00:00:00+00:00,2018-12-14T09:00:00+00:00
2018-12-13T02:51:59+00:00,2018-12-13T02:45:00+00:00,Thursday,2,"[""h3_er_8"", ""h3_atr_change_4"", ""h3_slope_atr_8""]",3.0,190,106.0,2018-12-12T00:00:00+00:00,107.0,26.0,8.0,"[""h3_er_8"", ""h3_atr_change_4"", ""h3_slope_atr_8""]",UNEXPLAINED_DATA_GAP,MIDWEEK_SEGMENT_WARMUP,True,2018-12-13T02:30:00+00:00,2018-12-13T03:00:00+00:00,2018-12-05T00:00:00+00:00,2018-12-14T09:00:00+00:00
2018-12-13T14:34:03+00:00,2018-12-13T14:30:00+00:00,Thursday,14,"[""h3_atr_change_4"", ""h3_slope_atr_8""]",2.0,190,153.0,2018-12-12T00:00:00+00:00,154.0,38.0,12.0,"[""h3_atr_change_4"", ""h3_slope_atr_8""]",UNEXPLAINED_DATA_GAP,MIDWEEK_SEGMENT_WARMUP,True,2018-12-13T14:15:00+00:00,2018-12-13T14:45:00+00:00,2018-12-05T00:00:00+00:00,2018-12-14T09:00:00+00:00
2018-12-14T02:11:15+00:00,2018-12-14T02:00:00+00:00,Friday,2,"[""h3_atr_change_4""]",1.0,190,199.0,2018-12-12T00:00:00+00:00,200.0,50.0,16.0,"[""h3_atr_change_4""]",UNEXPLAINED_DATA_GAP,MIDWEEK_SEGMENT_WARMUP,True,2018-12-14T01:45:00+00:00,2018-12-14T02:15:00+00:00,2018-12-05T00:00:00+00:00,2018-12-14T09:00:00+00:00
2018-12-14T23:02:27+00:00,2018-12-14T23:00:00+00:00,Friday,23,,,,,,,,,,,SOURCE_BAR_GAP,True,2018-12-14T22:00:00+00:00,2018-12-16T00:15:00+00:00,2018-12-14T22:00:00+00:00,2018-12-18T09:00:00+00:00
2018-12-17T17:07:27+00:00,2018-12-17T17:00:00+00:00,Monday,17,"[""h3_atr_change_4"", ""h3_slope_atr_8""]",2.0,191,163.0,2018-12-16T00:00:00+00:00,164.0,41.0,13.0,"[""h3_atr_change_4"", ""h3_slope_atr_8""]",UNEXPLAINED_DATA_GAP,WEEKLY_SEGMENT_WARMUP,True,2018-12-17T16:45:00+00:00,2018-12-17T17:15:00+00:00,2018-12-14T22:00:00+00:00,2018-12-18T09:00:00+00:00
2018-12-18T07:08:37+00:00,2018-12-18T07:00:00+00:00,Tuesday,7,"[""h3_atr_change_4""]",1.0,191,219.0,2018-12-16T00:00:00+00:00,220.0,55.0,18.0,"[""h3_atr_change_4""]",UNEXPLAINED_DATA_GAP,WEEKLY_SEGMENT_WARMUP,True,2018-12-18T06:45:00+00:00,2018-12-18T07:15:00+00:00,2018-12-14T22:00:00+00:00,2018-12-18T09:00:00+00:00
2018-12-24T08:19:33+00:00,2018-12-24T08:15:00+00:00,Monday,8,"[""h3_atr_change_4"", ""h3_slope_atr_8""]",2.0,192,128.0,2018-12-23T00:00:00+00:00,129.0,32.0,10.0,"[""h3_atr_change_4"", ""h3_slope_atr_8""]",UNEXPLAINED_DATA_GAP,WEEKLY_SEGMENT_WARMUP,True,2018-12-24T08:00:00+00:00,2018-12-24T08:30:00+00:00,2018-12-21T22:00:00+00:00,2018-12-25T09:00:00+00:00
2018-12-24T14:01:18+00:00,2018-12-24T14:00:00+00:00,Monday,14,"[""h3_atr_change_4"", ""h3_slope_atr_8""]",2.0,192,151.0,2018-12-23T00:00:00+00:00,152.0,38.0,12.0,"[""h3_atr_change_4"", ""h3_slope_atr_8""]",UNEXPLAINED_DATA_GAP,WEEKLY_SEGMENT_WARMUP,True,2018-12-24T13:45:00+00:00,2018-12-24T14:15:00+00:00,2018-12-21T22:00:00+00:00,2018-12-25T09:00:00+00:00
2018-12-27T08:05:31+00:00,2018-12-27T08:00:00+00:00,Thursday,8,,,,,,,,,,,SOURCE_BAR_GAP,True,2018-12-27T00:00:00+00:00,2018-12-28T00:15:00+00:00,2018-12-27T00:00:00+00:00,2019-01-03T09:00:00+00:00
2018-12-27T14:53:40+00:00,2018-12-27T14:45:00+00:00,Thursday,14,,,,,,,,,,,SOURCE_BAR_GAP,True,2018-12-27T00:00:00+00:00,2018-12-28T00:15:00+00:00,2018-12-27T00:00:00+00:00,2019-01-03T09:00:00+00:00
2018-12-27T20:11:04+00:00,2018-12-27T20:00:00+00:00,Thursday,20,,,,,,,,,,,SOURCE_BAR_GAP,True,2018-12-27T00:00:00+00:00,2018-12-28T00:15:00+00:00,2018-12-27T00:00:00+00:00,2019-01-03T09:00:00+00:00
2018-12-27T23:49:34+00:00,2018-12-27T23:45:00+00:00,Thursday,23,,,,,,,,,,,SOURCE_BAR_GAP,True,2018-12-27T00:00:00+00:00,2018-12-28T00:15:00+00:00,2018-12-27T00:00:00+00:00,2019-01-03T09:00:00+00:00
2018-12-28T11:02:19+00:00,2018-12-28T11:00:00+00:00,Friday,11,"[""h1_atr_change_4"", ""h1_slope_atr_8"", ""h3_er_8"", ""h3_atr_change_4"", ""h3_slope_atr_8""]",5.0,193,43.0,2018-12-28T00:00:00+00:00,44.0,11.0,3.0,"[""h1_atr_change_4"", ""h1_slope_atr_8"", ""h3_er_8"", ""h3_atr_change_4"", ""h3_slope_atr_8""]",UNEXPLAINED_DATA_GAP,MIDWEEK_SEGMENT_WARMUP,True,2018-12-28T10:45:00+00:00,2018-12-28T11:15:00+00:00,2018-12-27T00:00:00+00:00,2019-01-03T09:00:00+00:00
2018-12-28T14:59:03+00:00,2018-12-28T14:45:00+00:00,Friday,14,"[""h1_atr_change_4"", ""h1_slope_atr_8"", ""h3_er_8"", ""h3_atr_change_4"", ""h3_slope_atr_8""]",5.0,193,58.0,2018-12-28T00:00:00+00:00,59.0,14.0,4.0,"[""h1_atr_change_4"", ""h1_slope_atr_8"", ""h3_er_8"", ""h3_atr_change_4"", ""h3_slope_atr_8""]",UNEXPLAINED_DATA_GAP,MIDWEEK_SEGMENT_WARMUP,True,2018-12-28T14:30:00+00:00,2018-12-28T15:00:00+00:00,2018-12-27T00:00:00+00:00,2019-01-03T09:00:00+00:00
2018-12-28T17:18:40+00:00,2018-12-28T17:15:00+00:00,Friday,17,"[""h1_atr_change_4"", ""h3_er_8"", ""h3_atr_change_4"", ""h3_slope_atr_8""]",4.0,193,68.0,2018-12-28T00:00:00+00:00,69.0,17.0,5.0,"[""h1_atr_change_4"", ""h3_er_8"", ""h3_atr_change_4"", ""h3_slope_atr_8""]",UNEXPLAINED_DATA_GAP,MIDWEEK_SEGMENT_WARMUP,True,2018-12-28T17:00:00+00:00,2018-12-28T17:30:00+00:00,2018-12-27T00:00:00+00:00,2019-01-03T09:00:00+00:00
2018-12-31T06:14:05+00:00,2018-12-31T06:00:00+00:00,Monday,6,"[""h1_er_8"", ""h1_atr_change_4"", ""h1_slope_atr_8"", ""h3_er_8"", ""h3_atr_change_4"", ""h3_slope_atr_8""]",6.0,194,23.0,2018-12-31T00:00:00+00:00,24.0,6.0,2.0,"[""h1_er_8"", ""h1_atr_change_4"", ""h1_slope_atr_8"", ""h3_er_8"", ""h3_atr_change_4"", ""h3_slope_atr_8""]",EXPECTED_MARKET_GAP,WEEKLY_SEGMENT_WARMUP,True,2018-12-31T05:45:00+00:00,2018-12-31T06:15:00+00:00,2018-12-27T00:00:00+00:00,2019-01-03T09:00:00+00:00
2019-01-02T14:19:29+00:00,2019-01-02T14:15:00+00:00,Wednesday,14,"[""h3_atr_change_4"", ""h3_slope_atr_8""]",2.0,195,152.0,2019-01-01T00:00:00+00:00,153.0,38.0,12.0,"[""h3_atr_change_4"", ""h3_slope_atr_8""]",UNEXPLAINED_DATA_GAP,MIDWEEK_SEGMENT_WARMUP,True,2019-01-02T14:00:00+00:00,2019-01-02T14:30:00+00:00,2018-12-27T00:00:00+00:00,2019-01-03T09:00:00+00:00
2019-01-03T00:35:40+00:00,2019-01-03T00:30:00+00:00,Thursday,0,"[""h3_atr_change_4""]",1.0,195,193.0,2019-01-01T00:00:00+00:00,194.0,48.0,16.0,"[""h3_atr_change_4""]",UNEXPLAINED_DATA_GAP,MIDWEEK_SEGMENT_WARMUP,True,2019-01-03T00:15:00+00:00,2019-01-03T00:45:00+00:00,2018-12-27T00:00:00+00:00,2019-01-03T09:00:00+00:00
2019-01-03T08:10:05+00:00,2019-01-03T08:00:00+00:00,Thursday,8,"[""h3_atr_change_4""]",1.0,195,223.0,2019-01-01T00:00:00+00:00,224.0,56.0,18.0,"[""h3_atr_change_4""]",UNEXPLAINED_DATA_GAP,MIDWEEK_SEGMENT_WARMUP,True,2019-01-03T07:45:00+00:00,2019-01-03T08:15:00+00:00,2018-12-27T00:00:00+00:00,2019-01-03T09:00:00+00:00
2019-01-04T23:05:37+00:00,2019-01-04T23:00:00+00:00,Friday,23,,,,,,,,,,,SOURCE_BAR_GAP,True,2019-01-04T22:00:00+00:00,2019-01-06T00:15:00+00:00,2019-01-04T22:00:00+00:00,2019-01-08T09:00:00+00:00
2019-01-07T08:07:34+00:00,2019-01-07T08:00:00+00:00,Monday,8,"[""h3_atr_change_4"", ""h3_slope_atr_8""]",2.0,196,127.0,2019-01-06T00:00:00+00:00,128.0,32.0,10.0,"[""h3_atr_change_4"", ""h3_slope_atr_8""]",UNEXPLAINED_DATA_GAP,WEEKLY_SEGMENT_WARMUP,True,2019-01-07T07:45:00+00:00,2019-01-07T08:15:00+00:00,2019-01-04T22:00:00+00:00,2019-01-08T09:00:00+00:00
2019-01-07T20:00:03+00:00,2019-01-07T20:00:00+00:00,Monday,20,"[""h3_atr_change_4"", ""h3_slope_atr_8""]",2.0,196,175.0,2019-01-06T00:00:00+00:00,176.0,44.0,14.0,"[""h3_atr_change_4"", ""h3_slope_atr_8""]",UNEXPLAINED_DATA_GAP,WEEKLY_SEGMENT_WARMUP,True,2019-01-07T19:45:00+00:00,2019-01-07T20:15:00+00:00,2019-01-04T22:00:00+00:00,2019-01-08T09:00:00+00:00
2019-01-08T02:42:27+00:00,2019-01-08T02:30:00+00:00,Tuesday,2,"[""h3_atr_change_4""]",1.0,196,201.0,2019-01-06T00:00:00+00:00,202.0,50.0,16.0,"[""h3_atr_change_4""]",UNEXPLAINED_DATA_GAP,WEEKLY_SEGMENT_WARMUP,True,2019-01-08T02:15:00+00:00,2019-01-08T02:45:00+00:00,2019-01-04T22:00:00+00:00,2019-01-08T09:00:00+00:00
2019-01-14T09:18:41+00:00,2019-01-14T09:15:00+00:00,Monday,9,"[""h3_atr_change_4"", ""h3_slope_atr_8""]",2.0,197,132.0,2019-01-13T00:00:00+00:00,133.0,33.0,11.0,"[""h3_atr_change_4"", ""h3_slope_atr_8""]",UNEXPLAINED_DATA_GAP,WEEKLY_SEGMENT_WARMUP,True,2019-01-14T09:00:00+00:00,2019-01-14T09:30:00+00:00,2019-01-11T22:00:00+00:00,2019-01-22T09:00:00+00:00
2019-01-14T11:05:40+00:00,2019-01-14T11:00:00+00:00,Monday,11,"[""h3_atr_change_4"", ""h3_slope_atr_8""]",2.0,197,139.0,2019-01-13T00:00:00+00:00,140.0,35.0,11.0,"[""h3_atr_change_4"", ""h3_slope_atr_8""]",UNEXPLAINED_DATA_GAP,WEEKLY_SEGMENT_WARMUP,True,2019-01-14T10:45:00+00:00,2019-01-14T11:15:00+00:00,2019-01-11T22:00:00+00:00,2019-01-22T09:00:00+00:00
2019-01-15T08:00:05+00:00,2019-01-15T08:00:00+00:00,Tuesday,8,,,,,,,,,,,SOURCE_BAR_GAP,True,2019-01-15T00:00:00+00:00,2019-01-16T00:15:00+00:00,2019-01-11T22:00:00+00:00,2019-01-22T09:00:00+00:00
2019-01-15T18:10:39+00:00,2019-01-15T18:00:00+00:00,Tuesday,18,,,,,,,,,,,SOURCE_BAR_GAP,True,2019-01-15T00:00:00+00:00,2019-01-16T00:15:00+00:00,2019-01-11T22:00:00+00:00,2019-01-22T09:00:00+00:00
2019-01-16T02:02:28+00:00,2019-01-16T02:00:00+00:00,Wednesday,2,"[""er_16"", ""rv_16"", ""atr_change_1"", ""atr_change_8"", ""slope_atr_4"", ""slope_atr_16"", ""range_pos_16"", ""h1_er_8"", ""h1_atr_change_4"", ""h1_slope_atr_8"", ""h3_er_8"", ""h3_atr_change_4"", ""h3_slope_atr_8""]",13.0,198,7.0,2019-01-16T00:00:00+00:00,8.0,2.0,0.0,"[""er_16"", ""rv_16"", ""atr_change_1"", ""atr_change_8"", ""slope_atr_4"", ""slope_atr_16"", ""range_pos_16"", ""h1_er_8"", ""h1_atr_change_4"", ""h1_slope_atr_8"", ""h3_er_8"", ""h3_atr_change_4"", ""h3_slope_atr_8""]",UNEXPLAINED_DATA_GAP,MIDWEEK_SEGMENT_WARMUP,True,2019-01-16T01:45:00+00:00,2019-01-16T02:15:00+00:00,2019-01-11T22:00:00+00:00,2019-01-22T09:00:00+00:00
2019-01-16T12:56:59+00:00,2019-01-16T12:45:00+00:00,Wednesday,12,"[""h1_atr_change_4"", ""h1_slope_atr_8"", ""h3_er_8"", ""h3_atr_change_4"", ""h3_slope_atr_8""]",5.0,198,50.0,2019-01-16T00:00:00+00:00,51.0,12.0,4.0,"[""h1_atr_change_4"", ""h1_slope_atr_8"", ""h3_er_8"", ""h3_atr_change_4"", ""h3_slope_atr_8""]",UNEXPLAINED_DATA_GAP,MIDWEEK_SEGMENT_WARMUP,True,2019-01-16T12:30:00+00:00,2019-01-16T13:00:00+00:00,2019-01-11T22:00:00+00:00,2019-01-22T09:00:00+00:00
2019-01-16T22:25:05+00:00,2019-01-16T22:15:00+00:00,Wednesday,22,"[""h3_er_8"", ""h3_atr_change_4"", ""h3_slope_atr_8""]",3.0,198,88.0,2019-01-16T00:00:00+00:00,89.0,22.0,7.0,"[""h3_er_8"", ""h3_atr_change_4"", ""h3_slope_atr_8""]",UNEXPLAINED_DATA_GAP,MIDWEEK_SEGMENT_WARMUP,True,2019-01-16T22:00:00+00:00,2019-01-16T22:30:00+00:00,2019-01-11T22:00:00+00:00,2019-01-22T09:00:00+00:00
2019-01-17T09:11:28+00:00,2019-01-17T09:00:00+00:00,Thursday,9,"[""h3_atr_change_4"", ""h3_slope_atr_8""]",2.0,198,131.0,2019-01-16T00:00:00+00:00,132.0,33.0,11.0,"[""h3_atr_change_4"", ""h3_slope_atr_8""]",UNEXPLAINED_DATA_GAP,MIDWEEK_SEGMENT_WARMUP,True,2019-01-17T08:45:00+00:00,2019-01-17T09:15:00+00:00,2019-01-11T22:00:00+00:00,2019-01-22T09:00:00+00:00
2019-01-17T15:30:59+00:00,2019-01-17T15:30:00+00:00,Thursday,15,"[""h3_atr_change_4"", ""h3_slope_atr_8""]",2.0,198,157.0,2019-01-16T00:00:00+00:00,158.0,39.0,13.0,"[""h3_atr_change_4"", ""h3_slope_atr_8""]",UNEXPLAINED_DATA_GAP,MIDWEEK_SEGMENT_WARMUP,True,2019-01-17T15:15:00+00:00,2019-01-17T15:45:00+00:00,2019-01-11T22:00:00+00:00,2019-01-22T09:00:00+00:00
2019-01-17T20:59:31+00:00,2019-01-17T20:45:00+00:00,Thursday,20,"[""h3_atr_change_4"", ""h3_slope_atr_8""]",2.0,198,178.0,2019-01-16T00:00:00+00:00,179.0,44.0,14.0,"[""h3_atr_change_4"", ""h3_slope_atr_8""]",UNEXPLAINED_DATA_GAP,MIDWEEK_SEGMENT_WARMUP,True,2019-01-17T20:30:00+00:00,2019-01-17T21:00:00+00:00,2019-01-11T22:00:00+00:00,2019-01-22T09:00:00+00:00
2019-01-18T02:05:59+00:00,2019-01-18T02:00:00+00:00,Friday,2,,,,,,,,,,,SOURCE_BAR_GAP,True,2019-01-18T00:00:00+00:00,2019-01-20T00:15:00+00:00,2019-01-11T22:00:00+00:00,2019-01-22T09:00:00+00:00
2019-01-18T07:34:11+00:00,2019-01-18T07:30:00+00:00,Friday,7,,,,,,,,,,,SOURCE_BAR_GAP,True,2019-01-18T00:00:00+00:00,2019-01-20T00:15:00+00:00,2019-01-11T22:00:00+00:00,2019-01-22T09:00:00+00:00
2019-01-18T16:35:05+00:00,2019-01-18T16:30:00+00:00,Friday,16,,,,,,,,,,,SOURCE_BAR_GAP,True,2019-01-18T00:00:00+00:00,2019-01-20T00:15:00+00:00,2019-01-11T22:00:00+00:00,2019-01-22T09:00:00+00:00
2019-01-28T05:08:28+00:00,2019-01-28T05:00:00+00:00,Monday,5,"[""h3_atr_change_4"", ""h3_slope_atr_8""]",2.0,200,115.0,2019-01-27T00:00:00+00:00,116.0,29.0,9.0,"[""h3_atr_change_4"", ""h3_slope_atr_8""]",UNEXPLAINED_DATA_GAP,WEEKLY_SEGMENT_WARMUP,True,2019-01-28T04:45:00+00:00,2019-01-28T05:15:00+00:00,2019-01-25T22:00:00+00:00,2019-02-01T09:00:00+00:00
2019-01-28T08:12:40+00:00,2019-01-28T08:00:00+00:00,Monday,8,"[""h3_atr_change_4"", ""h3_slope_atr_8""]",2.0,200,127.0,2019-01-27T00:00:00+00:00,128.0,32.0,10.0,"[""h3_atr_change_4"", ""h3_slope_atr_8""]",UNEXPLAINED_DATA_GAP,WEEKLY_SEGMENT_WARMUP,True,2019-01-28T07:45:00+00:00,2019-01-28T08:15:00+00:00,2019-01-25T22:00:00+00:00,2019-02-01T09:00:00+00:00
2019-01-29T02:24:32+00:00,2019-01-29T02:15:00+00:00,Tuesday,2,,,,,,,,,,,SOURCE_BAR_GAP,True,2019-01-29T00:00:00+00:00,2019-01-30T00:15:00+00:00,2019-01-25T22:00:00+00:00,2019-02-01T09:00:00+00:00
2019-01-29T14:16:01+00:00,2019-01-29T14:15:00+00:00,Tuesday,14,,,,,,,,,,,SOURCE_BAR_GAP,True,2019-01-29T00:00:00+00:00,2019-01-30T00:15:00+00:00,2019-01-25T22:00:00+00:00,2019-02-01T09:00:00+00:00
2019-01-29T20:24:40+00:00,2019-01-29T20:15:00+00:00,Tuesday,20,,,,,,,,,,,SOURCE_BAR_GAP,True,2019-01-29T00:00:00+00:00,2019-01-30T00:15:00+00:00,2019-01-25T22:00:00+00:00,2019-02-01T09:00:00+00:00
2019-01-30T02:22:27+00:00,2019-01-30T02:15:00+00:00,Wednesday,2,"[""er_16"", ""rv_16"", ""atr_change_1"", ""atr_change_8"", ""slope_atr_4"", ""slope_atr_16"", ""range_pos_16"", ""h1_er_8"", ""h1_atr_change_4"", ""h1_slope_atr_8"", ""h3_er_8"", ""h3_atr_change_4"", ""h3_slope_atr_8""]",13.0,201,8.0,2019-01-30T00:00:00+00:00,9.0,2.0,0.0,"[""er_16"", ""rv_16"", ""atr_change_1"", ""atr_change_8"", ""slope_atr_4"", ""slope_atr_16"", ""range_pos_16"", ""h1_er_8"", ""h1_atr_change_4"", ""h1_slope_atr_8"", ""h3_er_8"", ""h3_atr_change_4"", ""h3_slope_atr_8""]",UNEXPLAINED_DATA_GAP,MIDWEEK_SEGMENT_WARMUP,True,2019-01-30T02:00:00+00:00,2019-01-30T02:30:00+00:00,2019-01-25T22:00:00+00:00,2019-02-01T09:00:00+00:00
2019-01-30T08:59:31+00:00,2019-01-30T08:45:00+00:00,Wednesday,8,"[""h1_er_8"", ""h1_atr_change_4"", ""h1_slope_atr_8"", ""h3_er_8"", ""h3_atr_change_4"", ""h3_slope_atr_8""]",6.0,201,34.0,2019-01-30T00:00:00+00:00,35.0,8.0,2.0,"[""h1_er_8"", ""h1_atr_change_4"", ""h1_slope_atr_8"", ""h3_er_8"", ""h3_atr_change_4"", ""h3_slope_atr_8""]",UNEXPLAINED_DATA_GAP,MIDWEEK_SEGMENT_WARMUP,True,2019-01-30T08:30:00+00:00,2019-01-30T09:00:00+00:00,2019-01-25T22:00:00+00:00,2019-02-01T09:00:00+00:00
2019-01-30T14:59:40+00:00,2019-01-30T14:45:00+00:00,Wednesday,14,"[""h1_atr_change_4"", ""h1_slope_atr_8"", ""h3_er_8"", ""h3_atr_change_4"", ""h3_slope_atr_8""]",5.0,201,58.0,2019-01-30T00:00:00+00:00,59.0,14.0,4.0,"[""h1_atr_change_4"", ""h1_slope_atr_8"", ""h3_er_8"", ""h3_atr_change_4"", ""h3_slope_atr_8""]",UNEXPLAINED_DATA_GAP,MIDWEEK_SEGMENT_WARMUP,True,2019-01-30T14:30:00+00:00,2019-01-30T15:00:00+00:00,2019-01-25T22:00:00+00:00,2019-02-01T09:00:00+00:00
2019-01-31T08:07:38+00:00,2019-01-31T08:00:00+00:00,Thursday,8,"[""h3_atr_change_4"", ""h3_slope_atr_8""]",2.0,201,127.0,2019-01-30T00:00:00+00:00,128.0,32.0,10.0,"[""h3_atr_change_4"", ""h3_slope_atr_8""]",UNEXPLAINED_DATA_GAP,MIDWEEK_SEGMENT_WARMUP,True,2019-01-31T07:45:00+00:00,2019-01-31T08:15:00+00:00,2019-01-25T22:00:00+00:00,2019-02-01T09:00:00+00:00
2019-01-31T12:02:05+00:00,2019-01-31T12:00:00+00:00,Thursday,12,"[""h3_atr_change_4"", ""h3_slope_atr_8""]",2.0,201,143.0,2019-01-30T00:00:00+00:00,144.0,36.0,12.0,"[""h3_atr_change_4"", ""h3_slope_atr_8""]",UNEXPLAINED_DATA_GAP,MIDWEEK_SEGMENT_WARMUP,True,2019-01-31T11:45:00+00:00,2019-01-31T12:15:00+00:00,2019-01-25T22:00:00+00:00,2019-02-01T09:00:00+00:00
2019-01-31T16:10:41+00:00,2019-01-31T16:00:00+00:00,Thursday,16,"[""h3_atr_change_4"", ""h3_slope_atr_8""]",2.0,201,159.0,2019-01-30T00:00:00+00:00,160.0,40.0,13.0,"[""h3_atr_change_4"", ""h3_slope_atr_8""]",UNEXPLAINED_DATA_GAP,MIDWEEK_SEGMENT_WARMUP,True,2019-01-31T15:45:00+00:00,2019-01-31T16:15:00+00:00,2019-01-25T22:00:00+00:00,2019-02-01T09:00:00+00:00
2019-01-31T18:07:17+00:00,2019-01-31T18:00:00+00:00,Thursday,18,"[""h3_atr_change_4"", ""h3_slope_atr_8""]",2.0,201,167.0,2019-01-30T00:00:00+00:00,168.0,42.0,14.0,"[""h3_atr_change_4"", ""h3_slope_atr_8""]",UNEXPLAINED_DATA_GAP,MIDWEEK_SEGMENT_WARMUP,True,2019-01-31T17:45:00+00:00,2019-01-31T18:15:00+00:00,2019-01-25T22:00:00+00:00,2019-02-01T09:00:00+00:00
2019-02-06T23:46:38+00:00,2019-02-06T23:45:00+00:00,Wednesday,23,,,,,,,,,,,SOURCE_BAR_GAP,True,2019-02-06T00:00:00+00:00,2019-02-07T00:15:00+00:00,2019-02-06T00:00:00+00:00,2019-02-12T09:00:00+00:00
2019-02-07T03:20:59+00:00,2019-02-07T03:15:00+00:00,Thursday,3,"[""er_16"", ""rv_16"", ""atr_change_1"", ""atr_change_8"", ""slope_atr_4"", ""slope_atr_16"", ""range_pos_16"", ""h1_er_8"", ""h1_atr_change_4"", ""h1_slope_atr_8"", ""h3_er_8"", ""h3_atr_change_4"", ""h3_slope_atr_8""]",13.0,203,12.0,2019-02-07T00:00:00+00:00,13.0,3.0,1.0,"[""er_16"", ""rv_16"", ""atr_change_1"", ""atr_change_8"", ""slope_atr_4"", ""slope_atr_16"", ""range_pos_16"", ""h1_er_8"", ""h1_atr_change_4"", ""h1_slope_atr_8"", ""h3_er_8"", ""h3_atr_change_4"", ""h3_slope_atr_8""]",UNEXPLAINED_DATA_GAP,MIDWEEK_SEGMENT_WARMUP,True,2019-02-07T03:00:00+00:00,2019-02-07T03:30:00+00:00,2019-02-06T00:00:00+00:00,2019-02-12T09:00:00+00:00
2019-02-08T11:10:30+00:00,2019-02-08T11:00:00+00:00,Friday,11,"[""h3_atr_change_4"", ""h3_slope_atr_8""]",2.0,203,139.0,2019-02-07T00:00:00+00:00,140.0,35.0,11.0,"[""h3_atr_change_4"", ""h3_slope_atr_8""]",UNEXPLAINED_DATA_GAP,MIDWEEK_SEGMENT_WARMUP,True,2019-02-08T10:45:00+00:00,2019-02-08T11:15:00+00:00,2019-02-06T00:00:00+00:00,2019-02-12T09:00:00+00:00
2019-02-08T17:00:37+00:00,2019-02-08T17:00:00+00:00,Friday,17,"[""h3_atr_change_4"", ""h3_slope_atr_8""]",2.0,203,163.0,2019-02-07T00:00:00+00:00,164.0,41.0,13.0,"[""h3_atr_change_4"", ""h3_slope_atr_8""]",UNEXPLAINED_DATA_GAP,MIDWEEK_SEGMENT_WARMUP,True,2019-02-08T16:45:00+00:00,2019-02-08T17:15:00+00:00,2019-02-06T00:00:00+00:00,2019-02-12T09:00:00+00:00
2019-02-08T21:23:24+00:00,2019-02-08T21:15:00+00:00,Friday,21,"[""h3_atr_change_4""]",1.0,203,180.0,2019-02-07T00:00:00+00:00,181.0,45.0,15.0,"[""h3_atr_change_4""]",UNEXPLAINED_DATA_GAP,MIDWEEK_SEGMENT_WARMUP,True,2019-02-08T21:00:00+00:00,2019-02-08T21:30:00+00:00,2019-02-06T00:00:00+00:00,2019-02-12T09:00:00+00:00
2019-02-11T05:01:18+00:00,2019-02-11T05:00:00+00:00,Monday,5,"[""h3_atr_change_4"", ""h3_slope_atr_8""]",2.0,204,115.0,2019-02-10T00:00:00+00:00,116.0,29.0,9.0,"[""h3_atr_change_4"", ""h3_slope_atr_8""]",UNEXPLAINED_DATA_GAP,WEEKLY_SEGMENT_WARMUP,True,2019-02-11T04:45:00+00:00,2019-02-11T05:15:00+00:00,2019-02-06T00:00:00+00:00,2019-02-12T09:00:00+00:00
2019-02-11T12:06:16+00:00,2019-02-11T12:00:00+00:00,Monday,12,"[""h3_atr_change_4"", ""h3_slope_atr_8""]",2.0,204,143.0,2019-02-10T00:00:00+00:00,144.0,36.0,12.0,"[""h3_atr_change_4"", ""h3_slope_atr_8""]",UNEXPLAINED_DATA_GAP,WEEKLY_SEGMENT_WARMUP,True,2019-02-11T11:45:00+00:00,2019-02-11T12:15:00+00:00,2019-02-06T00:00:00+00:00,2019-02-12T09:00:00+00:00
2019-02-11T14:08:38+00:00,2019-02-11T14:00:00+00:00,Monday,14,"[""h3_atr_change_4"", ""h3_slope_atr_8""]",2.0,204,151.0,2019-02-10T00:00:00+00:00,152.0,38.0,12.0,"[""h3_atr_change_4"", ""h3_slope_atr_8""]",UNEXPLAINED_DATA_GAP,WEEKLY_SEGMENT_WARMUP,True,2019-02-11T13:45:00+00:00,2019-02-11T14:15:00+00:00,2019-02-06T00:00:00+00:00,2019-02-12T09:00:00+00:00
2019-02-11T19:58:05+00:00,2019-02-11T19:45:00+00:00,Monday,19,"[""h3_atr_change_4"", ""h3_slope_atr_8""]",2.0,204,174.0,2019-02-10T00:00:00+00:00,175.0,43.0,14.0,"[""h3_atr_change_4"", ""h3_slope_atr_8""]",UNEXPLAINED_DATA_GAP,WEEKLY_SEGMENT_WARMUP,True,2019-02-11T19:30:00+00:00,2019-02-11T20:00:00+00:00,2019-02-06T00:00:00+00:00,2019-02-12T09:00:00+00:00
2019-02-12T02:04:21+00:00,2019-02-12T02:00:00+00:00,Tuesday,2,"[""h3_atr_change_4""]",1.0,204,199.0,2019-02-10T00:00:00+00:00,200.0,50.0,16.0,"[""h3_atr_change_4""]",UNEXPLAINED_DATA_GAP,WEEKLY_SEGMENT_WARMUP,True,2019-02-12T01:45:00+00:00,2019-02-12T02:15:00+00:00,2019-02-06T00:00:00+00:00,2019-02-12T09:00:00+00:00
2019-02-18T10:08:24+00:00,2019-02-18T10:00:00+00:00,Monday,10,,,,,,,,,,,SOURCE_BAR_GAP,True,2019-02-18T00:00:00+00:00,2019-02-19T00:15:00+00:00,2019-02-15T22:00:00+00:00,2019-02-21T09:00:00+00:00
2019-02-18T11:05:13+00:00,2019-02-18T11:00:00+00:00,Monday,11,,,,,,,,,,,SOURCE_BAR_GAP,True,2019-02-18T00:00:00+00:00,2019-02-19T00:15:00+00:00,2019-02-15T22:00:00+00:00,2019-02-21T09:00:00+00:00
2019-02-18T17:28:24+00:00,2019-02-18T17:15:00+00:00,Monday,17,,,,,,,,,,,SOURCE_BAR_GAP,True,2019-02-18T00:00:00+00:00,2019-02-19T00:15:00+00:00,2019-02-15T22:00:00+00:00,2019-02-21T09:00:00+00:00
2019-02-19T13:36:39+00:00,2019-02-19T13:30:00+00:00,Tuesday,13,"[""h1_atr_change_4"", ""h1_slope_atr_8"", ""h3_er_8"", ""h3_atr_change_4"", ""h3_slope_atr_8""]",5.0,206,53.0,2019-02-19T00:00:00+00:00,54.0,13.0,4.0,"[""h1_atr_change_4"", ""h1_slope_atr_8"", ""h3_er_8"", ""h3_atr_change_4"", ""h3_slope_atr_8""]",UNEXPLAINED_DATA_GAP,MIDWEEK_SEGMENT_WARMUP,True,2019-02-19T13:15:00+00:00,2019-02-19T13:45:00+00:00,2019-02-15T22:00:00+00:00,2019-02-21T09:00:00+00:00
2019-02-20T00:31:18+00:00,2019-02-20T00:30:00+00:00,Wednesday,0,"[""h3_er_8"", ""h3_atr_change_4"", ""h3_slope_atr_8""]",3.0,206,97.0,2019-02-19T00:00:00+00:00,98.0,24.0,8.0,"[""h3_er_8"", ""h3_atr_change_4"", ""h3_slope_atr_8""]",UNEXPLAINED_DATA_GAP,MIDWEEK_SEGMENT_WARMUP,True,2019-02-20T00:15:00+00:00,2019-02-20T00:45:00+00:00,2019-02-15T22:00:00+00:00,2019-02-21T09:00:00+00:00
2019-02-20T14:09:36+00:00,2019-02-20T14:00:00+00:00,Wednesday,14,"[""h3_atr_change_4"", ""h3_slope_atr_8""]",2.0,206,151.0,2019-02-19T00:00:00+00:00,152.0,38.0,12.0,"[""h3_atr_change_4"", ""h3_slope_atr_8""]",UNEXPLAINED_DATA_GAP,MIDWEEK_SEGMENT_WARMUP,True,2019-02-20T13:45:00+00:00,2019-02-20T14:15:00+00:00,2019-02-15T22:00:00+00:00,2019-02-21T09:00:00+00:00
2019-02-21T03:24:42+00:00,2019-02-21T03:15:00+00:00,Thursday,3,"[""h3_atr_change_4""]",1.0,206,204.0,2019-02-19T00:00:00+00:00,205.0,51.0,17.0,"[""h3_atr_change_4""]",UNEXPLAINED_DATA_GAP,MIDWEEK_SEGMENT_WARMUP,True,2019-02-21T03:00:00+00:00,2019-02-21T03:30:00+00:00,2019-02-15T22:00:00+00:00,2019-02-21T09:00:00+00:00
2019-02-21T08:01:21+00:00,2019-02-21T08:00:00+00:00,Thursday,8,"[""h3_atr_change_4""]",1.0,206,223.0,2019-02-19T00:00:00+00:00,224.0,56.0,18.0,"[""h3_atr_change_4""]",UNEXPLAINED_DATA_GAP,MIDWEEK_SEGMENT_WARMUP,True,2019-02-21T07:45:00+00:00,2019-02-21T08:15:00+00:00,2019-02-15T22:00:00+00:00,2019-02-21T09:00:00+00:00
2019-02-25T19:07:38+00:00,2019-02-25T19:00:00+00:00,Monday,19,,,,,,,,,,,SOURCE_BAR_GAP,True,2019-02-25T00:00:00+00:00,2019-02-26T00:15:00+00:00,2019-02-22T22:00:00+00:00,2019-02-28T09:00:00+00:00
2019-02-26T03:25:07+00:00,2019-02-26T03:15:00+00:00,Tuesday,3,"[""er_16"", ""rv_16"", ""atr_change_1"", ""atr_change_8"", ""slope_atr_4"", ""slope_atr_16"", ""range_pos_16"", ""h1_er_8"", ""h1_atr_change_4"", ""h1_slope_atr_8"", ""h3_er_8"", ""h3_atr_change_4"", ""h3_slope_atr_8""]",13.0,208,12.0,2019-02-26T00:00:00+00:00,13.0,3.0,1.0,"[""er_16"", ""rv_16"", ""atr_change_1"", ""atr_change_8"", ""slope_atr_4"", ""slope_atr_16"", ""range_pos_16"", ""h1_er_8"", ""h1_atr_change_4"", ""h1_slope_atr_8"", ""h3_er_8"", ""h3_atr_change_4"", ""h3_slope_atr_8""]",UNEXPLAINED_DATA_GAP,MIDWEEK_SEGMENT_WARMUP,True,2019-02-26T03:00:00+00:00,2019-02-26T03:30:00+00:00,2019-02-22T22:00:00+00:00,2019-02-28T09:00:00+00:00
2019-02-26T05:34:41+00:00,2019-02-26T05:30:00+00:00,Tuesday,5,"[""atr_change_8"", ""h1_er_8"", ""h1_atr_change_4"", ""h1_slope_atr_8"", ""h3_er_8"", ""h3_atr_change_4"", ""h3_slope_atr_8""]",7.0,208,21.0,2019-02-26T00:00:00+00:00,22.0,5.0,1.0,"[""atr_change_8"", ""h1_er_8"", ""h1_atr_change_4"", ""h1_slope_atr_8"", ""h3_er_8"", ""h3_atr_change_4"", ""h3_slope_atr_8""]",UNEXPLAINED_DATA_GAP,MIDWEEK_SEGMENT_WARMUP,True,2019-02-26T05:15:00+00:00,2019-02-26T05:45:00+00:00,2019-02-22T22:00:00+00:00,2019-02-28T09:00:00+00:00
2019-02-26T17:00:27+00:00,2019-02-26T17:00:00+00:00,Tuesday,17,"[""h1_atr_change_4"", ""h3_er_8"", ""h3_atr_change_4"", ""h3_slope_atr_8""]",4.0,208,67.0,2019-02-26T00:00:00+00:00,68.0,17.0,5.0,"[""h1_atr_change_4"", ""h3_er_8"", ""h3_atr_change_4"", ""h3_slope_atr_8""]",UNEXPLAINED_DATA_GAP,MIDWEEK_SEGMENT_WARMUP,True,2019-02-26T16:45:00+00:00,2019-02-26T17:15:00+00:00,2019-02-22T22:00:00+00:00,2019-02-28T09:00:00+00:00
2019-02-27T02:30:34+00:00,2019-02-27T02:30:00+00:00,Wednesday,2,"[""h3_er_8"", ""h3_atr_change_4"", ""h3_slope_atr_8""]",3.0,208,105.0,2019-02-26T00:00:00+00:00,106.0,26.0,8.0,"[""h3_er_8"", ""h3_atr_change_4"", ""h3_slope_atr_8""]",UNEXPLAINED_DATA_GAP,MIDWEEK_SEGMENT_WARMUP,True,2019-02-27T02:15:00+00:00,2019-02-27T02:45:00+00:00,2019-02-22T22:00:00+00:00,2019-02-28T09:00:00+00:00
2019-02-27T08:32:33+00:00,2019-02-27T08:30:00+00:00,Wednesday,8,"[""h3_atr_change_4"", ""h3_slope_atr_8""]",2.0,208,129.0,2019-02-26T00:00:00+00:00,130.0,32.0,10.0,"[""h3_atr_change_4"", ""h3_slope_atr_8""]",UNEXPLAINED_DATA_GAP,MIDWEEK_SEGMENT_WARMUP,True,2019-02-27T08:15:00+00:00,2019-02-27T08:45:00+00:00,2019-02-22T22:00:00+00:00,2019-02-28T09:00:00+00:00
2019-02-27T14:05:23+00:00,2019-02-27T14:00:00+00:00,Wednesday,14,"[""h3_atr_change_4"", ""h3_slope_atr_8""]",2.0,208,151.0,2019-02-26T00:00:00+00:00,152.0,38.0,12.0,"[""h3_atr_change_4"", ""h3_slope_atr_8""]",UNEXPLAINED_DATA_GAP,MIDWEEK_SEGMENT_WARMUP,True,2019-02-27T13:45:00+00:00,2019-02-27T14:15:00+00:00,2019-02-22T22:00:00+00:00,2019-02-28T09:00:00+00:00
2019-03-04T09:44:59+00:00,2019-03-04T09:30:00+00:00,Monday,9,,,,,,,,,,,SOURCE_BAR_GAP,True,2019-03-04T00:00:00+00:00,2019-03-05T00:15:00+00:00,2019-03-01T22:00:00+00:00,2019-03-12T09:00:00+00:00
2019-03-05T05:01:36+00:00,2019-03-05T05:00:00+00:00,Tuesday,5,"[""atr_change_8"", ""h1_er_8"", ""h1_atr_change_4"", ""h1_slope_atr_8"", ""h3_er_8"", ""h3_atr_change_4"", ""h3_slope_atr_8""]",7.0,210,19.0,2019-03-05T00:00:00+00:00,20.0,5.0,1.0,"[""atr_change_8"", ""h1_er_8"", ""h1_atr_change_4"", ""h1_slope_atr_8"", ""h3_er_8"", ""h3_atr_change_4"", ""h3_slope_atr_8""]",UNEXPLAINED_DATA_GAP,MIDWEEK_SEGMENT_WARMUP,True,2019-03-05T04:45:00+00:00,2019-03-05T05:15:00+00:00,2019-03-01T22:00:00+00:00,2019-03-12T09:00:00+00:00
2019-03-06T02:19:37+00:00,2019-03-06T02:15:00+00:00,Wednesday,2,"[""h3_er_8"", ""h3_atr_change_4"", ""h3_slope_atr_8""]",3.0,210,104.0,2019-03-05T00:00:00+00:00,105.0,26.0,8.0,"[""h3_er_8"", ""h3_atr_change_4"", ""h3_slope_atr_8""]",UNEXPLAINED_DATA_GAP,MIDWEEK_SEGMENT_WARMUP,True,2019-03-06T02:00:00+00:00,2019-03-06T02:30:00+00:00,2019-03-01T22:00:00+00:00,2019-03-12T09:00:00+00:00
2019-03-06T15:31:39+00:00,2019-03-06T15:30:00+00:00,Wednesday,15,"[""h3_atr_change_4"", ""h3_slope_atr_8""]",2.0,210,157.0,2019-03-05T00:00:00+00:00,158.0,39.0,13.0,"[""h3_atr_change_4"", ""h3_slope_atr_8""]",UNEXPLAINED_DATA_GAP,MIDWEEK_SEGMENT_WARMUP,True,2019-03-06T15:15:00+00:00,2019-03-06T15:45:00+00:00,2019-03-01T22:00:00+00:00,2019-03-12T09:00:00+00:00
2019-03-06T21:02:02+00:00,2019-03-06T21:00:00+00:00,Wednesday,21,"[""h3_atr_change_4""]",1.0,210,179.0,2019-03-05T00:00:00+00:00,180.0,45.0,15.0,"[""h3_atr_change_4""]",UNEXPLAINED_DATA_GAP,MIDWEEK_SEGMENT_WARMUP,True,2019-03-06T20:45:00+00:00,2019-03-06T21:15:00+00:00,2019-03-01T22:00:00+00:00,2019-03-12T09:00:00+00:00
2019-03-07T03:58:33+00:00,2019-03-07T03:45:00+00:00,Thursday,3,,,,,,,,,,,SOURCE_BAR_GAP,True,2019-03-07T00:00:00+00:00,2019-03-08T00:15:00+00:00,2019-03-01T22:00:00+00:00,2019-03-12T09:00:00+00:00
2019-03-07T14:40:35+00:00,2019-03-07T14:30:00+00:00,Thursday,14,,,,,,,,,,,SOURCE_BAR_GAP,True,2019-03-07T00:00:00+00:00,2019-03-08T00:15:00+00:00,2019-03-01T22:00:00+00:00,2019-03-12T09:00:00+00:00
2019-03-07T20:24:02+00:00,2019-03-07T20:15:00+00:00,Thursday,20,,,,,,,,,,,SOURCE_BAR_GAP,True,2019-03-07T00:00:00+00:00,2019-03-08T00:15:00+00:00,2019-03-01T22:00:00+00:00,2019-03-12T09:00:00+00:00
2019-03-08T05:10:27+00:00,2019-03-08T05:00:00+00:00,Friday,5,"[""atr_change_8"", ""h1_er_8"", ""h1_atr_change_4"", ""h1_slope_atr_8"", ""h3_er_8"", ""h3_atr_change_4"", ""h3_slope_atr_8""]",7.0,211,19.0,2019-03-08T00:00:00+00:00,20.0,5.0,1.0,"[""atr_change_8"", ""h1_er_8"", ""h1_atr_change_4"", ""h1_slope_atr_8"", ""h3_er_8"", ""h3_atr_change_4"", ""h3_slope_atr_8""]",UNEXPLAINED_DATA_GAP,MIDWEEK_SEGMENT_WARMUP,True,2019-03-08T04:45:00+00:00,2019-03-08T05:15:00+00:00,2019-03-01T22:00:00+00:00,2019-03-12T09:00:00+00:00
2019-03-12T07:50:07+00:00,2019-03-12T07:45:00+00:00,Tuesday,7,"[""h3_atr_change_4""]",1.0,212,222.0,2019-03-10T00:00:00+00:00,223.0,55.0,18.0,"[""h3_atr_change_4""]",UNEXPLAINED_DATA_GAP,WEEKLY_SEGMENT_WARMUP,True,2019-03-12T07:30:00+00:00,2019-03-12T08:00:00+00:00,2019-03-01T22:00:00+00:00,2019-03-12T09:00:00+00:00
2019-03-18T04:00:33+00:00,2019-03-18T04:00:00+00:00,Monday,4,"[""h3_atr_change_4"", ""h3_slope_atr_8""]",2.0,213,111.0,2019-03-17T00:00:00+00:00,112.0,28.0,9.0,"[""h3_atr_change_4"", ""h3_slope_atr_8""]",UNEXPLAINED_DATA_GAP,WEEKLY_SEGMENT_WARMUP,True,2019-03-18T03:45:00+00:00,2019-03-18T04:15:00+00:00,2019-03-15T21:00:00+00:00,2019-03-19T09:00:00+00:00
2019-03-18T17:30:40+00:00,2019-03-18T17:30:00+00:00,Monday,17,"[""h3_atr_change_4"", ""h3_slope_atr_8""]",2.0,213,165.0,2019-03-17T00:00:00+00:00,166.0,41.0,13.0,"[""h3_atr_change_4"", ""h3_slope_atr_8""]",UNEXPLAINED_DATA_GAP,WEEKLY_SEGMENT_WARMUP,True,2019-03-18T17:15:00+00:00,2019-03-18T17:45:00+00:00,2019-03-15T21:00:00+00:00,2019-03-19T09:00:00+00:00
2019-03-18T19:40:35+00:00,2019-03-18T19:30:00+00:00,Monday,19,"[""h3_atr_change_4"", ""h3_slope_atr_8""]",2.0,213,173.0,2019-03-17T00:00:00+00:00,174.0,43.0,14.0,"[""h3_atr_change_4"", ""h3_slope_atr_8""]",UNEXPLAINED_DATA_GAP,WEEKLY_SEGMENT_WARMUP,True,2019-03-18T19:15:00+00:00,2019-03-18T19:45:00+00:00,2019-03-15T21:00:00+00:00,2019-03-19T09:00:00+00:00
2019-03-18T22:00:51+00:00,2019-03-18T22:00:00+00:00,Monday,22,"[""h3_atr_change_4""]",1.0,213,183.0,2019-03-17T00:00:00+00:00,184.0,46.0,15.0,"[""h3_atr_change_4""]",UNEXPLAINED_DATA_GAP,WEEKLY_SEGMENT_WARMUP,True,2019-03-18T21:45:00+00:00,2019-03-18T22:15:00+00:00,2019-03-15T21:00:00+00:00,2019-03-19T09:00:00+00:00
2019-03-25T16:00:37+00:00,2019-03-25T16:00:00+00:00,Monday,16,"[""h3_atr_change_4"", ""h3_slope_atr_8""]",2.0,214,159.0,2019-03-24T00:00:00+00:00,160.0,40.0,13.0,"[""h3_atr_change_4"", ""h3_slope_atr_8""]",UNEXPLAINED_DATA_GAP,WEEKLY_SEGMENT_WARMUP,True,2019-03-25T15:45:00+00:00,2019-03-25T16:15:00+00:00,2019-03-22T21:00:00+00:00,2019-03-26T09:00:00+00:00
2019-03-25T19:17:38+00:00,2019-03-25T19:15:00+00:00,Monday,19,"[""h3_atr_change_4"", ""h3_slope_atr_8""]",2.0,214,172.0,2019-03-24T00:00:00+00:00,173.0,43.0,14.0,"[""h3_atr_change_4"", ""h3_slope_atr_8""]",UNEXPLAINED_DATA_GAP,WEEKLY_SEGMENT_WARMUP,True,2019-03-25T19:00:00+00:00,2019-03-25T19:30:00+00:00,2019-03-22T21:00:00+00:00,2019-03-26T09:00:00+00:00
2019-03-26T07:18:59+00:00,2019-03-26T07:15:00+00:00,Tuesday,7,"[""h3_atr_change_4""]",1.0,214,220.0,2019-03-24T00:00:00+00:00,221.0,55.0,18.0,"[""h3_atr_change_4""]",UNEXPLAINED_DATA_GAP,WEEKLY_SEGMENT_WARMUP,True,2019-03-26T07:00:00+00:00,2019-03-26T07:30:00+00:00,2019-03-22T21:00:00+00:00,2019-03-26T09:00:00+00:00
2019-04-01T10:14:33+00:00,2019-04-01T10:00:00+00:00,Monday,10,"[""h3_atr_change_4"", ""h3_slope_atr_8""]",2.0,215,135.0,2019-03-31T00:00:00+00:00,136.0,34.0,11.0,"[""h3_atr_change_4"", ""h3_slope_atr_8""]",UNEXPLAINED_DATA_GAP,WEEKLY_SEGMENT_WARMUP,True,2019-04-01T09:45:00+00:00,2019-04-01T10:15:00+00:00,2019-03-29T21:00:00+00:00,2019-04-02T09:00:00+00:00
2019-04-01T14:05:03+00:00,2019-04-01T14:00:00+00:00,Monday,14,"[""h3_atr_change_4"", ""h3_slope_atr_8""]",2.0,215,151.0,2019-03-31T00:00:00+00:00,152.0,38.0,12.0,"[""h3_atr_change_4"", ""h3_slope_atr_8""]",UNEXPLAINED_DATA_GAP,WEEKLY_SEGMENT_WARMUP,True,2019-04-01T13:45:00+00:00,2019-04-01T14:15:00+00:00,2019-03-29T21:00:00+00:00,2019-04-02T09:00:00+00:00
2019-04-01T16:00:28+00:00,2019-04-01T16:00:00+00:00,Monday,16,"[""h3_atr_change_4"", ""h3_slope_atr_8""]",2.0,215,159.0,2019-03-31T00:00:00+00:00,160.0,40.0,13.0,"[""h3_atr_change_4"", ""h3_slope_atr_8""]",UNEXPLAINED_DATA_GAP,WEEKLY_SEGMENT_WARMUP,True,2019-04-01T15:45:00+00:00,2019-04-01T16:15:00+00:00,2019-03-29T21:00:00+00:00,2019-04-02T09:00:00+00:00
2019-04-02T00:02:59+00:00,2019-04-02T00:00:00+00:00,Tuesday,0,"[""h3_atr_change_4""]",1.0,215,191.0,2019-03-31T00:00:00+00:00,192.0,48.0,16.0,"[""h3_atr_change_4""]",UNEXPLAINED_DATA_GAP,WEEKLY_SEGMENT_WARMUP,True,2019-04-01T23:45:00+00:00,2019-04-02T00:15:00+00:00,2019-03-29T21:00:00+00:00,2019-04-02T09:00:00+00:00
2019-04-05T22:08:32+00:00,2019-04-05T22:00:00+00:00,Friday,22,,,,,,,,,,,SOURCE_BAR_GAP,True,2019-04-05T21:00:00+00:00,2019-04-07T00:15:00+00:00,2019-04-05T21:00:00+00:00,2019-04-12T09:00:00+00:00
2019-04-08T10:14:39+00:00,2019-04-08T10:00:00+00:00,Monday,10,,,,,,,,,,,SOURCE_BAR_GAP,True,2019-04-08T00:00:00+00:00,2019-04-10T00:15:00+00:00,2019-04-05T21:00:00+00:00,2019-04-12T09:00:00+00:00
2019-04-08T22:00:27+00:00,2019-04-08T22:00:00+00:00,Monday,22,,,,,,,,,,,SOURCE_BAR_GAP,True,2019-04-08T00:00:00+00:00,2019-04-10T00:15:00+00:00,2019-04-05T21:00:00+00:00,2019-04-12T09:00:00+00:00
2019-04-09T10:03:02+00:00,2019-04-09T10:00:00+00:00,Tuesday,10,,,,,,,,,,,SOURCE_BAR_GAP,True,2019-04-08T00:00:00+00:00,2019-04-10T00:15:00+00:00,2019-04-05T21:00:00+00:00,2019-04-12T09:00:00+00:00
2019-04-09T18:23:12+00:00,2019-04-09T18:15:00+00:00,Tuesday,18,,,,,,,,,,,SOURCE_BAR_GAP,True,2019-04-08T00:00:00+00:00,2019-04-10T00:15:00+00:00,2019-04-05T21:00:00+00:00,2019-04-12T09:00:00+00:00
2019-04-09T19:12:33+00:00,2019-04-09T19:00:00+00:00,Tuesday,19,,,,,,,,,,,SOURCE_BAR_GAP,True,2019-04-08T00:00:00+00:00,2019-04-10T00:15:00+00:00,2019-04-05T21:00:00+00:00,2019-04-12T09:00:00+00:00
2019-04-10T16:15:15+00:00,2019-04-10T16:15:00+00:00,Wednesday,16,"[""h1_atr_change_4"", ""h3_er_8"", ""h3_atr_change_4"", ""h3_slope_atr_8""]",4.0,217,64.0,2019-04-10T00:00:00+00:00,65.0,16.0,5.0,"[""h1_atr_change_4"", ""h3_er_8"", ""h3_atr_change_4"", ""h3_slope_atr_8""]",UNEXPLAINED_DATA_GAP,MIDWEEK_SEGMENT_WARMUP,True,2019-04-10T16:00:00+00:00,2019-04-10T16:30:00+00:00,2019-04-05T21:00:00+00:00,2019-04-12T09:00:00+00:00
2019-04-11T06:23:00+00:00,2019-04-11T06:15:00+00:00,Thursday,6,"[""h3_atr_change_4"", ""h3_slope_atr_8""]",2.0,217,120.0,2019-04-10T00:00:00+00:00,121.0,30.0,10.0,"[""h3_atr_change_4"", ""h3_slope_atr_8""]",UNEXPLAINED_DATA_GAP,MIDWEEK_SEGMENT_WARMUP,True,2019-04-11T06:00:00+00:00,2019-04-11T06:30:00+00:00,2019-04-05T21:00:00+00:00,2019-04-12T09:00:00+00:00
2019-04-11T13:00:13+00:00,2019-04-11T13:00:00+00:00,Thursday,13,"[""h3_atr_change_4"", ""h3_slope_atr_8""]",2.0,217,147.0,2019-04-10T00:00:00+00:00,148.0,37.0,12.0,"[""h3_atr_change_4"", ""h3_slope_atr_8""]",UNEXPLAINED_DATA_GAP,MIDWEEK_SEGMENT_WARMUP,True,2019-04-11T12:45:00+00:00,2019-04-11T13:15:00+00:00,2019-04-05T21:00:00+00:00,2019-04-12T09:00:00+00:00
2019-04-11T19:05:33+00:00,2019-04-11T19:00:00+00:00,Thursday,19,"[""h3_atr_change_4"", ""h3_slope_atr_8""]",2.0,217,171.0,2019-04-10T00:00:00+00:00,172.0,43.0,14.0,"[""h3_atr_change_4"", ""h3_slope_atr_8""]",UNEXPLAINED_DATA_GAP,MIDWEEK_SEGMENT_WARMUP,True,2019-04-11T18:45:00+00:00,2019-04-11T19:15:00+00:00,2019-04-05T21:00:00+00:00,2019-04-12T09:00:00+00:00
2019-04-15T13:23:34+00:00,2019-04-15T13:15:00+00:00,Monday,13,"[""h3_atr_change_4"", ""h3_slope_atr_8""]",2.0,218,148.0,2019-04-14T00:00:00+00:00,149.0,37.0,12.0,"[""h3_atr_change_4"", ""h3_slope_atr_8""]",UNEXPLAINED_DATA_GAP,WEEKLY_SEGMENT_WARMUP,True,2019-04-15T13:00:00+00:00,2019-04-15T13:30:00+00:00,2019-04-12T21:00:00+00:00,2019-04-16T09:00:00+00:00
2019-04-15T16:00:27+00:00,2019-04-15T16:00:00+00:00,Monday,16,"[""h3_atr_change_4"", ""h3_slope_atr_8""]",2.0,218,159.0,2019-04-14T00:00:00+00:00,160.0,40.0,13.0,"[""h3_atr_change_4"", ""h3_slope_atr_8""]",UNEXPLAINED_DATA_GAP,WEEKLY_SEGMENT_WARMUP,True,2019-04-15T15:45:00+00:00,2019-04-15T16:15:00+00:00,2019-04-12T21:00:00+00:00,2019-04-16T09:00:00+00:00
2019-04-22T16:11:36+00:00,2019-04-22T16:00:00+00:00,Monday,16,"[""h3_atr_change_4"", ""h3_slope_atr_8""]",2.0,219,159.0,2019-04-21T00:00:00+00:00,160.0,40.0,13.0,"[""h3_atr_change_4"", ""h3_slope_atr_8""]",UNEXPLAINED_DATA_GAP,WEEKLY_SEGMENT_WARMUP,True,2019-04-22T15:45:00+00:00,2019-04-22T16:15:00+00:00,2019-04-19T21:00:00+00:00,2019-04-23T09:00:00+00:00
2019-04-22T23:14:59+00:00,2019-04-22T23:00:00+00:00,Monday,23,"[""h3_atr_change_4""]",1.0,219,187.0,2019-04-21T00:00:00+00:00,188.0,47.0,15.0,"[""h3_atr_change_4""]",UNEXPLAINED_DATA_GAP,WEEKLY_SEGMENT_WARMUP,True,2019-04-22T22:45:00+00:00,2019-04-22T23:15:00+00:00,2019-04-19T21:00:00+00:00,2019-04-23T09:00:00+00:00
2019-04-29T04:08:12+00:00,2019-04-29T04:00:00+00:00,Monday,4,"[""h3_atr_change_4"", ""h3_slope_atr_8""]",2.0,220,111.0,2019-04-28T00:00:00+00:00,112.0,28.0,9.0,"[""h3_atr_change_4"", ""h3_slope_atr_8""]",UNEXPLAINED_DATA_GAP,WEEKLY_SEGMENT_WARMUP,True,2019-04-29T03:45:00+00:00,2019-04-29T04:15:00+00:00,2019-04-26T21:00:00+00:00,2019-04-30T09:00:00+00:00
2019-04-29T13:34:15+00:00,2019-04-29T13:30:00+00:00,Monday,13,"[""h3_atr_change_4"", ""h3_slope_atr_8""]",2.0,220,149.0,2019-04-28T00:00:00+00:00,150.0,37.0,12.0,"[""h3_atr_change_4"", ""h3_slope_atr_8""]",UNEXPLAINED_DATA_GAP,WEEKLY_SEGMENT_WARMUP,True,2019-04-29T13:15:00+00:00,2019-04-29T13:45:00+00:00,2019-04-26T21:00:00+00:00,2019-04-30T09:00:00+00:00
2019-04-30T08:41:59+00:00,2019-04-30T08:30:00+00:00,Tuesday,8,"[""h3_atr_change_4""]",1.0,220,225.0,2019-04-28T00:00:00+00:00,226.0,56.0,18.0,"[""h3_atr_change_4""]",UNEXPLAINED_DATA_GAP,WEEKLY_SEGMENT_WARMUP,True,2019-04-30T08:15:00+00:00,2019-04-30T08:45:00+00:00,2019-04-26T21:00:00+00:00,2019-04-30T09:00:00+00:00
2019-05-06T00:01:00+00:00,2019-05-06T00:00:00+00:00,Monday,0,"[""h1_atr_change_4"", ""h3_er_8"", ""h3_atr_change_4"", ""h3_slope_atr_8""]",4.0,221,95.0,2019-05-05T00:00:00+00:00,96.0,24.0,8.0,"[""h3_er_8"", ""h3_atr_change_4"", ""h3_slope_atr_8""]",UNEXPLAINED_DATA_GAP,SPECIFIC_FEATURE_INCOMPLETE,False,2019-05-05T23:45:00+00:00,2019-05-06T00:15:00+00:00,2019-05-03T21:00:00+00:00,2019-05-07T09:00:00+00:00
2019-05-06T10:18:27+00:00,2019-05-06T10:15:00+00:00,Monday,10,"[""h3_atr_change_4"", ""h3_slope_atr_8""]",2.0,221,136.0,2019-05-05T00:00:00+00:00,137.0,34.0,11.0,"[""h3_atr_change_4"", ""h3_slope_atr_8""]",UNEXPLAINED_DATA_GAP,WEEKLY_SEGMENT_WARMUP,True,2019-05-06T10:00:00+00:00,2019-05-06T10:30:00+00:00,2019-05-03T21:00:00+00:00,2019-05-07T09:00:00+00:00
2019-05-06T15:45:28+00:00,2019-05-06T15:45:00+00:00,Monday,15,"[""h3_atr_change_4"", ""h3_slope_atr_8""]",2.0,221,158.0,2019-05-05T00:00:00+00:00,159.0,39.0,13.0,"[""h3_atr_change_4"", ""h3_slope_atr_8""]",UNEXPLAINED_DATA_GAP,WEEKLY_SEGMENT_WARMUP,True,2019-05-06T15:30:00+00:00,2019-05-06T16:00:00+00:00,2019-05-03T21:00:00+00:00,2019-05-07T09:00:00+00:00
2019-05-13T22:00:23+00:00,2019-05-13T22:00:00+00:00,Monday,22,"[""h3_atr_change_4""]",1.0,222,183.0,2019-05-12T00:00:00+00:00,184.0,46.0,15.0,"[""h3_atr_change_4""]",UNEXPLAINED_DATA_GAP,WEEKLY_SEGMENT_WARMUP,True,2019-05-13T21:45:00+00:00,2019-05-13T22:15:00+00:00,2019-05-10T21:00:00+00:00,2019-05-14T09:00:00+00:00
2019-05-20T05:53:39+00:00,2019-05-20T05:45:00+00:00,Monday,5,"[""h3_atr_change_4"", ""h3_slope_atr_8""]",2.0,223,118.0,2019-05-19T00:00:00+00:00,119.0,29.0,9.0,"[""h3_atr_change_4"", ""h3_slope_atr_8""]",UNEXPLAINED_DATA_GAP,WEEKLY_SEGMENT_WARMUP,True,2019-05-20T05:30:00+00:00,2019-05-20T06:00:00+00:00,2019-05-17T21:00:00+00:00,2019-05-21T09:00:00+00:00
2019-05-20T22:59:59+00:00,2019-05-20T22:45:00+00:00,Monday,22,"[""h3_atr_change_4""]",1.0,223,186.0,2019-05-19T00:00:00+00:00,187.0,46.0,15.0,"[""h3_atr_change_4""]",UNEXPLAINED_DATA_GAP,WEEKLY_SEGMENT_WARMUP,True,2019-05-20T22:30:00+00:00,2019-05-20T23:00:00+00:00,2019-05-17T21:00:00+00:00,2019-05-21T09:00:00+00:00
2019-05-21T07:13:23+00:00,2019-05-21T07:00:00+00:00,Tuesday,7,"[""h3_atr_change_4""]",1.0,223,219.0,2019-05-19T00:00:00+00:00,220.0,55.0,18.0,"[""h3_atr_change_4""]",UNEXPLAINED_DATA_GAP,WEEKLY_SEGMENT_WARMUP,True,2019-05-21T06:45:00+00:00,2019-05-21T07:15:00+00:00,2019-05-17T21:00:00+00:00,2019-05-21T09:00:00+00:00
2019-05-27T11:07:14+00:00,2019-05-27T11:00:00+00:00,Monday,11,"[""h3_atr_change_4"", ""h3_slope_atr_8""]",2.0,224,139.0,2019-05-26T00:00:00+00:00,140.0,35.0,11.0,"[""h3_atr_change_4"", ""h3_slope_atr_8""]",UNEXPLAINED_DATA_GAP,WEEKLY_SEGMENT_WARMUP,True,2019-05-27T10:45:00+00:00,2019-05-27T11:15:00+00:00,2019-05-24T21:00:00+00:00,2019-05-28T09:00:00+00:00
2019-05-31T17:58:42+00:00,2019-05-31T17:45:00+00:00,Friday,17,"[""h1_atr_change_4"", ""h3_er_8"", ""h3_atr_change_4"", ""h3_slope_atr_8""]",4.0,225,70.0,2019-05-31T00:00:00+00:00,71.0,17.0,5.0,"[""h1_atr_change_4"", ""h3_er_8"", ""h3_atr_change_4"", ""h3_slope_atr_8""]",UNEXPLAINED_DATA_GAP,MIDWEEK_SEGMENT_WARMUP,True,2019-05-31T17:30:00+00:00,2019-05-31T18:00:00+00:00,2019-05-30T00:00:00+00:00,2019-06-04T09:00:00+00:00
2019-06-03T09:02:59+00:00,2019-06-03T09:00:00+00:00,Monday,9,"[""h3_atr_change_4"", ""h3_slope_atr_8""]",2.0,226,131.0,2019-06-02T00:00:00+00:00,132.0,33.0,11.0,"[""h3_atr_change_4"", ""h3_slope_atr_8""]",UNEXPLAINED_DATA_GAP,WEEKLY_SEGMENT_WARMUP,True,2019-06-03T08:45:00+00:00,2019-06-03T09:15:00+00:00,2019-05-30T00:00:00+00:00,2019-06-04T09:00:00+00:00
2019-06-04T07:57:27+00:00,2019-06-04T07:45:00+00:00,Tuesday,7,"[""h3_atr_change_4""]",1.0,226,222.0,2019-06-02T00:00:00+00:00,223.0,55.0,18.0,"[""h3_atr_change_4""]",UNEXPLAINED_DATA_GAP,WEEKLY_SEGMENT_WARMUP,True,2019-06-04T07:30:00+00:00,2019-06-04T08:00:00+00:00,2019-05-30T00:00:00+00:00,2019-06-04T09:00:00+00:00
2019-06-10T08:25:15+00:00,2019-06-10T08:15:00+00:00,Monday,8,"[""h3_atr_change_4"", ""h3_slope_atr_8""]",2.0,227,128.0,2019-06-09T00:00:00+00:00,129.0,32.0,10.0,"[""h3_atr_change_4"", ""h3_slope_atr_8""]",UNEXPLAINED_DATA_GAP,WEEKLY_SEGMENT_WARMUP,True,2019-06-10T08:00:00+00:00,2019-06-10T08:30:00+00:00,2019-06-07T21:00:00+00:00,2019-06-11T09:00:00+00:00
2019-06-10T10:00:17+00:00,2019-06-10T10:00:00+00:00,Monday,10,"[""h3_atr_change_4"", ""h3_slope_atr_8""]",2.0,227,135.0,2019-06-09T00:00:00+00:00,136.0,34.0,11.0,"[""h3_atr_change_4"", ""h3_slope_atr_8""]",UNEXPLAINED_DATA_GAP,WEEKLY_SEGMENT_WARMUP,True,2019-06-10T09:45:00+00:00,2019-06-10T10:15:00+00:00,2019-06-07T21:00:00+00:00,2019-06-11T09:00:00+00:00
2019-06-11T03:16:04+00:00,2019-06-11T03:15:00+00:00,Tuesday,3,"[""h3_atr_change_4""]",1.0,227,204.0,2019-06-09T00:00:00+00:00,205.0,51.0,17.0,"[""h3_atr_change_4""]",UNEXPLAINED_DATA_GAP,WEEKLY_SEGMENT_WARMUP,True,2019-06-11T03:00:00+00:00,2019-06-11T03:30:00+00:00,2019-06-07T21:00:00+00:00,2019-06-11T09:00:00+00:00
2019-06-11T04:33:15+00:00,2019-06-11T04:30:00+00:00,Tuesday,4,"[""h3_atr_change_4""]",1.0,227,209.0,2019-06-09T00:00:00+00:00,210.0,52.0,17.0,"[""h3_atr_change_4""]",UNEXPLAINED_DATA_GAP,WEEKLY_SEGMENT_WARMUP,True,2019-06-11T04:15:00+00:00,2019-06-11T04:45:00+00:00,2019-06-07T21:00:00+00:00,2019-06-11T09:00:00+00:00
2019-06-11T07:07:59+00:00,2019-06-11T07:00:00+00:00,Tuesday,7,"[""h3_atr_change_4""]",1.0,227,219.0,2019-06-09T00:00:00+00:00,220.0,55.0,18.0,"[""h3_atr_change_4""]",UNEXPLAINED_DATA_GAP,WEEKLY_SEGMENT_WARMUP,True,2019-06-11T06:45:00+00:00,2019-06-11T07:15:00+00:00,2019-06-07T21:00:00+00:00,2019-06-11T09:00:00+00:00
2019-06-17T07:24:31+00:00,2019-06-17T07:15:00+00:00,Monday,7,"[""h1_er_8"", ""h1_atr_change_4"", ""h1_slope_atr_8"", ""h3_er_8"", ""h3_atr_change_4"", ""h3_slope_atr_8""]",6.0,228,28.0,2019-06-17T00:00:00+00:00,29.0,7.0,2.0,"[""h1_er_8"", ""h1_atr_change_4"", ""h1_slope_atr_8"", ""h3_er_8"", ""h3_atr_change_4"", ""h3_slope_atr_8""]",EXPECTED_MARKET_GAP,WEEKLY_SEGMENT_WARMUP,True,2019-06-17T07:00:00+00:00,2019-06-17T07:30:00+00:00,2019-06-14T21:00:00+00:00,2019-06-19T09:00:00+00:00
2019-06-17T19:21:13+00:00,2019-06-17T19:15:00+00:00,Monday,19,"[""h3_er_8"", ""h3_atr_change_4"", ""h3_slope_atr_8""]",3.0,228,76.0,2019-06-17T00:00:00+00:00,77.0,19.0,6.0,"[""h3_er_8"", ""h3_atr_change_4"", ""h3_slope_atr_8""]",EXPECTED_MARKET_GAP,WEEKLY_SEGMENT_WARMUP,True,2019-06-17T19:00:00+00:00,2019-06-17T19:30:00+00:00,2019-06-14T21:00:00+00:00,2019-06-19T09:00:00+00:00
2019-06-18T11:01:26+00:00,2019-06-18T11:00:00+00:00,Tuesday,11,"[""h3_atr_change_4"", ""h3_slope_atr_8""]",2.0,228,139.0,2019-06-17T00:00:00+00:00,140.0,35.0,11.0,"[""h3_atr_change_4"", ""h3_slope_atr_8""]",EXPECTED_MARKET_GAP,WEEKLY_SEGMENT_WARMUP,True,2019-06-18T10:45:00+00:00,2019-06-18T11:15:00+00:00,2019-06-14T21:00:00+00:00,2019-06-19T09:00:00+00:00
2019-06-18T20:34:27+00:00,2019-06-18T20:30:00+00:00,Tuesday,20,"[""h3_atr_change_4"", ""h3_slope_atr_8""]",2.0,228,177.0,2019-06-17T00:00:00+00:00,178.0,44.0,14.0,"[""h3_atr_change_4"", ""h3_slope_atr_8""]",EXPECTED_MARKET_GAP,WEEKLY_SEGMENT_WARMUP,True,2019-06-18T20:15:00+00:00,2019-06-18T20:45:00+00:00,2019-06-14T21:00:00+00:00,2019-06-19T09:00:00+00:00
2019-06-24T07:03:15+00:00,2019-06-24T07:00:00+00:00,Monday,7,"[""h3_atr_change_4"", ""h3_slope_atr_8""]",2.0,229,123.0,2019-06-23T00:00:00+00:00,124.0,31.0,10.0,"[""h3_atr_change_4"", ""h3_slope_atr_8""]",UNEXPLAINED_DATA_GAP,WEEKLY_SEGMENT_WARMUP,True,2019-06-24T06:45:00+00:00,2019-06-24T07:15:00+00:00,2019-06-21T21:00:00+00:00,2019-06-25T09:00:00+00:00
2019-06-24T10:35:12+00:00,2019-06-24T10:30:00+00:00,Monday,10,"[""h3_atr_change_4"", ""h3_slope_atr_8""]",2.0,229,137.0,2019-06-23T00:00:00+00:00,138.0,34.0,11.0,"[""h3_atr_change_4"", ""h3_slope_atr_8""]",UNEXPLAINED_DATA_GAP,WEEKLY_SEGMENT_WARMUP,True,2019-06-24T10:15:00+00:00,2019-06-24T10:45:00+00:00,2019-06-21T21:00:00+00:00,2019-06-25T09:00:00+00:00
2019-06-24T16:24:51+00:00,2019-06-24T16:15:00+00:00,Monday,16,"[""h3_atr_change_4"", ""h3_slope_atr_8""]",2.0,229,160.0,2019-06-23T00:00:00+00:00,161.0,40.0,13.0,"[""h3_atr_change_4"", ""h3_slope_atr_8""]",UNEXPLAINED_DATA_GAP,WEEKLY_SEGMENT_WARMUP,True,2019-06-24T16:00:00+00:00,2019-06-24T16:30:00+00:00,2019-06-21T21:00:00+00:00,2019-06-25T09:00:00+00:00
2019-06-25T08:45:38+00:00,2019-06-25T08:45:00+00:00,Tuesday,8,"[""h3_atr_change_4""]",1.0,229,226.0,2019-06-23T00:00:00+00:00,227.0,56.0,18.0,"[""h3_atr_change_4""]",UNEXPLAINED_DATA_GAP,WEEKLY_SEGMENT_WARMUP,True,2019-06-25T08:30:00+00:00,2019-06-25T09:00:00+00:00,2019-06-21T21:00:00+00:00,2019-06-25T09:00:00+00:00
2019-06-28T04:25:04+00:00,2019-06-28T04:15:00+00:00,Friday,4,,,,,,,,,,,SOURCE_BAR_GAP,True,2019-06-28T00:00:00+00:00,2019-06-30T00:15:00+00:00,2019-06-28T00:00:00+00:00,2019-07-02T09:00:00+00:00
2019-06-28T14:55:27+00:00,2019-06-28T14:45:00+00:00,Friday,14,,,,,,,,,,,SOURCE_BAR_GAP,True,2019-06-28T00:00:00+00:00,2019-06-30T00:15:00+00:00,2019-06-28T00:00:00+00:00,2019-07-02T09:00:00+00:00
2019-06-28T16:21:35+00:00,2019-06-28T16:15:00+00:00,Friday,16,,,,,,,,,,,SOURCE_BAR_GAP,True,2019-06-28T00:00:00+00:00,2019-06-30T00:15:00+00:00,2019-06-28T00:00:00+00:00,2019-07-02T09:00:00+00:00
2019-06-28T19:47:15+00:00,2019-06-28T19:45:00+00:00,Friday,19,,,,,,,,,,,SOURCE_BAR_GAP,True,2019-06-28T00:00:00+00:00,2019-06-30T00:15:00+00:00,2019-06-28T00:00:00+00:00,2019-07-02T09:00:00+00:00
2019-06-28T22:08:09+00:00,2019-06-28T22:00:00+00:00,Friday,22,,,,,,,,,,,SOURCE_BAR_GAP,True,2019-06-28T00:00:00+00:00,2019-06-30T00:15:00+00:00,2019-06-28T00:00:00+00:00,2019-07-02T09:00:00+00:00
2019-07-02T01:26:38+00:00,2019-07-02T01:15:00+00:00,Tuesday,1,"[""h3_atr_change_4""]",1.0,230,196.0,2019-06-30T00:00:00+00:00,197.0,49.0,16.0,"[""h3_atr_change_4""]",UNEXPLAINED_DATA_GAP,MIDWEEK_SEGMENT_WARMUP,True,2019-07-02T01:00:00+00:00,2019-07-02T01:30:00+00:00,2019-06-28T00:00:00+00:00,2019-07-02T09:00:00+00:00
2019-07-02T05:19:35+00:00,2019-07-02T05:15:00+00:00,Tuesday,5,"[""h3_atr_change_4""]",1.0,230,212.0,2019-06-30T00:00:00+00:00,213.0,53.0,17.0,"[""h3_atr_change_4""]",UNEXPLAINED_DATA_GAP,MIDWEEK_SEGMENT_WARMUP,True,2019-07-02T05:00:00+00:00,2019-07-02T05:30:00+00:00,2019-06-28T00:00:00+00:00,2019-07-02T09:00:00+00:00
2019-07-08T16:23:02+00:00,2019-07-08T16:15:00+00:00,Monday,16,"[""h3_atr_change_4"", ""h3_slope_atr_8""]",2.0,231,160.0,2019-07-07T00:00:00+00:00,161.0,40.0,13.0,"[""h3_atr_change_4"", ""h3_slope_atr_8""]",UNEXPLAINED_DATA_GAP,WEEKLY_SEGMENT_WARMUP,True,2019-07-08T16:00:00+00:00,2019-07-08T16:30:00+00:00,2019-07-05T21:00:00+00:00,2019-07-09T09:00:00+00:00
2019-07-15T07:10:38+00:00,2019-07-15T07:00:00+00:00,Monday,7,"[""h3_atr_change_4"", ""h3_slope_atr_8""]",2.0,232,123.0,2019-07-14T00:00:00+00:00,124.0,31.0,10.0,"[""h3_atr_change_4"", ""h3_slope_atr_8""]",UNEXPLAINED_DATA_GAP,WEEKLY_SEGMENT_WARMUP,True,2019-07-15T06:45:00+00:00,2019-07-15T07:15:00+00:00,2019-07-12T21:00:00+00:00,2019-07-16T09:00:00+00:00
2019-07-15T11:29:05+00:00,2019-07-15T11:15:00+00:00,Monday,11,"[""h3_atr_change_4"", ""h3_slope_atr_8""]",2.0,232,140.0,2019-07-14T00:00:00+00:00,141.0,35.0,11.0,"[""h3_atr_change_4"", ""h3_slope_atr_8""]",UNEXPLAINED_DATA_GAP,WEEKLY_SEGMENT_WARMUP,True,2019-07-15T11:00:00+00:00,2019-07-15T11:30:00+00:00,2019-07-12T21:00:00+00:00,2019-07-16T09:00:00+00:00
2019-07-15T14:55:25+00:00,2019-07-15T14:45:00+00:00,Monday,14,"[""h3_atr_change_4"", ""h3_slope_atr_8""]",2.0,232,154.0,2019-07-14T00:00:00+00:00,155.0,38.0,12.0,"[""h3_atr_change_4"", ""h3_slope_atr_8""]",UNEXPLAINED_DATA_GAP,WEEKLY_SEGMENT_WARMUP,True,2019-07-15T14:30:00+00:00,2019-07-15T15:00:00+00:00,2019-07-12T21:00:00+00:00,2019-07-16T09:00:00+00:00
2019-07-19T22:03:23+00:00,2019-07-19T22:00:00+00:00,Friday,22,,,,,,,,,,,SOURCE_BAR_GAP,True,2019-07-19T21:00:00+00:00,2019-07-21T00:15:00+00:00,2019-07-19T21:00:00+00:00,2019-07-26T09:00:00+00:00
2019-07-22T12:18:36+00:00,2019-07-22T12:15:00+00:00,Monday,12,"[""h3_atr_change_4"", ""h3_slope_atr_8""]",2.0,233,144.0,2019-07-21T00:00:00+00:00,145.0,36.0,12.0,"[""h3_atr_change_4"", ""h3_slope_atr_8""]",UNEXPLAINED_DATA_GAP,WEEKLY_SEGMENT_WARMUP,True,2019-07-22T12:00:00+00:00,2019-07-22T12:30:00+00:00,2019-07-19T21:00:00+00:00,2019-07-26T09:00:00+00:00
2019-07-22T14:42:33+00:00,2019-07-22T14:30:00+00:00,Monday,14,"[""h3_atr_change_4"", ""h3_slope_atr_8""]",2.0,233,153.0,2019-07-21T00:00:00+00:00,154.0,38.0,12.0,"[""h3_atr_change_4"", ""h3_slope_atr_8""]",UNEXPLAINED_DATA_GAP,WEEKLY_SEGMENT_WARMUP,True,2019-07-22T14:15:00+00:00,2019-07-22T14:45:00+00:00,2019-07-19T21:00:00+00:00,2019-07-26T09:00:00+00:00
2019-07-22T16:08:37+00:00,2019-07-22T16:00:00+00:00,Monday,16,"[""h3_atr_change_4"", ""h3_slope_atr_8""]",2.0,233,159.0,2019-07-21T00:00:00+00:00,160.0,40.0,13.0,"[""h3_atr_change_4"", ""h3_slope_atr_8""]",UNEXPLAINED_DATA_GAP,WEEKLY_SEGMENT_WARMUP,True,2019-07-22T15:45:00+00:00,2019-07-22T16:15:00+00:00,2019-07-19T21:00:00+00:00,2019-07-26T09:00:00+00:00
2019-07-22T22:41:50+00:00,2019-07-22T22:30:00+00:00,Monday,22,"[""h3_atr_change_4""]",1.0,233,185.0,2019-07-21T00:00:00+00:00,186.0,46.0,15.0,"[""h3_atr_change_4""]",UNEXPLAINED_DATA_GAP,WEEKLY_SEGMENT_WARMUP,True,2019-07-22T22:15:00+00:00,2019-07-22T22:45:00+00:00,2019-07-19T21:00:00+00:00,2019-07-26T09:00:00+00:00
2019-07-24T03:02:28+00:00,2019-07-24T03:00:00+00:00,Wednesday,3,"[""er_16"", ""rv_16"", ""atr_change_1"", ""atr_change_8"", ""slope_atr_4"", ""slope_atr_16"", ""range_pos_16"", ""h1_er_8"", ""h1_atr_change_4"", ""h1_slope_atr_8"", ""h3_er_8"", ""h3_atr_change_4"", ""h3_slope_atr_8""]",13.0,234,11.0,2019-07-24T00:00:00+00:00,12.0,3.0,1.0,"[""er_16"", ""rv_16"", ""atr_change_1"", ""atr_change_8"", ""slope_atr_4"", ""slope_atr_16"", ""range_pos_16"", ""h1_er_8"", ""h1_atr_change_4"", ""h1_slope_atr_8"", ""h3_er_8"", ""h3_atr_change_4"", ""h3_slope_atr_8""]",UNEXPLAINED_DATA_GAP,MIDWEEK_SEGMENT_WARMUP,True,2019-07-24T02:45:00+00:00,2019-07-24T03:15:00+00:00,2019-07-19T21:00:00+00:00,2019-07-26T09:00:00+00:00
2019-07-24T19:00:29+00:00,2019-07-24T19:00:00+00:00,Wednesday,19,"[""h3_er_8"", ""h3_atr_change_4"", ""h3_slope_atr_8""]",3.0,234,75.0,2019-07-24T00:00:00+00:00,76.0,19.0,6.0,"[""h3_er_8"", ""h3_atr_change_4"", ""h3_slope_atr_8""]",UNEXPLAINED_DATA_GAP,MIDWEEK_SEGMENT_WARMUP,True,2019-07-24T18:45:00+00:00,2019-07-24T19:15:00+00:00,2019-07-19T21:00:00+00:00,2019-07-26T09:00:00+00:00
2019-07-25T07:10:59+00:00,2019-07-25T07:00:00+00:00,Thursday,7,"[""h3_atr_change_4"", ""h3_slope_atr_8""]",2.0,234,123.0,2019-07-24T00:00:00+00:00,124.0,31.0,10.0,"[""h3_atr_change_4"", ""h3_slope_atr_8""]",UNEXPLAINED_DATA_GAP,MIDWEEK_SEGMENT_WARMUP,True,2019-07-25T06:45:00+00:00,2019-07-25T07:15:00+00:00,2019-07-19T21:00:00+00:00,2019-07-26T09:00:00+00:00
2019-07-25T19:00:14+00:00,2019-07-25T19:00:00+00:00,Thursday,19,"[""h3_atr_change_4"", ""h3_slope_atr_8""]",2.0,234,171.0,2019-07-24T00:00:00+00:00,172.0,43.0,14.0,"[""h3_atr_change_4"", ""h3_slope_atr_8""]",UNEXPLAINED_DATA_GAP,MIDWEEK_SEGMENT_WARMUP,True,2019-07-25T18:45:00+00:00,2019-07-25T19:15:00+00:00,2019-07-19T21:00:00+00:00,2019-07-26T09:00:00+00:00
2019-07-29T13:51:37+00:00,2019-07-29T13:45:00+00:00,Monday,13,"[""h3_atr_change_4"", ""h3_slope_atr_8""]",2.0,235,150.0,2019-07-28T00:00:00+00:00,151.0,37.0,12.0,"[""h3_atr_change_4"", ""h3_slope_atr_8""]",UNEXPLAINED_DATA_GAP,WEEKLY_SEGMENT_WARMUP,True,2019-07-29T13:30:00+00:00,2019-07-29T14:00:00+00:00,2019-07-26T21:00:00+00:00,2019-07-30T09:00:00+00:00
2019-07-30T02:13:04+00:00,2019-07-30T02:00:00+00:00,Tuesday,2,"[""h3_atr_change_4""]",1.0,235,199.0,2019-07-28T00:00:00+00:00,200.0,50.0,16.0,"[""h3_atr_change_4""]",UNEXPLAINED_DATA_GAP,WEEKLY_SEGMENT_WARMUP,True,2019-07-30T01:45:00+00:00,2019-07-30T02:15:00+00:00,2019-07-26T21:00:00+00:00,2019-07-30T09:00:00+00:00
2019-08-02T22:09:27+00:00,2019-08-02T22:00:00+00:00,Friday,22,,,,,,,,,,,SOURCE_BAR_GAP,True,2019-08-02T21:00:00+00:00,2019-08-04T00:15:00+00:00,2019-08-02T21:00:00+00:00,2019-08-08T09:00:00+00:00
2019-08-05T07:00:11+00:00,2019-08-05T07:00:00+00:00,Monday,7,,,,,,,,,,,SOURCE_BAR_GAP,True,2019-08-05T00:00:00+00:00,2019-08-06T00:15:00+00:00,2019-08-02T21:00:00+00:00,2019-08-08T09:00:00+00:00
2019-08-05T10:00:29+00:00,2019-08-05T10:00:00+00:00,Monday,10,,,,,,,,,,,SOURCE_BAR_GAP,True,2019-08-05T00:00:00+00:00,2019-08-06T00:15:00+00:00,2019-08-02T21:00:00+00:00,2019-08-08T09:00:00+00:00
2019-08-06T12:13:15+00:00,2019-08-06T12:00:00+00:00,Tuesday,12,"[""h1_atr_change_4"", ""h1_slope_atr_8"", ""h3_er_8"", ""h3_atr_change_4"", ""h3_slope_atr_8""]",5.0,237,47.0,2019-08-06T00:00:00+00:00,48.0,12.0,4.0,"[""h1_atr_change_4"", ""h1_slope_atr_8"", ""h3_er_8"", ""h3_atr_change_4"", ""h3_slope_atr_8""]",UNEXPLAINED_DATA_GAP,MIDWEEK_SEGMENT_WARMUP,True,2019-08-06T11:45:00+00:00,2019-08-06T12:15:00+00:00,2019-08-02T21:00:00+00:00,2019-08-08T09:00:00+00:00
2019-08-06T13:03:35+00:00,2019-08-06T13:00:00+00:00,Tuesday,13,"[""h1_atr_change_4"", ""h1_slope_atr_8"", ""h3_er_8"", ""h3_atr_change_4"", ""h3_slope_atr_8""]",5.0,237,51.0,2019-08-06T00:00:00+00:00,52.0,13.0,4.0,"[""h1_atr_change_4"", ""h1_slope_atr_8"", ""h3_er_8"", ""h3_atr_change_4"", ""h3_slope_atr_8""]",UNEXPLAINED_DATA_GAP,MIDWEEK_SEGMENT_WARMUP,True,2019-08-06T12:45:00+00:00,2019-08-06T13:15:00+00:00,2019-08-02T21:00:00+00:00,2019-08-08T09:00:00+00:00
2019-08-07T09:02:03+00:00,2019-08-07T09:00:00+00:00,Wednesday,9,"[""h3_atr_change_4"", ""h3_slope_atr_8""]",2.0,237,131.0,2019-08-06T00:00:00+00:00,132.0,33.0,11.0,"[""h3_atr_change_4"", ""h3_slope_atr_8""]",UNEXPLAINED_DATA_GAP,MIDWEEK_SEGMENT_WARMUP,True,2019-08-07T08:45:00+00:00,2019-08-07T09:15:00+00:00,2019-08-02T21:00:00+00:00,2019-08-08T09:00:00+00:00
2019-08-08T07:05:59+00:00,2019-08-08T07:00:00+00:00,Thursday,7,"[""h3_atr_change_4""]",1.0,237,219.0,2019-08-06T00:00:00+00:00,220.0,55.0,18.0,"[""h3_atr_change_4""]",UNEXPLAINED_DATA_GAP,MIDWEEK_SEGMENT_WARMUP,True,2019-08-08T06:45:00+00:00,2019-08-08T07:15:00+00:00,2019-08-02T21:00:00+00:00,2019-08-08T09:00:00+00:00
2019-08-12T09:37:39+00:00,2019-08-12T09:30:00+00:00,Monday,9,"[""h3_atr_change_4"", ""h3_slope_atr_8""]",2.0,238,133.0,2019-08-11T00:00:00+00:00,134.0,33.0,11.0,"[""h3_atr_change_4"", ""h3_slope_atr_8""]",UNEXPLAINED_DATA_GAP,WEEKLY_SEGMENT_WARMUP,True,2019-08-12T09:15:00+00:00,2019-08-12T09:45:00+00:00,2019-08-09T21:00:00+00:00,2019-08-13T09:00:00+00:00
2019-08-13T03:25:37+00:00,2019-08-13T03:15:00+00:00,Tuesday,3,"[""h3_atr_change_4""]",1.0,238,204.0,2019-08-11T00:00:00+00:00,205.0,51.0,17.0,"[""h3_atr_change_4""]",UNEXPLAINED_DATA_GAP,WEEKLY_SEGMENT_WARMUP,True,2019-08-13T03:00:00+00:00,2019-08-13T03:30:00+00:00,2019-08-09T21:00:00+00:00,2019-08-13T09:00:00+00:00
2019-08-19T16:06:59+00:00,2019-08-19T16:00:00+00:00,Monday,16,"[""h3_atr_change_4"", ""h3_slope_atr_8""]",2.0,239,159.0,2019-08-18T00:00:00+00:00,160.0,40.0,13.0,"[""h3_atr_change_4"", ""h3_slope_atr_8""]",UNEXPLAINED_DATA_GAP,WEEKLY_SEGMENT_WARMUP,True,2019-08-19T15:45:00+00:00,2019-08-19T16:15:00+00:00,2019-08-16T21:00:00+00:00,2019-08-20T09:00:00+00:00
2019-08-19T20:54:06+00:00,2019-08-19T20:45:00+00:00,Monday,20,"[""h3_atr_change_4"", ""h3_slope_atr_8""]",2.0,239,178.0,2019-08-18T00:00:00+00:00,179.0,44.0,14.0,"[""h3_atr_change_4"", ""h3_slope_atr_8""]",UNEXPLAINED_DATA_GAP,WEEKLY_SEGMENT_WARMUP,True,2019-08-19T20:30:00+00:00,2019-08-19T21:00:00+00:00,2019-08-16T21:00:00+00:00,2019-08-20T09:00:00+00:00
2019-08-23T22:10:05+00:00,2019-08-23T22:00:00+00:00,Friday,22,,,,,,,,,,,SOURCE_BAR_GAP,True,2019-08-23T21:00:00+00:00,2019-08-26T00:15:00+00:00,2019-08-23T21:00:00+00:00,2019-08-28T09:00:00+00:00
2019-08-26T05:49:15+00:00,2019-08-26T05:45:00+00:00,Monday,5,"[""h1_er_8"", ""h1_atr_change_4"", ""h1_slope_atr_8"", ""h3_er_8"", ""h3_atr_change_4"", ""h3_slope_atr_8""]",6.0,240,22.0,2019-08-26T00:00:00+00:00,23.0,5.0,1.0,"[""h1_er_8"", ""h1_atr_change_4"", ""h1_slope_atr_8"", ""h3_er_8"", ""h3_atr_change_4"", ""h3_slope_atr_8""]",EXPECTED_MARKET_GAP,WEEKLY_SEGMENT_WARMUP,True,2019-08-26T05:30:00+00:00,2019-08-26T06:00:00+00:00,2019-08-23T21:00:00+00:00,2019-08-28T09:00:00+00:00
2019-08-26T09:56:20+00:00,2019-08-26T09:45:00+00:00,Monday,9,"[""h1_atr_change_4"", ""h1_slope_atr_8"", ""h3_er_8"", ""h3_atr_change_4"", ""h3_slope_atr_8""]",5.0,240,38.0,2019-08-26T00:00:00+00:00,39.0,9.0,3.0,"[""h1_atr_change_4"", ""h1_slope_atr_8"", ""h3_er_8"", ""h3_atr_change_4"", ""h3_slope_atr_8""]",EXPECTED_MARKET_GAP,WEEKLY_SEGMENT_WARMUP,True,2019-08-26T09:30:00+00:00,2019-08-26T10:00:00+00:00,2019-08-23T21:00:00+00:00,2019-08-28T09:00:00+00:00
2019-08-27T07:48:03+00:00,2019-08-27T07:45:00+00:00,Tuesday,7,"[""h3_atr_change_4"", ""h3_slope_atr_8""]",2.0,240,126.0,2019-08-26T00:00:00+00:00,127.0,31.0,10.0,"[""h3_atr_change_4"", ""h3_slope_atr_8""]",EXPECTED_MARKET_GAP,WEEKLY_SEGMENT_WARMUP,True,2019-08-27T07:30:00+00:00,2019-08-27T08:00:00+00:00,2019-08-23T21:00:00+00:00,2019-08-28T09:00:00+00:00
2019-08-27T13:10:27+00:00,2019-08-27T13:00:00+00:00,Tuesday,13,"[""h3_atr_change_4"", ""h3_slope_atr_8""]",2.0,240,147.0,2019-08-26T00:00:00+00:00,148.0,37.0,12.0,"[""h3_atr_change_4"", ""h3_slope_atr_8""]",EXPECTED_MARKET_GAP,WEEKLY_SEGMENT_WARMUP,True,2019-08-27T12:45:00+00:00,2019-08-27T13:15:00+00:00,2019-08-23T21:00:00+00:00,2019-08-28T09:00:00+00:00
2019-08-27T16:01:37+00:00,2019-08-27T16:00:00+00:00,Tuesday,16,"[""h3_atr_change_4"", ""h3_slope_atr_8""]",2.0,240,159.0,2019-08-26T00:00:00+00:00,160.0,40.0,13.0,"[""h3_atr_change_4"", ""h3_slope_atr_8""]",EXPECTED_MARKET_GAP,WEEKLY_SEGMENT_WARMUP,True,2019-08-27T15:45:00+00:00,2019-08-27T16:15:00+00:00,2019-08-23T21:00:00+00:00,2019-08-28T09:00:00+00:00
2019-09-02T09:47:22+00:00,2019-09-02T09:45:00+00:00,Monday,9,"[""h3_atr_change_4"", ""h3_slope_atr_8""]",2.0,241,134.0,2019-09-01T00:00:00+00:00,135.0,33.0,11.0,"[""h3_atr_change_4"", ""h3_slope_atr_8""]",UNEXPLAINED_DATA_GAP,WEEKLY_SEGMENT_WARMUP,True,2019-09-02T09:30:00+00:00,2019-09-02T10:00:00+00:00,2019-08-30T21:00:00+00:00,2019-09-06T09:00:00+00:00
2019-09-03T13:06:15+00:00,2019-09-03T13:00:00+00:00,Tuesday,13,,,,,,,,,,,SOURCE_BAR_GAP,True,2019-09-03T00:00:00+00:00,2019-09-04T00:15:00+00:00,2019-08-30T21:00:00+00:00,2019-09-06T09:00:00+00:00
2019-09-04T16:19:14+00:00,2019-09-04T16:15:00+00:00,Wednesday,16,"[""h1_atr_change_4"", ""h3_er_8"", ""h3_atr_change_4"", ""h3_slope_atr_8""]",4.0,242,64.0,2019-09-04T00:00:00+00:00,65.0,16.0,5.0,"[""h1_atr_change_4"", ""h3_er_8"", ""h3_atr_change_4"", ""h3_slope_atr_8""]",UNEXPLAINED_DATA_GAP,MIDWEEK_SEGMENT_WARMUP,True,2019-09-04T16:00:00+00:00,2019-09-04T16:30:00+00:00,2019-08-30T21:00:00+00:00,2019-09-06T09:00:00+00:00
2019-09-05T04:06:34+00:00,2019-09-05T04:00:00+00:00,Thursday,4,"[""h3_atr_change_4"", ""h3_slope_atr_8""]",2.0,242,111.0,2019-09-04T00:00:00+00:00,112.0,28.0,9.0,"[""h3_atr_change_4"", ""h3_slope_atr_8""]",UNEXPLAINED_DATA_GAP,MIDWEEK_SEGMENT_WARMUP,True,2019-09-05T03:45:00+00:00,2019-09-05T04:15:00+00:00,2019-08-30T21:00:00+00:00,2019-09-06T09:00:00+00:00
2019-09-05T09:39:39+00:00,2019-09-05T09:30:00+00:00,Thursday,9,"[""h3_atr_change_4"", ""h3_slope_atr_8""]",2.0,242,133.0,2019-09-04T00:00:00+00:00,134.0,33.0,11.0,"[""h3_atr_change_4"", ""h3_slope_atr_8""]",UNEXPLAINED_DATA_GAP,MIDWEEK_SEGMENT_WARMUP,True,2019-09-05T09:15:00+00:00,2019-09-05T09:45:00+00:00,2019-08-30T21:00:00+00:00,2019-09-06T09:00:00+00:00
2019-09-05T22:19:35+00:00,2019-09-05T22:15:00+00:00,Thursday,22,"[""h3_atr_change_4""]",1.0,242,184.0,2019-09-04T00:00:00+00:00,185.0,46.0,15.0,"[""h3_atr_change_4""]",UNEXPLAINED_DATA_GAP,MIDWEEK_SEGMENT_WARMUP,True,2019-09-05T22:00:00+00:00,2019-09-05T22:30:00+00:00,2019-08-30T21:00:00+00:00,2019-09-06T09:00:00+00:00
2019-09-09T23:12:05+00:00,2019-09-09T23:00:00+00:00,Monday,23,"[""h3_atr_change_4""]",1.0,243,187.0,2019-09-08T00:00:00+00:00,188.0,47.0,15.0,"[""h3_atr_change_4""]",UNEXPLAINED_DATA_GAP,WEEKLY_SEGMENT_WARMUP,True,2019-09-09T22:45:00+00:00,2019-09-09T23:15:00+00:00,2019-09-06T21:00:00+00:00,2019-09-10T09:00:00+00:00
2019-09-16T10:02:03+00:00,2019-09-16T10:00:00+00:00,Monday,10,"[""h3_atr_change_4"", ""h3_slope_atr_8""]",2.0,244,135.0,2019-09-15T00:00:00+00:00,136.0,34.0,11.0,"[""h3_atr_change_4"", ""h3_slope_atr_8""]",UNEXPLAINED_DATA_GAP,WEEKLY_SEGMENT_WARMUP,True,2019-09-16T09:45:00+00:00,2019-09-16T10:15:00+00:00,2019-09-13T21:00:00+00:00,2019-09-17T09:00:00+00:00
2019-09-16T13:04:39+00:00,2019-09-16T13:00:00+00:00,Monday,13,"[""h3_atr_change_4"", ""h3_slope_atr_8""]",2.0,244,147.0,2019-09-15T00:00:00+00:00,148.0,37.0,12.0,"[""h3_atr_change_4"", ""h3_slope_atr_8""]",UNEXPLAINED_DATA_GAP,WEEKLY_SEGMENT_WARMUP,True,2019-09-16T12:45:00+00:00,2019-09-16T13:15:00+00:00,2019-09-13T21:00:00+00:00,2019-09-17T09:00:00+00:00
2019-09-16T22:00:03+00:00,2019-09-16T22:00:00+00:00,Monday,22,"[""h3_atr_change_4""]",1.0,244,183.0,2019-09-15T00:00:00+00:00,184.0,46.0,15.0,"[""h3_atr_change_4""]",UNEXPLAINED_DATA_GAP,WEEKLY_SEGMENT_WARMUP,True,2019-09-16T21:45:00+00:00,2019-09-16T22:15:00+00:00,2019-09-13T21:00:00+00:00,2019-09-17T09:00:00+00:00
2019-09-19T01:17:22+00:00,2019-09-19T01:15:00+00:00,Thursday,1,,,,,,,,,,,SOURCE_BAR_GAP,True,2019-09-19T00:00:00+00:00,2019-09-20T00:15:00+00:00,2019-09-19T00:00:00+00:00,2019-09-24T09:00:00+00:00
2019-09-19T17:02:30+00:00,2019-09-19T17:00:00+00:00,Thursday,17,,,,,,,,,,,SOURCE_BAR_GAP,True,2019-09-19T00:00:00+00:00,2019-09-20T00:15:00+00:00,2019-09-19T00:00:00+00:00,2019-09-24T09:00:00+00:00
2019-09-20T10:40:28+00:00,2019-09-20T10:30:00+00:00,Friday,10,"[""h1_atr_change_4"", ""h1_slope_atr_8"", ""h3_er_8"", ""h3_atr_change_4"", ""h3_slope_atr_8""]",5.0,245,41.0,2019-09-20T00:00:00+00:00,42.0,10.0,3.0,"[""h1_atr_change_4"", ""h1_slope_atr_8"", ""h3_er_8"", ""h3_atr_change_4"", ""h3_slope_atr_8""]",UNEXPLAINED_DATA_GAP,MIDWEEK_SEGMENT_WARMUP,True,2019-09-20T10:15:00+00:00,2019-09-20T10:45:00+00:00,2019-09-19T00:00:00+00:00,2019-09-24T09:00:00+00:00
2019-09-20T14:18:28+00:00,2019-09-20T14:15:00+00:00,Friday,14,"[""h1_atr_change_4"", ""h1_slope_atr_8"", ""h3_er_8"", ""h3_atr_change_4"", ""h3_slope_atr_8""]",5.0,245,56.0,2019-09-20T00:00:00+00:00,57.0,14.0,4.0,"[""h1_atr_change_4"", ""h1_slope_atr_8"", ""h3_er_8"", ""h3_atr_change_4"", ""h3_slope_atr_8""]",UNEXPLAINED_DATA_GAP,MIDWEEK_SEGMENT_WARMUP,True,2019-09-20T14:00:00+00:00,2019-09-20T14:30:00+00:00,2019-09-19T00:00:00+00:00,2019-09-24T09:00:00+00:00
2019-09-24T02:23:01+00:00,2019-09-24T02:15:00+00:00,Tuesday,2,"[""h3_atr_change_4""]",1.0,246,200.0,2019-09-22T00:00:00+00:00,201.0,50.0,16.0,"[""h3_atr_change_4""]",UNEXPLAINED_DATA_GAP,WEEKLY_SEGMENT_WARMUP,True,2019-09-24T02:00:00+00:00,2019-09-24T02:30:00+00:00,2019-09-19T00:00:00+00:00,2019-09-24T09:00:00+00:00
2019-09-25T02:21:06+00:00,2019-09-25T02:15:00+00:00,Wednesday,2,,,,,,,,,,,SOURCE_BAR_GAP,True,2019-09-25T00:00:00+00:00,2019-09-26T00:15:00+00:00,2019-09-25T00:00:00+00:00,2019-10-01T09:00:00+00:00
2019-09-25T17:15:28+00:00,2019-09-25T17:15:00+00:00,Wednesday,17,,,,,,,,,,,SOURCE_BAR_GAP,True,2019-09-25T00:00:00+00:00,2019-09-26T00:15:00+00:00,2019-09-25T00:00:00+00:00,2019-10-01T09:00:00+00:00
2019-09-26T19:08:40+00:00,2019-09-26T19:00:00+00:00,Thursday,19,"[""h3_er_8"", ""h3_atr_change_4"", ""h3_slope_atr_8""]",3.0,247,75.0,2019-09-26T00:00:00+00:00,76.0,19.0,6.0,"[""h3_er_8"", ""h3_atr_change_4"", ""h3_slope_atr_8""]",UNEXPLAINED_DATA_GAP,MIDWEEK_SEGMENT_WARMUP,True,2019-09-26T18:45:00+00:00,2019-09-26T19:15:00+00:00,2019-09-25T00:00:00+00:00,2019-10-01T09:00:00+00:00
2019-09-26T22:33:21+00:00,2019-09-26T22:30:00+00:00,Thursday,22,"[""h3_er_8"", ""h3_atr_change_4"", ""h3_slope_atr_8""]",3.0,247,89.0,2019-09-26T00:00:00+00:00,90.0,22.0,7.0,"[""h3_er_8"", ""h3_atr_change_4"", ""h3_slope_atr_8""]",UNEXPLAINED_DATA_GAP,MIDWEEK_SEGMENT_WARMUP,True,2019-09-26T22:15:00+00:00,2019-09-26T22:45:00+00:00,2019-09-25T00:00:00+00:00,2019-10-01T09:00:00+00:00
2019-09-27T04:00:38+00:00,2019-09-27T04:00:00+00:00,Friday,4,"[""h3_atr_change_4"", ""h3_slope_atr_8""]",2.0,247,111.0,2019-09-26T00:00:00+00:00,112.0,28.0,9.0,"[""h3_atr_change_4"", ""h3_slope_atr_8""]",UNEXPLAINED_DATA_GAP,MIDWEEK_SEGMENT_WARMUP,True,2019-09-27T03:45:00+00:00,2019-09-27T04:15:00+00:00,2019-09-25T00:00:00+00:00,2019-10-01T09:00:00+00:00
2019-09-27T09:19:37+00:00,2019-09-27T09:15:00+00:00,Friday,9,"[""h3_atr_change_4"", ""h3_slope_atr_8""]",2.0,247,132.0,2019-09-26T00:00:00+00:00,133.0,33.0,11.0,"[""h3_atr_change_4"", ""h3_slope_atr_8""]",UNEXPLAINED_DATA_GAP,MIDWEEK_SEGMENT_WARMUP,True,2019-09-27T09:00:00+00:00,2019-09-27T09:30:00+00:00,2019-09-25T00:00:00+00:00,2019-10-01T09:00:00+00:00
2019-09-27T10:11:03+00:00,2019-09-27T10:00:00+00:00,Friday,10,"[""h3_atr_change_4"", ""h3_slope_atr_8""]",2.0,247,135.0,2019-09-26T00:00:00+00:00,136.0,34.0,11.0,"[""h3_atr_change_4"", ""h3_slope_atr_8""]",UNEXPLAINED_DATA_GAP,MIDWEEK_SEGMENT_WARMUP,True,2019-09-27T09:45:00+00:00,2019-09-27T10:15:00+00:00,2019-09-25T00:00:00+00:00,2019-10-01T09:00:00+00:00
2019-09-30T04:08:26+00:00,2019-09-30T04:00:00+00:00,Monday,4,"[""h3_atr_change_4"", ""h3_slope_atr_8""]",2.0,248,111.0,2019-09-29T00:00:00+00:00,112.0,28.0,9.0,"[""h3_atr_change_4"", ""h3_slope_atr_8""]",UNEXPLAINED_DATA_GAP,WEEKLY_SEGMENT_WARMUP,True,2019-09-30T03:45:00+00:00,2019-09-30T04:15:00+00:00,2019-09-25T00:00:00+00:00,2019-10-01T09:00:00+00:00
2019-09-30T12:52:40+00:00,2019-09-30T12:45:00+00:00,Monday,12,"[""h3_atr_change_4"", ""h3_slope_atr_8""]",2.0,248,146.0,2019-09-29T00:00:00+00:00,147.0,36.0,12.0,"[""h3_atr_change_4"", ""h3_slope_atr_8""]",UNEXPLAINED_DATA_GAP,WEEKLY_SEGMENT_WARMUP,True,2019-09-30T12:30:00+00:00,2019-09-30T13:00:00+00:00,2019-09-25T00:00:00+00:00,2019-10-01T09:00:00+00:00
2019-09-30T22:59:04+00:00,2019-09-30T22:45:00+00:00,Monday,22,"[""h3_atr_change_4""]",1.0,248,186.0,2019-09-29T00:00:00+00:00,187.0,46.0,15.0,"[""h3_atr_change_4""]",UNEXPLAINED_DATA_GAP,WEEKLY_SEGMENT_WARMUP,True,2019-09-30T22:30:00+00:00,2019-09-30T23:00:00+00:00,2019-09-25T00:00:00+00:00,2019-10-01T09:00:00+00:00
2019-10-04T07:07:59+00:00,2019-10-04T07:00:00+00:00,Friday,7,,,,,,,,,,,SOURCE_BAR_GAP,True,2019-10-04T00:00:00+00:00,2019-10-06T00:15:00+00:00,2019-10-04T00:00:00+00:00,2019-10-08T09:00:00+00:00
2019-10-07T10:00:15+00:00,2019-10-07T10:00:00+00:00,Monday,10,"[""h3_atr_change_4"", ""h3_slope_atr_8""]",2.0,249,135.0,2019-10-06T00:00:00+00:00,136.0,34.0,11.0,"[""h3_atr_change_4"", ""h3_slope_atr_8""]",UNEXPLAINED_DATA_GAP,MIDWEEK_SEGMENT_WARMUP,True,2019-10-07T09:45:00+00:00,2019-10-07T10:15:00+00:00,2019-10-04T00:00:00+00:00,2019-10-08T09:00:00+00:00
2019-10-07T20:39:05+00:00,2019-10-07T20:30:00+00:00,Monday,20,"[""h3_atr_change_4"", ""h3_slope_atr_8""]",2.0,249,177.0,2019-10-06T00:00:00+00:00,178.0,44.0,14.0,"[""h3_atr_change_4"", ""h3_slope_atr_8""]",UNEXPLAINED_DATA_GAP,MIDWEEK_SEGMENT_WARMUP,True,2019-10-07T20:15:00+00:00,2019-10-07T20:45:00+00:00,2019-10-04T00:00:00+00:00,2019-10-08T09:00:00+00:00
2019-10-08T03:37:20+00:00,2019-10-08T03:30:00+00:00,Tuesday,3,"[""h3_atr_change_4""]",1.0,249,205.0,2019-10-06T00:00:00+00:00,206.0,51.0,17.0,"[""h3_atr_change_4""]",UNEXPLAINED_DATA_GAP,MIDWEEK_SEGMENT_WARMUP,True,2019-10-08T03:15:00+00:00,2019-10-08T03:45:00+00:00,2019-10-04T00:00:00+00:00,2019-10-08T09:00:00+00:00
2019-10-10T16:39:03+00:00,2019-10-10T16:30:00+00:00,Thursday,16,,,,,,,,,,,SOURCE_BAR_GAP,True,2019-10-10T00:00:00+00:00,2019-10-11T00:15:00+00:00,2019-10-10T00:00:00+00:00,2019-10-17T09:00:00+00:00
2019-10-10T21:20:31+00:00,2019-10-10T21:15:00+00:00,Thursday,21,,,,,,,,,,,SOURCE_BAR_GAP,True,2019-10-10T00:00:00+00:00,2019-10-11T00:15:00+00:00,2019-10-10T00:00:00+00:00,2019-10-17T09:00:00+00:00
2019-10-11T10:21:40+00:00,2019-10-11T10:15:00+00:00,Friday,10,"[""h1_atr_change_4"", ""h1_slope_atr_8"", ""h3_er_8"", ""h3_atr_change_4"", ""h3_slope_atr_8""]",5.0,250,40.0,2019-10-11T00:00:00+00:00,41.0,10.0,3.0,"[""h1_atr_change_4"", ""h1_slope_atr_8"", ""h3_er_8"", ""h3_atr_change_4"", ""h3_slope_atr_8""]",UNEXPLAINED_DATA_GAP,MIDWEEK_SEGMENT_WARMUP,True,2019-10-11T10:00:00+00:00,2019-10-11T10:30:00+00:00,2019-10-10T00:00:00+00:00,2019-10-17T09:00:00+00:00
2019-10-11T19:19:13+00:00,2019-10-11T19:15:00+00:00,Friday,19,"[""h3_er_8"", ""h3_atr_change_4"", ""h3_slope_atr_8""]",3.0,250,76.0,2019-10-11T00:00:00+00:00,77.0,19.0,6.0,"[""h3_er_8"", ""h3_atr_change_4"", ""h3_slope_atr_8""]",UNEXPLAINED_DATA_GAP,MIDWEEK_SEGMENT_WARMUP,True,2019-10-11T19:00:00+00:00,2019-10-11T19:30:00+00:00,2019-10-10T00:00:00+00:00,2019-10-17T09:00:00+00:00
2019-10-11T23:01:30+00:00,2019-10-11T23:00:00+00:00,Friday,23,,,,,,,,,,,SOURCE_BAR_GAP,True,2019-10-11T21:00:00+00:00,2019-10-13T00:15:00+00:00,2019-10-10T00:00:00+00:00,2019-10-17T09:00:00+00:00
2019-10-14T09:48:38+00:00,2019-10-14T09:45:00+00:00,Monday,9,,,,,,,,,,,SOURCE_BAR_GAP,True,2019-10-14T00:00:00+00:00,2019-10-15T00:15:00+00:00,2019-10-10T00:00:00+00:00,2019-10-17T09:00:00+00:00
2019-10-15T10:09:59+00:00,2019-10-15T10:00:00+00:00,Tuesday,10,"[""h1_atr_change_4"", ""h1_slope_atr_8"", ""h3_er_8"", ""h3_atr_change_4"", ""h3_slope_atr_8""]",5.0,252,39.0,2019-10-15T00:00:00+00:00,40.0,10.0,3.0,"[""h1_atr_change_4"", ""h1_slope_atr_8"", ""h3_er_8"", ""h3_atr_change_4"", ""h3_slope_atr_8""]",UNEXPLAINED_DATA_GAP,MIDWEEK_SEGMENT_WARMUP,True,2019-10-15T09:45:00+00:00,2019-10-15T10:15:00+00:00,2019-10-10T00:00:00+00:00,2019-10-17T09:00:00+00:00
2019-10-15T16:10:40+00:00,2019-10-15T16:00:00+00:00,Tuesday,16,"[""h1_atr_change_4"", ""h3_er_8"", ""h3_atr_change_4"", ""h3_slope_atr_8""]",4.0,252,63.0,2019-10-15T00:00:00+00:00,64.0,16.0,5.0,"[""h1_atr_change_4"", ""h3_er_8"", ""h3_atr_change_4"", ""h3_slope_atr_8""]",UNEXPLAINED_DATA_GAP,MIDWEEK_SEGMENT_WARMUP,True,2019-10-15T15:45:00+00:00,2019-10-15T16:15:00+00:00,2019-10-10T00:00:00+00:00,2019-10-17T09:00:00+00:00
2019-10-15T22:00:18+00:00,2019-10-15T22:00:00+00:00,Tuesday,22,"[""h3_er_8"", ""h3_atr_change_4"", ""h3_slope_atr_8""]",3.0,252,87.0,2019-10-15T00:00:00+00:00,88.0,22.0,7.0,"[""h3_er_8"", ""h3_atr_change_4"", ""h3_slope_atr_8""]",UNEXPLAINED_DATA_GAP,MIDWEEK_SEGMENT_WARMUP,True,2019-10-15T21:45:00+00:00,2019-10-15T22:15:00+00:00,2019-10-10T00:00:00+00:00,2019-10-17T09:00:00+00:00
2019-10-16T13:42:42+00:00,2019-10-16T13:30:00+00:00,Wednesday,13,"[""h3_atr_change_4"", ""h3_slope_atr_8""]",2.0,252,149.0,2019-10-15T00:00:00+00:00,150.0,37.0,12.0,"[""h3_atr_change_4"", ""h3_slope_atr_8""]",UNEXPLAINED_DATA_GAP,MIDWEEK_SEGMENT_WARMUP,True,2019-10-16T13:15:00+00:00,2019-10-16T13:45:00+00:00,2019-10-10T00:00:00+00:00,2019-10-17T09:00:00+00:00
2019-10-17T08:48:04+00:00,2019-10-17T08:45:00+00:00,Thursday,8,"[""h3_atr_change_4""]",1.0,252,226.0,2019-10-15T00:00:00+00:00,227.0,56.0,18.0,"[""h3_atr_change_4""]",UNEXPLAINED_DATA_GAP,MIDWEEK_SEGMENT_WARMUP,True,2019-10-17T08:30:00+00:00,2019-10-17T09:00:00+00:00,2019-10-10T00:00:00+00:00,2019-10-17T09:00:00+00:00
2019-10-21T07:58:08+00:00,2019-10-21T07:45:00+00:00,Monday,7,"[""h3_atr_change_4"", ""h3_slope_atr_8""]",2.0,253,126.0,2019-10-20T00:00:00+00:00,127.0,31.0,10.0,"[""h3_atr_change_4"", ""h3_slope_atr_8""]",UNEXPLAINED_DATA_GAP,WEEKLY_SEGMENT_WARMUP,True,2019-10-21T07:30:00+00:00,2019-10-21T08:00:00+00:00,2019-10-18T21:00:00+00:00,2019-10-22T09:00:00+00:00
2019-10-21T16:52:17+00:00,2019-10-21T16:45:00+00:00,Monday,16,"[""h3_atr_change_4"", ""h3_slope_atr_8""]",2.0,253,162.0,2019-10-20T00:00:00+00:00,163.0,40.0,13.0,"[""h3_atr_change_4"", ""h3_slope_atr_8""]",UNEXPLAINED_DATA_GAP,WEEKLY_SEGMENT_WARMUP,True,2019-10-21T16:30:00+00:00,2019-10-21T17:00:00+00:00,2019-10-18T21:00:00+00:00,2019-10-22T09:00:00+00:00
2019-10-30T03:04:12+00:00,2019-10-30T03:00:00+00:00,Wednesday,3,"[""h3_atr_change_4""]",1.0,254,203.0,2019-10-28T00:00:00+00:00,204.0,51.0,17.0,"[""h3_atr_change_4""]",EXPECTED_MARKET_GAP,WEEKLY_SEGMENT_WARMUP,True,2019-10-30T02:45:00+00:00,2019-10-30T03:15:00+00:00,2019-10-25T21:00:00+00:00,2019-10-30T09:00:00+00:00
2019-11-04T10:03:28+00:00,2019-11-04T10:00:00+00:00,Monday,10,"[""h3_atr_change_4"", ""h3_slope_atr_8""]",2.0,255,135.0,2019-11-03T00:00:00+00:00,136.0,34.0,11.0,"[""h3_atr_change_4"", ""h3_slope_atr_8""]",UNEXPLAINED_DATA_GAP,WEEKLY_SEGMENT_WARMUP,True,2019-11-04T09:45:00+00:00,2019-11-04T10:15:00+00:00,2019-11-01T21:00:00+00:00,2019-11-05T09:00:00+00:00
2019-11-04T20:36:37+00:00,2019-11-04T20:30:00+00:00,Monday,20,"[""h3_atr_change_4"", ""h3_slope_atr_8""]",2.0,255,177.0,2019-11-03T00:00:00+00:00,178.0,44.0,14.0,"[""h3_atr_change_4"", ""h3_slope_atr_8""]",UNEXPLAINED_DATA_GAP,WEEKLY_SEGMENT_WARMUP,True,2019-11-04T20:15:00+00:00,2019-11-04T20:45:00+00:00,2019-11-01T21:00:00+00:00,2019-11-05T09:00:00+00:00
2019-11-06T02:04:04+00:00,2019-11-06T02:00:00+00:00,Wednesday,2,,,,,,,,,,,SOURCE_BAR_GAP,True,2019-11-06T00:00:00+00:00,2019-11-07T00:15:00+00:00,2019-11-06T00:00:00+00:00,2019-11-12T09:00:00+00:00
2019-11-06T06:45:42+00:00,2019-11-06T06:45:00+00:00,Wednesday,6,,,,,,,,,,,SOURCE_BAR_GAP,True,2019-11-06T00:00:00+00:00,2019-11-07T00:15:00+00:00,2019-11-06T00:00:00+00:00,2019-11-12T09:00:00+00:00
2019-11-06T08:18:38+00:00,2019-11-06T08:15:00+00:00,Wednesday,8,,,,,,,,,,,SOURCE_BAR_GAP,True,2019-11-06T00:00:00+00:00,2019-11-07T00:15:00+00:00,2019-11-06T00:00:00+00:00,2019-11-12T09:00:00+00:00
2019-11-06T17:00:26+00:00,2019-11-06T17:00:00+00:00,Wednesday,17,,,,,,,,,,,SOURCE_BAR_GAP,True,2019-11-06T00:00:00+00:00,2019-11-07T00:15:00+00:00,2019-11-06T00:00:00+00:00,2019-11-12T09:00:00+00:00
2019-11-07T14:00:40+00:00,2019-11-07T14:00:00+00:00,Thursday,14,"[""h1_atr_change_4"", ""h1_slope_atr_8"", ""h3_er_8"", ""h3_atr_change_4"", ""h3_slope_atr_8""]",5.0,256,55.0,2019-11-07T00:00:00+00:00,56.0,14.0,4.0,"[""h1_atr_change_4"", ""h1_slope_atr_8"", ""h3_er_8"", ""h3_atr_change_4"", ""h3_slope_atr_8""]",UNEXPLAINED_DATA_GAP,MIDWEEK_SEGMENT_WARMUP,True,2019-11-07T13:45:00+00:00,2019-11-07T14:15:00+00:00,2019-11-06T00:00:00+00:00,2019-11-12T09:00:00+00:00
2019-11-07T17:47:27+00:00,2019-11-07T17:45:00+00:00,Thursday,17,"[""h1_atr_change_4"", ""h3_er_8"", ""h3_atr_change_4"", ""h3_slope_atr_8""]",4.0,256,70.0,2019-11-07T00:00:00+00:00,71.0,17.0,5.0,"[""h1_atr_change_4"", ""h3_er_8"", ""h3_atr_change_4"", ""h3_slope_atr_8""]",UNEXPLAINED_DATA_GAP,MIDWEEK_SEGMENT_WARMUP,True,2019-11-07T17:30:00+00:00,2019-11-07T18:00:00+00:00,2019-11-06T00:00:00+00:00,2019-11-12T09:00:00+00:00
2019-11-08T06:02:34+00:00,2019-11-08T06:00:00+00:00,Friday,6,"[""h3_atr_change_4"", ""h3_slope_atr_8""]",2.0,256,119.0,2019-11-07T00:00:00+00:00,120.0,30.0,10.0,"[""h3_atr_change_4"", ""h3_slope_atr_8""]",UNEXPLAINED_DATA_GAP,MIDWEEK_SEGMENT_WARMUP,True,2019-11-08T05:45:00+00:00,2019-11-08T06:15:00+00:00,2019-11-06T00:00:00+00:00,2019-11-12T09:00:00+00:00
2019-11-15T23:06:30+00:00,2019-11-15T23:00:00+00:00,Friday,23,,,,,,,,,,,SOURCE_BAR_GAP,True,2019-11-15T22:00:00+00:00,2019-11-17T00:15:00+00:00,2019-11-15T22:00:00+00:00,2019-11-19T09:00:00+00:00
2019-11-18T08:05:05+00:00,2019-11-18T08:00:00+00:00,Monday,8,"[""h3_atr_change_4"", ""h3_slope_atr_8""]",2.0,258,127.0,2019-11-17T00:00:00+00:00,128.0,32.0,10.0,"[""h3_atr_change_4"", ""h3_slope_atr_8""]",UNEXPLAINED_DATA_GAP,WEEKLY_SEGMENT_WARMUP,True,2019-11-18T07:45:00+00:00,2019-11-18T08:15:00+00:00,2019-11-15T22:00:00+00:00,2019-11-19T09:00:00+00:00
2019-11-18T11:02:16+00:00,2019-11-18T11:00:00+00:00,Monday,11,"[""h3_atr_change_4"", ""h3_slope_atr_8""]",2.0,258,139.0,2019-11-17T00:00:00+00:00,140.0,35.0,11.0,"[""h3_atr_change_4"", ""h3_slope_atr_8""]",UNEXPLAINED_DATA_GAP,WEEKLY_SEGMENT_WARMUP,True,2019-11-18T10:45:00+00:00,2019-11-18T11:15:00+00:00,2019-11-15T22:00:00+00:00,2019-11-19T09:00:00+00:00
2019-11-18T14:10:40+00:00,2019-11-18T14:00:00+00:00,Monday,14,"[""h3_atr_change_4"", ""h3_slope_atr_8""]",2.0,258,151.0,2019-11-17T00:00:00+00:00,152.0,38.0,12.0,"[""h3_atr_change_4"", ""h3_slope_atr_8""]",UNEXPLAINED_DATA_GAP,WEEKLY_SEGMENT_WARMUP,True,2019-11-18T13:45:00+00:00,2019-11-18T14:15:00+00:00,2019-11-15T22:00:00+00:00,2019-11-19T09:00:00+00:00
2019-11-19T02:49:05+00:00,2019-11-19T02:45:00+00:00,Tuesday,2,"[""h3_atr_change_4""]",1.0,258,202.0,2019-11-17T00:00:00+00:00,203.0,50.0,16.0,"[""h3_atr_change_4""]",UNEXPLAINED_DATA_GAP,WEEKLY_SEGMENT_WARMUP,True,2019-11-19T02:30:00+00:00,2019-11-19T03:00:00+00:00,2019-11-15T22:00:00+00:00,2019-11-19T09:00:00+00:00
2019-11-29T23:55:35+00:00,2019-11-29T23:45:00+00:00,Friday,23,,,,,,,,,,,SOURCE_BAR_GAP,True,2019-11-29T22:00:00+00:00,2019-12-01T00:15:00+00:00,2019-11-29T22:00:00+00:00,2019-12-03T09:00:00+00:00
2019-12-02T10:49:40+00:00,2019-12-02T10:45:00+00:00,Monday,10,"[""h3_atr_change_4"", ""h3_slope_atr_8""]",2.0,260,138.0,2019-12-01T00:00:00+00:00,139.0,34.0,11.0,"[""h3_atr_change_4"", ""h3_slope_atr_8""]",UNEXPLAINED_DATA_GAP,WEEKLY_SEGMENT_WARMUP,True,2019-12-02T10:30:00+00:00,2019-12-02T11:00:00+00:00,2019-11-29T22:00:00+00:00,2019-12-03T09:00:00+00:00
2019-12-03T08:10:10+00:00,2019-12-03T08:00:00+00:00,Tuesday,8,"[""h3_atr_change_4""]",1.0,260,223.0,2019-12-01T00:00:00+00:00,224.0,56.0,18.0,"[""h3_atr_change_4""]",UNEXPLAINED_DATA_GAP,WEEKLY_SEGMENT_WARMUP,True,2019-12-03T07:45:00+00:00,2019-12-03T08:15:00+00:00,2019-11-29T22:00:00+00:00,2019-12-03T09:00:00+00:00
2019-12-09T17:07:02+00:00,2019-12-09T17:00:00+00:00,Monday,17,"[""h3_atr_change_4"", ""h3_slope_atr_8""]",2.0,261,163.0,2019-12-08T00:00:00+00:00,164.0,41.0,13.0,"[""h3_atr_change_4"", ""h3_slope_atr_8""]",UNEXPLAINED_DATA_GAP,WEEKLY_SEGMENT_WARMUP,True,2019-12-09T16:45:00+00:00,2019-12-09T17:15:00+00:00,2019-12-06T22:00:00+00:00,2019-12-10T09:00:00+00:00
2019-12-13T23:49:13+00:00,2019-12-13T23:45:00+00:00,Friday,23,,,,,,,,,,,SOURCE_BAR_GAP,True,2019-12-13T22:00:00+00:00,2019-12-15T00:15:00+00:00,2019-12-13T22:00:00+00:00,2019-12-19T09:00:00+00:00
2019-12-16T11:00:59+00:00,2019-12-16T11:00:00+00:00,Monday,11,,,,,,,,,,,SOURCE_BAR_GAP,True,2019-12-16T00:00:00+00:00,2019-12-17T00:15:00+00:00,2019-12-13T22:00:00+00:00,2019-12-19T09:00:00+00:00
2019-12-16T17:53:40+00:00,2019-12-16T17:45:00+00:00,Monday,17,,,,,,,,,,,SOURCE_BAR_GAP,True,2019-12-16T00:00:00+00:00,2019-12-17T00:15:00+00:00,2019-12-13T22:00:00+00:00,2019-12-19T09:00:00+00:00
2019-12-17T00:56:12+00:00,2019-12-17T00:45:00+00:00,Tuesday,0,"[""er_4"", ""er_16"", ""rv_16"", ""atr_change_1"", ""atr_change_8"", ""slope_atr_4"", ""slope_atr_16"", ""range_pos_16"", ""h1_er_8"", ""h1_atr_change_4"", ""h1_slope_atr_8"", ""h3_er_8"", ""h3_atr_change_4"", ""h3_slope_atr_8""]",14.0,263,2.0,2019-12-17T00:00:00+00:00,3.0,0.0,0.0,"[""er_4"", ""er_16"", ""rv_16"", ""atr_change_1"", ""atr_change_8"", ""slope_atr_4"", ""slope_atr_16"", ""range_pos_16"", ""h1_er_8"", ""h1_atr_change_4"", ""h1_slope_atr_8"", ""h3_er_8"", ""h3_atr_change_4"", ""h3_slope_atr_8""]",UNEXPLAINED_DATA_GAP,MIDWEEK_SEGMENT_WARMUP,True,2019-12-17T00:30:00+00:00,2019-12-17T01:00:00+00:00,2019-12-13T22:00:00+00:00,2019-12-19T09:00:00+00:00
2019-12-17T09:56:03+00:00,2019-12-17T09:45:00+00:00,Tuesday,9,"[""h1_atr_change_4"", ""h1_slope_atr_8"", ""h3_er_8"", ""h3_atr_change_4"", ""h3_slope_atr_8""]",5.0,263,38.0,2019-12-17T00:00:00+00:00,39.0,9.0,3.0,"[""h1_atr_change_4"", ""h1_slope_atr_8"", ""h3_er_8"", ""h3_atr_change_4"", ""h3_slope_atr_8""]",UNEXPLAINED_DATA_GAP,MIDWEEK_SEGMENT_WARMUP,True,2019-12-17T09:30:00+00:00,2019-12-17T10:00:00+00:00,2019-12-13T22:00:00+00:00,2019-12-19T09:00:00+00:00
2019-12-17T20:58:07+00:00,2019-12-17T20:45:00+00:00,Tuesday,20,"[""h3_er_8"", ""h3_atr_change_4"", ""h3_slope_atr_8""]",3.0,263,82.0,2019-12-17T00:00:00+00:00,83.0,20.0,6.0,"[""h3_er_8"", ""h3_atr_change_4"", ""h3_slope_atr_8""]",UNEXPLAINED_DATA_GAP,MIDWEEK_SEGMENT_WARMUP,True,2019-12-17T20:30:00+00:00,2019-12-17T21:00:00+00:00,2019-12-13T22:00:00+00:00,2019-12-19T09:00:00+00:00
2019-12-18T03:44:01+00:00,2019-12-18T03:30:00+00:00,Wednesday,3,"[""h3_atr_change_4"", ""h3_slope_atr_8""]",2.0,263,109.0,2019-12-17T00:00:00+00:00,110.0,27.0,9.0,"[""h3_atr_change_4"", ""h3_slope_atr_8""]",UNEXPLAINED_DATA_GAP,MIDWEEK_SEGMENT_WARMUP,True,2019-12-18T03:15:00+00:00,2019-12-18T03:45:00+00:00,2019-12-13T22:00:00+00:00,2019-12-19T09:00:00+00:00
2019-12-23T13:04:04+00:00,2019-12-23T13:00:00+00:00,Monday,13,"[""h3_atr_change_4"", ""h3_slope_atr_8""]",2.0,264,147.0,2019-12-22T00:00:00+00:00,148.0,37.0,12.0,"[""h3_atr_change_4"", ""h3_slope_atr_8""]",UNEXPLAINED_DATA_GAP,WEEKLY_SEGMENT_WARMUP,True,2019-12-23T12:45:00+00:00,2019-12-23T13:15:00+00:00,2019-12-20T22:00:00+00:00,2019-12-24T09:00:00+00:00
2019-12-23T23:29:38+00:00,2019-12-23T23:15:00+00:00,Monday,23,"[""h3_atr_change_4""]",1.0,264,188.0,2019-12-22T00:00:00+00:00,189.0,47.0,15.0,"[""h3_atr_change_4""]",UNEXPLAINED_DATA_GAP,WEEKLY_SEGMENT_WARMUP,True,2019-12-23T23:00:00+00:00,2019-12-23T23:30:00+00:00,2019-12-20T22:00:00+00:00,2019-12-24T09:00:00+00:00
2019-12-30T08:06:32+00:00,2019-12-30T08:00:00+00:00,Monday,8,"[""h3_atr_change_4"", ""h3_slope_atr_8""]",2.0,265,127.0,2019-12-29T00:00:00+00:00,128.0,32.0,10.0,"[""h3_atr_change_4"", ""h3_slope_atr_8""]",UNEXPLAINED_DATA_GAP,WEEKLY_SEGMENT_WARMUP,True,2019-12-30T07:45:00+00:00,2019-12-30T08:15:00+00:00,2019-12-27T22:00:00+00:00,2019-12-31T09:00:00+00:00
2019-12-30T21:29:15+00:00,2019-12-30T21:15:00+00:00,Monday,21,"[""h3_atr_change_4""]",1.0,265,180.0,2019-12-29T00:00:00+00:00,181.0,45.0,15.0,"[""h3_atr_change_4""]",UNEXPLAINED_DATA_GAP,WEEKLY_SEGMENT_WARMUP,True,2019-12-30T21:00:00+00:00,2019-12-30T21:30:00+00:00,2019-12-27T22:00:00+00:00,2019-12-31T09:00:00+00:00
2020-01-02T05:42:16+00:00,2020-01-02T05:30:00+00:00,Thursday,5,"[""h3_atr_change_4"", ""h3_slope_atr_8""]",2.0,266,117.0,2020-01-01T00:00:00+00:00,118.0,29.0,9.0,"[""h3_atr_change_4"", ""h3_slope_atr_8""]",UNEXPLAINED_DATA_GAP,MIDWEEK_SEGMENT_WARMUP,True,2020-01-02T05:15:00+00:00,2020-01-02T05:45:00+00:00,2019-12-31T22:00:00+00:00,2020-01-03T09:00:00+00:00
2020-01-02T20:05:39+00:00,2020-01-02T20:00:00+00:00,Thursday,20,"[""h3_atr_change_4"", ""h3_slope_atr_8""]",2.0,266,175.0,2020-01-01T00:00:00+00:00,176.0,44.0,14.0,"[""h3_atr_change_4"", ""h3_slope_atr_8""]",UNEXPLAINED_DATA_GAP,MIDWEEK_SEGMENT_WARMUP,True,2020-01-02T19:45:00+00:00,2020-01-02T20:15:00+00:00,2019-12-31T22:00:00+00:00,2020-01-03T09:00:00+00:00
2020-01-03T06:57:36+00:00,2020-01-03T06:45:00+00:00,Friday,6,"[""h3_atr_change_4""]",1.0,266,218.0,2020-01-01T00:00:00+00:00,219.0,54.0,18.0,"[""h3_atr_change_4""]",UNEXPLAINED_DATA_GAP,MIDWEEK_SEGMENT_WARMUP,True,2020-01-03T06:30:00+00:00,2020-01-03T07:00:00+00:00,2019-12-31T22:00:00+00:00,2020-01-03T09:00:00+00:00
2020-01-06T08:11:36+00:00,2020-01-06T08:00:00+00:00,Monday,8,"[""h3_atr_change_4"", ""h3_slope_atr_8""]",2.0,267,127.0,2020-01-05T00:00:00+00:00,128.0,32.0,10.0,"[""h3_atr_change_4"", ""h3_slope_atr_8""]",UNEXPLAINED_DATA_GAP,WEEKLY_SEGMENT_WARMUP,True,2020-01-06T07:45:00+00:00,2020-01-06T08:15:00+00:00,2020-01-03T22:00:00+00:00,2020-01-07T09:00:00+00:00
2020-01-07T02:49:37+00:00,2020-01-07T02:45:00+00:00,Tuesday,2,"[""h3_atr_change_4""]",1.0,267,202.0,2020-01-05T00:00:00+00:00,203.0,50.0,16.0,"[""h3_atr_change_4""]",UNEXPLAINED_DATA_GAP,WEEKLY_SEGMENT_WARMUP,True,2020-01-07T02:30:00+00:00,2020-01-07T03:00:00+00:00,2020-01-03T22:00:00+00:00,2020-01-07T09:00:00+00:00
2020-01-07T07:57:35+00:00,2020-01-07T07:45:00+00:00,Tuesday,7,"[""h3_atr_change_4""]",1.0,267,222.0,2020-01-05T00:00:00+00:00,223.0,55.0,18.0,"[""h3_atr_change_4""]",UNEXPLAINED_DATA_GAP,WEEKLY_SEGMENT_WARMUP,True,2020-01-07T07:30:00+00:00,2020-01-07T08:00:00+00:00,2020-01-03T22:00:00+00:00,2020-01-07T09:00:00+00:00
2020-01-13T00:01:00+00:00,2020-01-13T00:00:00+00:00,Monday,0,,,,,,,,,,,SOURCE_BAR_GAP,True,2020-01-10T22:00:00+00:00,2020-01-13T00:15:00+00:00,2020-01-10T22:00:00+00:00,2020-01-15T09:00:00+00:00
2020-01-13T10:21:36+00:00,2020-01-13T10:15:00+00:00,Monday,10,"[""h1_atr_change_4"", ""h1_slope_atr_8"", ""h3_er_8"", ""h3_atr_change_4"", ""h3_slope_atr_8""]",5.0,268,40.0,2020-01-13T00:00:00+00:00,41.0,10.0,3.0,"[""h1_atr_change_4"", ""h1_slope_atr_8"", ""h3_er_8"", ""h3_atr_change_4"", ""h3_slope_atr_8""]",EXPECTED_MARKET_GAP,WEEKLY_SEGMENT_WARMUP,True,2020-01-13T10:00:00+00:00,2020-01-13T10:30:00+00:00,2020-01-10T22:00:00+00:00,2020-01-15T09:00:00+00:00
2020-01-13T11:12:14+00:00,2020-01-13T11:00:00+00:00,Monday,11,"[""h1_atr_change_4"", ""h1_slope_atr_8"", ""h3_er_8"", ""h3_atr_change_4"", ""h3_slope_atr_8""]",5.0,268,43.0,2020-01-13T00:00:00+00:00,44.0,11.0,3.0,"[""h1_atr_change_4"", ""h1_slope_atr_8"", ""h3_er_8"", ""h3_atr_change_4"", ""h3_slope_atr_8""]",EXPECTED_MARKET_GAP,WEEKLY_SEGMENT_WARMUP,True,2020-01-13T10:45:00+00:00,2020-01-13T11:15:00+00:00,2020-01-10T22:00:00+00:00,2020-01-15T09:00:00+00:00
2020-01-13T23:17:05+00:00,2020-01-13T23:15:00+00:00,Monday,23,"[""h3_er_8"", ""h3_atr_change_4"", ""h3_slope_atr_8""]",3.0,268,92.0,2020-01-13T00:00:00+00:00,93.0,23.0,7.0,"[""h3_er_8"", ""h3_atr_change_4"", ""h3_slope_atr_8""]",EXPECTED_MARKET_GAP,WEEKLY_SEGMENT_WARMUP,True,2020-01-13T23:00:00+00:00,2020-01-13T23:30:00+00:00,2020-01-10T22:00:00+00:00,2020-01-15T09:00:00+00:00
2020-01-14T08:02:06+00:00,2020-01-14T08:00:00+00:00,Tuesday,8,"[""h3_atr_change_4"", ""h3_slope_atr_8""]",2.0,268,127.0,2020-01-13T00:00:00+00:00,128.0,32.0,10.0,"[""h3_atr_change_4"", ""h3_slope_atr_8""]",EXPECTED_MARKET_GAP,WEEKLY_SEGMENT_WARMUP,True,2020-01-14T07:45:00+00:00,2020-01-14T08:15:00+00:00,2020-01-10T22:00:00+00:00,2020-01-15T09:00:00+00:00
2020-01-14T11:00:39+00:00,2020-01-14T11:00:00+00:00,Tuesday,11,"[""h3_atr_change_4"", ""h3_slope_atr_8""]",2.0,268,139.0,2020-01-13T00:00:00+00:00,140.0,35.0,11.0,"[""h3_atr_change_4"", ""h3_slope_atr_8""]",EXPECTED_MARKET_GAP,WEEKLY_SEGMENT_WARMUP,True,2020-01-14T10:45:00+00:00,2020-01-14T11:15:00+00:00,2020-01-10T22:00:00+00:00,2020-01-15T09:00:00+00:00
2020-01-17T23:53:32+00:00,2020-01-17T23:45:00+00:00,Friday,23,,,,,,,,,,,SOURCE_BAR_GAP,True,2020-01-17T22:00:00+00:00,2020-01-19T00:15:00+00:00,2020-01-17T22:00:00+00:00,2020-01-21T09:00:00+00:00
2020-01-20T09:57:30+00:00,2020-01-20T09:45:00+00:00,Monday,9,"[""h3_atr_change_4"", ""h3_slope_atr_8""]",2.0,269,134.0,2020-01-19T00:00:00+00:00,135.0,33.0,11.0,"[""h3_atr_change_4"", ""h3_slope_atr_8""]",UNEXPLAINED_DATA_GAP,WEEKLY_SEGMENT_WARMUP,True,2020-01-20T09:30:00+00:00,2020-01-20T10:00:00+00:00,2020-01-17T22:00:00+00:00,2020-01-21T09:00:00+00:00
2020-01-24T02:00:42+00:00,2020-01-24T02:00:00+00:00,Friday,2,,,,,,,,,,,SOURCE_BAR_GAP,True,2020-01-24T00:00:00+00:00,2020-01-26T00:15:00+00:00,2020-01-24T00:00:00+00:00,2020-01-28T09:00:00+00:00
2020-01-24T11:00:26+00:00,2020-01-24T11:00:00+00:00,Friday,11,,,,,,,,,,,SOURCE_BAR_GAP,True,2020-01-24T00:00:00+00:00,2020-01-26T00:15:00+00:00,2020-01-24T00:00:00+00:00,2020-01-28T09:00:00+00:00
2020-01-24T17:19:03+00:00,2020-01-24T17:15:00+00:00,Friday,17,,,,,,,,,,,SOURCE_BAR_GAP,True,2020-01-24T00:00:00+00:00,2020-01-26T00:15:00+00:00,2020-01-24T00:00:00+00:00,2020-01-28T09:00:00+00:00
2020-01-24T23:34:30+00:00,2020-01-24T23:30:00+00:00,Friday,23,,,,,,,,,,,SOURCE_BAR_GAP,True,2020-01-24T00:00:00+00:00,2020-01-26T00:15:00+00:00,2020-01-24T00:00:00+00:00,2020-01-28T09:00:00+00:00
2020-01-27T10:11:36+00:00,2020-01-27T10:00:00+00:00,Monday,10,"[""h3_atr_change_4"", ""h3_slope_atr_8""]",2.0,270,135.0,2020-01-26T00:00:00+00:00,136.0,34.0,11.0,"[""h3_atr_change_4"", ""h3_slope_atr_8""]",UNEXPLAINED_DATA_GAP,MIDWEEK_SEGMENT_WARMUP,True,2020-01-27T09:45:00+00:00,2020-01-27T10:15:00+00:00,2020-01-24T00:00:00+00:00,2020-01-28T09:00:00+00:00
2020-01-27T11:00:28+00:00,2020-01-27T11:00:00+00:00,Monday,11,"[""h3_atr_change_4"", ""h3_slope_atr_8""]",2.0,270,139.0,2020-01-26T00:00:00+00:00,140.0,35.0,11.0,"[""h3_atr_change_4"", ""h3_slope_atr_8""]",UNEXPLAINED_DATA_GAP,MIDWEEK_SEGMENT_WARMUP,True,2020-01-27T10:45:00+00:00,2020-01-27T11:15:00+00:00,2020-01-24T00:00:00+00:00,2020-01-28T09:00:00+00:00
2020-01-27T14:17:30+00:00,2020-01-27T14:15:00+00:00,Monday,14,"[""h3_atr_change_4"", ""h3_slope_atr_8""]",2.0,270,152.0,2020-01-26T00:00:00+00:00,153.0,38.0,12.0,"[""h3_atr_change_4"", ""h3_slope_atr_8""]",UNEXPLAINED_DATA_GAP,MIDWEEK_SEGMENT_WARMUP,True,2020-01-27T14:00:00+00:00,2020-01-27T14:30:00+00:00,2020-01-24T00:00:00+00:00,2020-01-28T09:00:00+00:00
2020-01-27T18:08:03+00:00,2020-01-27T18:00:00+00:00,Monday,18,"[""h3_atr_change_4"", ""h3_slope_atr_8""]",2.0,270,167.0,2020-01-26T00:00:00+00:00,168.0,42.0,14.0,"[""h3_atr_change_4"", ""h3_slope_atr_8""]",UNEXPLAINED_DATA_GAP,MIDWEEK_SEGMENT_WARMUP,True,2020-01-27T17:45:00+00:00,2020-01-27T18:15:00+00:00,2020-01-24T00:00:00+00:00,2020-01-28T09:00:00+00:00
2020-01-27T20:20:36+00:00,2020-01-27T20:15:00+00:00,Monday,20,"[""h3_atr_change_4"", ""h3_slope_atr_8""]",2.0,270,176.0,2020-01-26T00:00:00+00:00,177.0,44.0,14.0,"[""h3_atr_change_4"", ""h3_slope_atr_8""]",UNEXPLAINED_DATA_GAP,MIDWEEK_SEGMENT_WARMUP,True,2020-01-27T20:00:00+00:00,2020-01-27T20:30:00+00:00,2020-01-24T00:00:00+00:00,2020-01-28T09:00:00+00:00
2020-01-28T08:35:59+00:00,2020-01-28T08:30:00+00:00,Tuesday,8,"[""h3_atr_change_4""]",1.0,270,225.0,2020-01-26T00:00:00+00:00,226.0,56.0,18.0,"[""h3_atr_change_4""]",UNEXPLAINED_DATA_GAP,MIDWEEK_SEGMENT_WARMUP,True,2020-01-28T08:15:00+00:00,2020-01-28T08:45:00+00:00,2020-01-24T00:00:00+00:00,2020-01-28T09:00:00+00:00
2020-02-03T09:13:25+00:00,2020-02-03T09:00:00+00:00,Monday,9,"[""h3_atr_change_4"", ""h3_slope_atr_8""]",2.0,271,131.0,2020-02-02T00:00:00+00:00,132.0,33.0,11.0,"[""h3_atr_change_4"", ""h3_slope_atr_8""]",UNEXPLAINED_DATA_GAP,WEEKLY_SEGMENT_WARMUP,True,2020-02-03T08:45:00+00:00,2020-02-03T09:15:00+00:00,2020-01-31T22:00:00+00:00,2020-02-07T09:00:00+00:00
2020-02-04T11:00:20+00:00,2020-02-04T11:00:00+00:00,Tuesday,11,,,,,,,,,,,SOURCE_BAR_GAP,True,2020-02-04T00:00:00+00:00,2020-02-05T00:15:00+00:00,2020-01-31T22:00:00+00:00,2020-02-07T09:00:00+00:00
2020-02-05T16:42:24+00:00,2020-02-05T16:30:00+00:00,Wednesday,16,"[""h1_atr_change_4"", ""h3_er_8"", ""h3_atr_change_4"", ""h3_slope_atr_8""]",4.0,272,65.0,2020-02-05T00:00:00+00:00,66.0,16.0,5.0,"[""h1_atr_change_4"", ""h3_er_8"", ""h3_atr_change_4"", ""h3_slope_atr_8""]",UNEXPLAINED_DATA_GAP,MIDWEEK_SEGMENT_WARMUP,True,2020-02-05T16:15:00+00:00,2020-02-05T16:45:00+00:00,2020-01-31T22:00:00+00:00,2020-02-07T09:00:00+00:00
2020-02-05T20:14:36+00:00,2020-02-05T20:00:00+00:00,Wednesday,20,"[""h3_er_8"", ""h3_atr_change_4"", ""h3_slope_atr_8""]",3.0,272,79.0,2020-02-05T00:00:00+00:00,80.0,20.0,6.0,"[""h3_er_8"", ""h3_atr_change_4"", ""h3_slope_atr_8""]",UNEXPLAINED_DATA_GAP,MIDWEEK_SEGMENT_WARMUP,True,2020-02-05T19:45:00+00:00,2020-02-05T20:15:00+00:00,2020-01-31T22:00:00+00:00,2020-02-07T09:00:00+00:00
2020-02-06T16:59:40+00:00,2020-02-06T16:45:00+00:00,Thursday,16,"[""h3_atr_change_4"", ""h3_slope_atr_8""]",2.0,272,162.0,2020-02-05T00:00:00+00:00,163.0,40.0,13.0,"[""h3_atr_change_4"", ""h3_slope_atr_8""]",UNEXPLAINED_DATA_GAP,MIDWEEK_SEGMENT_WARMUP,True,2020-02-06T16:30:00+00:00,2020-02-06T17:00:00+00:00,2020-01-31T22:00:00+00:00,2020-02-07T09:00:00+00:00
2020-02-10T09:00:43+00:00,2020-02-10T09:00:00+00:00,Monday,9,"[""h3_atr_change_4"", ""h3_slope_atr_8""]",2.0,273,131.0,2020-02-09T00:00:00+00:00,132.0,33.0,11.0,"[""h3_atr_change_4"", ""h3_slope_atr_8""]",UNEXPLAINED_DATA_GAP,WEEKLY_SEGMENT_WARMUP,True,2020-02-10T08:45:00+00:00,2020-02-10T09:15:00+00:00,2020-02-07T22:00:00+00:00,2020-02-11T09:00:00+00:00
2020-02-11T02:15:59+00:00,2020-02-11T02:15:00+00:00,Tuesday,2,"[""h3_atr_change_4""]",1.0,273,200.0,2020-02-09T00:00:00+00:00,201.0,50.0,16.0,"[""h3_atr_change_4""]",UNEXPLAINED_DATA_GAP,WEEKLY_SEGMENT_WARMUP,True,2020-02-11T02:00:00+00:00,2020-02-11T02:30:00+00:00,2020-02-07T22:00:00+00:00,2020-02-11T09:00:00+00:00
2020-02-11T08:05:49+00:00,2020-02-11T08:00:00+00:00,Tuesday,8,"[""h3_atr_change_4""]",1.0,273,223.0,2020-02-09T00:00:00+00:00,224.0,56.0,18.0,"[""h3_atr_change_4""]",UNEXPLAINED_DATA_GAP,WEEKLY_SEGMENT_WARMUP,True,2020-02-11T07:45:00+00:00,2020-02-11T08:15:00+00:00,2020-02-07T22:00:00+00:00,2020-02-11T09:00:00+00:00
2020-02-14T23:48:05+00:00,2020-02-14T23:45:00+00:00,Friday,23,,,,,,,,,,,SOURCE_BAR_GAP,True,2020-02-14T22:00:00+00:00,2020-02-16T00:15:00+00:00,2020-02-14T22:00:00+00:00,2020-02-18T09:00:00+00:00
2020-02-17T08:09:41+00:00,2020-02-17T08:00:00+00:00,Monday,8,"[""h3_atr_change_4"", ""h3_slope_atr_8""]",2.0,274,127.0,2020-02-16T00:00:00+00:00,128.0,32.0,10.0,"[""h3_atr_change_4"", ""h3_slope_atr_8""]",UNEXPLAINED_DATA_GAP,WEEKLY_SEGMENT_WARMUP,True,2020-02-17T07:45:00+00:00,2020-02-17T08:15:00+00:00,2020-02-14T22:00:00+00:00,2020-02-18T09:00:00+00:00
2020-02-17T15:11:59+00:00,2020-02-17T15:00:00+00:00,Monday,15,"[""h3_atr_change_4"", ""h3_slope_atr_8""]",2.0,274,155.0,2020-02-16T00:00:00+00:00,156.0,39.0,13.0,"[""h3_atr_change_4"", ""h3_slope_atr_8""]",UNEXPLAINED_DATA_GAP,WEEKLY_SEGMENT_WARMUP,True,2020-02-17T14:45:00+00:00,2020-02-17T15:15:00+00:00,2020-02-14T22:00:00+00:00,2020-02-18T09:00:00+00:00
2020-02-17T17:00:00+00:00,2020-02-17T17:00:00+00:00,Monday,17,"[""h3_atr_change_4"", ""h3_slope_atr_8""]",2.0,274,163.0,2020-02-16T00:00:00+00:00,164.0,41.0,13.0,"[""h3_atr_change_4"", ""h3_slope_atr_8""]",UNEXPLAINED_DATA_GAP,WEEKLY_SEGMENT_WARMUP,True,2020-02-17T16:45:00+00:00,2020-02-17T17:15:00+00:00,2020-02-14T22:00:00+00:00,2020-02-18T09:00:00+00:00
2020-02-24T00:01:00+00:00,2020-02-24T00:00:00+00:00,Monday,0,"[""atr_change_8"", ""h1_atr_change_4"", ""h3_er_8"", ""h3_atr_change_4"", ""h3_slope_atr_8""]",5.0,275,95.0,2020-02-23T00:00:00+00:00,96.0,24.0,8.0,"[""h3_er_8"", ""h3_atr_change_4"", ""h3_slope_atr_8""]",UNEXPLAINED_DATA_GAP,SPECIFIC_FEATURE_INCOMPLETE,False,2020-02-23T23:45:00+00:00,2020-02-24T00:15:00+00:00,2020-02-21T22:00:00+00:00,2020-02-25T09:00:00+00:00
2020-02-25T03:12:04+00:00,2020-02-25T03:00:00+00:00,Tuesday,3,"[""h3_atr_change_4""]",1.0,275,203.0,2020-02-23T00:00:00+00:00,204.0,51.0,17.0,"[""h3_atr_change_4""]",UNEXPLAINED_DATA_GAP,WEEKLY_SEGMENT_WARMUP,True,2020-02-25T02:45:00+00:00,2020-02-25T03:15:00+00:00,2020-02-21T22:00:00+00:00,2020-02-25T09:00:00+00:00
2020-03-02T07:21:31+00:00,2020-03-02T07:15:00+00:00,Monday,7,,,,,,,,,,,SOURCE_BAR_GAP,True,2020-03-02T00:00:00+00:00,2020-03-03T00:15:00+00:00,2020-02-28T22:00:00+00:00,2020-03-05T09:00:00+00:00
2020-03-02T17:52:05+00:00,2020-03-02T17:45:00+00:00,Monday,17,,,,,,,,,,,SOURCE_BAR_GAP,True,2020-03-02T00:00:00+00:00,2020-03-03T00:15:00+00:00,2020-02-28T22:00:00+00:00,2020-03-05T09:00:00+00:00
2020-03-03T03:14:03+00:00,2020-03-03T03:00:00+00:00,Tuesday,3,"[""er_16"", ""rv_16"", ""atr_change_1"", ""atr_change_8"", ""slope_atr_4"", ""slope_atr_16"", ""range_pos_16"", ""h1_er_8"", ""h1_atr_change_4"", ""h1_slope_atr_8"", ""h3_er_8"", ""h3_atr_change_4"", ""h3_slope_atr_8""]",13.0,277,11.0,2020-03-03T00:00:00+00:00,12.0,3.0,1.0,"[""er_16"", ""rv_16"", ""atr_change_1"", ""atr_change_8"", ""slope_atr_4"", ""slope_atr_16"", ""range_pos_16"", ""h1_er_8"", ""h1_atr_change_4"", ""h1_slope_atr_8"", ""h3_er_8"", ""h3_atr_change_4"", ""h3_slope_atr_8""]",UNEXPLAINED_DATA_GAP,MIDWEEK_SEGMENT_WARMUP,True,2020-03-03T02:45:00+00:00,2020-03-03T03:15:00+00:00,2020-02-28T22:00:00+00:00,2020-03-05T09:00:00+00:00
2020-03-03T05:50:35+00:00,2020-03-03T05:45:00+00:00,Tuesday,5,"[""h1_er_8"", ""h1_atr_change_4"", ""h1_slope_atr_8"", ""h3_er_8"", ""h3_atr_change_4"", ""h3_slope_atr_8""]",6.0,277,22.0,2020-03-03T00:00:00+00:00,23.0,5.0,1.0,"[""h1_er_8"", ""h1_atr_change_4"", ""h1_slope_atr_8"", ""h3_er_8"", ""h3_atr_change_4"", ""h3_slope_atr_8""]",UNEXPLAINED_DATA_GAP,MIDWEEK_SEGMENT_WARMUP,True,2020-03-03T05:30:00+00:00,2020-03-03T06:00:00+00:00,2020-02-28T22:00:00+00:00,2020-03-05T09:00:00+00:00
2020-03-03T09:06:20+00:00,2020-03-03T09:00:00+00:00,Tuesday,9,"[""h1_atr_change_4"", ""h1_slope_atr_8"", ""h3_er_8"", ""h3_atr_change_4"", ""h3_slope_atr_8""]",5.0,277,35.0,2020-03-03T00:00:00+00:00,36.0,9.0,3.0,"[""h1_atr_change_4"", ""h1_slope_atr_8"", ""h3_er_8"", ""h3_atr_change_4"", ""h3_slope_atr_8""]",UNEXPLAINED_DATA_GAP,MIDWEEK_SEGMENT_WARMUP,True,2020-03-03T08:45:00+00:00,2020-03-03T09:15:00+00:00,2020-02-28T22:00:00+00:00,2020-03-05T09:00:00+00:00
2020-03-04T02:08:25+00:00,2020-03-04T02:00:00+00:00,Wednesday,2,"[""h3_er_8"", ""h3_atr_change_4"", ""h3_slope_atr_8""]",3.0,277,103.0,2020-03-03T00:00:00+00:00,104.0,26.0,8.0,"[""h3_er_8"", ""h3_atr_change_4"", ""h3_slope_atr_8""]",UNEXPLAINED_DATA_GAP,MIDWEEK_SEGMENT_WARMUP,True,2020-03-04T01:45:00+00:00,2020-03-04T02:15:00+00:00,2020-02-28T22:00:00+00:00,2020-03-05T09:00:00+00:00
2020-03-04T12:45:35+00:00,2020-03-04T12:45:00+00:00,Wednesday,12,"[""h3_atr_change_4"", ""h3_slope_atr_8""]",2.0,277,146.0,2020-03-03T00:00:00+00:00,147.0,36.0,12.0,"[""h3_atr_change_4"", ""h3_slope_atr_8""]",UNEXPLAINED_DATA_GAP,MIDWEEK_SEGMENT_WARMUP,True,2020-03-04T12:30:00+00:00,2020-03-04T13:00:00+00:00,2020-02-28T22:00:00+00:00,2020-03-05T09:00:00+00:00
2020-03-04T14:31:26+00:00,2020-03-04T14:30:00+00:00,Wednesday,14,"[""h3_atr_change_4"", ""h3_slope_atr_8""]",2.0,277,153.0,2020-03-03T00:00:00+00:00,154.0,38.0,12.0,"[""h3_atr_change_4"", ""h3_slope_atr_8""]",UNEXPLAINED_DATA_GAP,MIDWEEK_SEGMENT_WARMUP,True,2020-03-04T14:15:00+00:00,2020-03-04T14:45:00+00:00,2020-02-28T22:00:00+00:00,2020-03-05T09:00:00+00:00
2020-03-05T02:05:22+00:00,2020-03-05T02:00:00+00:00,Thursday,2,"[""h3_atr_change_4""]",1.0,277,199.0,2020-03-03T00:00:00+00:00,200.0,50.0,16.0,"[""h3_atr_change_4""]",UNEXPLAINED_DATA_GAP,MIDWEEK_SEGMENT_WARMUP,True,2020-03-05T01:45:00+00:00,2020-03-05T02:15:00+00:00,2020-02-28T22:00:00+00:00,2020-03-05T09:00:00+00:00
2020-03-05T07:55:06+00:00,2020-03-05T07:45:00+00:00,Thursday,7,"[""h3_atr_change_4""]",1.0,277,222.0,2020-03-03T00:00:00+00:00,223.0,55.0,18.0,"[""h3_atr_change_4""]",UNEXPLAINED_DATA_GAP,MIDWEEK_SEGMENT_WARMUP,True,2020-03-05T07:30:00+00:00,2020-03-05T08:00:00+00:00,2020-02-28T22:00:00+00:00,2020-03-05T09:00:00+00:00
2020-03-06T23:12:40+00:00,2020-03-06T23:00:00+00:00,Friday,23,,,,,,,,,,,SOURCE_BAR_GAP,True,2020-03-06T22:00:00+00:00,2020-03-08T00:15:00+00:00,2020-03-06T22:00:00+00:00,2020-03-10T09:00:00+00:00
2020-03-09T12:13:06+00:00,2020-03-09T12:00:00+00:00,Monday,12,"[""h3_atr_change_4"", ""h3_slope_atr_8""]",2.0,278,143.0,2020-03-08T00:00:00+00:00,144.0,36.0,12.0,"[""h3_atr_change_4"", ""h3_slope_atr_8""]",UNEXPLAINED_DATA_GAP,WEEKLY_SEGMENT_WARMUP,True,2020-03-09T11:45:00+00:00,2020-03-09T12:15:00+00:00,2020-03-06T22:00:00+00:00,2020-03-10T09:00:00+00:00
2020-03-10T02:04:29+00:00,2020-03-10T02:00:00+00:00,Tuesday,2,"[""h3_atr_change_4""]",1.0,278,199.0,2020-03-08T00:00:00+00:00,200.0,50.0,16.0,"[""h3_atr_change_4""]",UNEXPLAINED_DATA_GAP,WEEKLY_SEGMENT_WARMUP,True,2020-03-10T01:45:00+00:00,2020-03-10T02:15:00+00:00,2020-03-06T22:00:00+00:00,2020-03-10T09:00:00+00:00
2020-03-10T07:58:38+00:00,2020-03-10T07:45:00+00:00,Tuesday,7,"[""h3_atr_change_4""]",1.0,278,222.0,2020-03-08T00:00:00+00:00,223.0,55.0,18.0,"[""h3_atr_change_4""]",UNEXPLAINED_DATA_GAP,WEEKLY_SEGMENT_WARMUP,True,2020-03-10T07:30:00+00:00,2020-03-10T08:00:00+00:00,2020-03-06T22:00:00+00:00,2020-03-10T09:00:00+00:00
2020-03-12T11:24:41+00:00,2020-03-12T11:15:00+00:00,Thursday,11,,,,,,,,,,,SOURCE_BAR_GAP,True,2020-03-12T00:00:00+00:00,2020-03-15T00:15:00+00:00,2020-03-12T00:00:00+00:00,2020-03-17T09:00:00+00:00
2020-03-12T17:05:24+00:00,2020-03-12T17:00:00+00:00,Thursday,17,,,,,,,,,,,SOURCE_BAR_GAP,True,2020-03-12T00:00:00+00:00,2020-03-15T00:15:00+00:00,2020-03-12T00:00:00+00:00,2020-03-17T09:00:00+00:00
2020-03-13T03:22:36+00:00,2020-03-13T03:15:00+00:00,Friday,3,,,,,,,,,,,SOURCE_BAR_GAP,True,2020-03-12T00:00:00+00:00,2020-03-15T00:15:00+00:00,2020-03-12T00:00:00+00:00,2020-03-17T09:00:00+00:00
2020-03-13T10:22:27+00:00,2020-03-13T10:15:00+00:00,Friday,10,,,,,,,,,,,SOURCE_BAR_GAP,True,2020-03-12T00:00:00+00:00,2020-03-15T00:15:00+00:00,2020-03-12T00:00:00+00:00,2020-03-17T09:00:00+00:00
2020-03-13T15:51:19+00:00,2020-03-13T15:45:00+00:00,Friday,15,,,,,,,,,,,SOURCE_BAR_GAP,True,2020-03-12T00:00:00+00:00,2020-03-15T00:15:00+00:00,2020-03-12T00:00:00+00:00,2020-03-17T09:00:00+00:00
2020-03-13T22:00:19+00:00,2020-03-13T22:00:00+00:00,Friday,22,,,,,,,,,,,SOURCE_BAR_GAP,True,2020-03-12T00:00:00+00:00,2020-03-15T00:15:00+00:00,2020-03-12T00:00:00+00:00,2020-03-17T09:00:00+00:00
2020-03-16T07:28:35+00:00,2020-03-16T07:15:00+00:00,Monday,7,"[""h3_atr_change_4"", ""h3_slope_atr_8""]",2.0,279,124.0,2020-03-15T00:00:00+00:00,125.0,31.0,10.0,"[""h3_atr_change_4"", ""h3_slope_atr_8""]",UNEXPLAINED_DATA_GAP,MIDWEEK_SEGMENT_WARMUP,True,2020-03-16T07:00:00+00:00,2020-03-16T07:30:00+00:00,2020-03-12T00:00:00+00:00,2020-03-17T09:00:00+00:00
2020-03-16T16:21:29+00:00,2020-03-16T16:15:00+00:00,Monday,16,"[""h3_atr_change_4"", ""h3_slope_atr_8""]",2.0,279,160.0,2020-03-15T00:00:00+00:00,161.0,40.0,13.0,"[""h3_atr_change_4"", ""h3_slope_atr_8""]",UNEXPLAINED_DATA_GAP,MIDWEEK_SEGMENT_WARMUP,True,2020-03-16T16:00:00+00:00,2020-03-16T16:30:00+00:00,2020-03-12T00:00:00+00:00,2020-03-17T09:00:00+00:00
2020-03-17T02:25:30+00:00,2020-03-17T02:15:00+00:00,Tuesday,2,"[""h3_atr_change_4""]",1.0,279,200.0,2020-03-15T00:00:00+00:00,201.0,50.0,16.0,"[""h3_atr_change_4""]",UNEXPLAINED_DATA_GAP,MIDWEEK_SEGMENT_WARMUP,True,2020-03-17T02:00:00+00:00,2020-03-17T02:30:00+00:00,2020-03-12T00:00:00+00:00,2020-03-17T09:00:00+00:00
2020-03-17T04:14:40+00:00,2020-03-17T04:00:00+00:00,Tuesday,4,"[""h3_atr_change_4""]",1.0,279,207.0,2020-03-15T00:00:00+00:00,208.0,52.0,17.0,"[""h3_atr_change_4""]",UNEXPLAINED_DATA_GAP,MIDWEEK_SEGMENT_WARMUP,True,2020-03-17T03:45:00+00:00,2020-03-17T04:15:00+00:00,2020-03-12T00:00:00+00:00,2020-03-17T09:00:00+00:00
2020-03-23T12:33:16+00:00,2020-03-23T12:30:00+00:00,Monday,12,"[""h3_atr_change_4"", ""h3_slope_atr_8""]",2.0,280,145.0,2020-03-22T00:00:00+00:00,146.0,36.0,12.0,"[""h3_atr_change_4"", ""h3_slope_atr_8""]",UNEXPLAINED_DATA_GAP,WEEKLY_SEGMENT_WARMUP,True,2020-03-23T12:15:00+00:00,2020-03-23T12:45:00+00:00,2020-03-20T21:00:00+00:00,2020-03-24T09:00:00+00:00
2020-03-23T19:12:39+00:00,2020-03-23T19:00:00+00:00,Monday,19,"[""h3_atr_change_4"", ""h3_slope_atr_8""]",2.0,280,171.0,2020-03-22T00:00:00+00:00,172.0,43.0,14.0,"[""h3_atr_change_4"", ""h3_slope_atr_8""]",UNEXPLAINED_DATA_GAP,WEEKLY_SEGMENT_WARMUP,True,2020-03-23T18:45:00+00:00,2020-03-23T19:15:00+00:00,2020-03-20T21:00:00+00:00,2020-03-24T09:00:00+00:00
2020-03-24T07:52:39+00:00,2020-03-24T07:45:00+00:00,Tuesday,7,"[""h3_atr_change_4""]",1.0,280,222.0,2020-03-22T00:00:00+00:00,223.0,55.0,18.0,"[""h3_atr_change_4""]",UNEXPLAINED_DATA_GAP,WEEKLY_SEGMENT_WARMUP,True,2020-03-24T07:30:00+00:00,2020-03-24T08:00:00+00:00,2020-03-20T21:00:00+00:00,2020-03-24T09:00:00+00:00
2020-03-26T07:12:28+00:00,2020-03-26T07:00:00+00:00,Thursday,7,,,,,,,,,,,SOURCE_BAR_GAP,True,2020-03-26T00:00:00+00:00,2020-03-27T00:15:00+00:00,2020-03-26T00:00:00+00:00,2020-03-31T09:00:00+00:00
2020-03-27T10:32:37+00:00,2020-03-27T10:30:00+00:00,Friday,10,"[""h1_atr_change_4"", ""h1_slope_atr_8"", ""h3_er_8"", ""h3_atr_change_4"", ""h3_slope_atr_8""]",5.0,281,41.0,2020-03-27T00:00:00+00:00,42.0,10.0,3.0,"[""h1_atr_change_4"", ""h1_slope_atr_8"", ""h3_er_8"", ""h3_atr_change_4"", ""h3_slope_atr_8""]",UNEXPLAINED_DATA_GAP,MIDWEEK_SEGMENT_WARMUP,True,2020-03-27T10:15:00+00:00,2020-03-27T10:45:00+00:00,2020-03-26T00:00:00+00:00,2020-03-31T09:00:00+00:00
2020-03-27T16:06:40+00:00,2020-03-27T16:00:00+00:00,Friday,16,"[""h1_atr_change_4"", ""h3_er_8"", ""h3_atr_change_4"", ""h3_slope_atr_8""]",4.0,281,63.0,2020-03-27T00:00:00+00:00,64.0,16.0,5.0,"[""h1_atr_change_4"", ""h3_er_8"", ""h3_atr_change_4"", ""h3_slope_atr_8""]",UNEXPLAINED_DATA_GAP,MIDWEEK_SEGMENT_WARMUP,True,2020-03-27T15:45:00+00:00,2020-03-27T16:15:00+00:00,2020-03-26T00:00:00+00:00,2020-03-31T09:00:00+00:00
2020-03-30T05:07:04+00:00,2020-03-30T05:00:00+00:00,Monday,5,"[""h3_atr_change_4"", ""h3_slope_atr_8""]",2.0,282,115.0,2020-03-29T00:00:00+00:00,116.0,29.0,9.0,"[""h3_atr_change_4"", ""h3_slope_atr_8""]",UNEXPLAINED_DATA_GAP,WEEKLY_SEGMENT_WARMUP,True,2020-03-30T04:45:00+00:00,2020-03-30T05:15:00+00:00,2020-03-26T00:00:00+00:00,2020-03-31T09:00:00+00:00
2020-03-30T14:20:30+00:00,2020-03-30T14:15:00+00:00,Monday,14,"[""h3_atr_change_4"", ""h3_slope_atr_8""]",2.0,282,152.0,2020-03-29T00:00:00+00:00,153.0,38.0,12.0,"[""h3_atr_change_4"", ""h3_slope_atr_8""]",UNEXPLAINED_DATA_GAP,WEEKLY_SEGMENT_WARMUP,True,2020-03-30T14:00:00+00:00,2020-03-30T14:30:00+00:00,2020-03-26T00:00:00+00:00,2020-03-31T09:00:00+00:00
2020-03-30T19:00:39+00:00,2020-03-30T19:00:00+00:00,Monday,19,"[""h3_atr_change_4"", ""h3_slope_atr_8""]",2.0,282,171.0,2020-03-29T00:00:00+00:00,172.0,43.0,14.0,"[""h3_atr_change_4"", ""h3_slope_atr_8""]",UNEXPLAINED_DATA_GAP,WEEKLY_SEGMENT_WARMUP,True,2020-03-30T18:45:00+00:00,2020-03-30T19:15:00+00:00,2020-03-26T00:00:00+00:00,2020-03-31T09:00:00+00:00
2020-03-31T03:52:41+00:00,2020-03-31T03:45:00+00:00,Tuesday,3,"[""h3_atr_change_4""]",1.0,282,206.0,2020-03-29T00:00:00+00:00,207.0,51.0,17.0,"[""h3_atr_change_4""]",UNEXPLAINED_DATA_GAP,WEEKLY_SEGMENT_WARMUP,True,2020-03-31T03:30:00+00:00,2020-03-31T04:00:00+00:00,2020-03-26T00:00:00+00:00,2020-03-31T09:00:00+00:00
2020-04-03T01:59:45+00:00,2020-04-03T01:45:00+00:00,Friday,1,,,,,,,,,,,SOURCE_BAR_GAP,True,2020-04-03T00:00:00+00:00,2020-04-05T00:15:00+00:00,2020-04-03T00:00:00+00:00,2020-04-07T09:00:00+00:00
2020-04-03T14:04:39+00:00,2020-04-03T14:00:00+00:00,Friday,14,,,,,,,,,,,SOURCE_BAR_GAP,True,2020-04-03T00:00:00+00:00,2020-04-05T00:15:00+00:00,2020-04-03T00:00:00+00:00,2020-04-07T09:00:00+00:00
2020-04-06T05:47:40+00:00,2020-04-06T05:45:00+00:00,Monday,5,"[""h3_atr_change_4"", ""h3_slope_atr_8""]",2.0,283,118.0,2020-04-05T00:00:00+00:00,119.0,29.0,9.0,"[""h3_atr_change_4"", ""h3_slope_atr_8""]",UNEXPLAINED_DATA_GAP,MIDWEEK_SEGMENT_WARMUP,True,2020-04-06T05:30:00+00:00,2020-04-06T06:00:00+00:00,2020-04-03T00:00:00+00:00,2020-04-07T09:00:00+00:00
2020-04-06T07:35:38+00:00,2020-04-06T07:30:00+00:00,Monday,7,"[""h3_atr_change_4"", ""h3_slope_atr_8""]",2.0,283,125.0,2020-04-05T00:00:00+00:00,126.0,31.0,10.0,"[""h3_atr_change_4"", ""h3_slope_atr_8""]",UNEXPLAINED_DATA_GAP,MIDWEEK_SEGMENT_WARMUP,True,2020-04-06T07:15:00+00:00,2020-04-06T07:45:00+00:00,2020-04-03T00:00:00+00:00,2020-04-07T09:00:00+00:00
2020-04-06T11:10:39+00:00,2020-04-06T11:00:00+00:00,Monday,11,"[""h3_atr_change_4"", ""h3_slope_atr_8""]",2.0,283,139.0,2020-04-05T00:00:00+00:00,140.0,35.0,11.0,"[""h3_atr_change_4"", ""h3_slope_atr_8""]",UNEXPLAINED_DATA_GAP,MIDWEEK_SEGMENT_WARMUP,True,2020-04-06T10:45:00+00:00,2020-04-06T11:15:00+00:00,2020-04-03T00:00:00+00:00,2020-04-07T09:00:00+00:00
2020-04-06T13:17:39+00:00,2020-04-06T13:15:00+00:00,Monday,13,"[""h3_atr_change_4"", ""h3_slope_atr_8""]",2.0,283,148.0,2020-04-05T00:00:00+00:00,149.0,37.0,12.0,"[""h3_atr_change_4"", ""h3_slope_atr_8""]",UNEXPLAINED_DATA_GAP,MIDWEEK_SEGMENT_WARMUP,True,2020-04-06T13:00:00+00:00,2020-04-06T13:30:00+00:00,2020-04-03T00:00:00+00:00,2020-04-07T09:00:00+00:00
2020-04-06T16:35:37+00:00,2020-04-06T16:30:00+00:00,Monday,16,"[""h3_atr_change_4"", ""h3_slope_atr_8""]",2.0,283,161.0,2020-04-05T00:00:00+00:00,162.0,40.0,13.0,"[""h3_atr_change_4"", ""h3_slope_atr_8""]",UNEXPLAINED_DATA_GAP,MIDWEEK_SEGMENT_WARMUP,True,2020-04-06T16:15:00+00:00,2020-04-06T16:45:00+00:00,2020-04-03T00:00:00+00:00,2020-04-07T09:00:00+00:00
2020-04-06T22:12:24+00:00,2020-04-06T22:00:00+00:00,Monday,22,"[""h3_atr_change_4""]",1.0,283,183.0,2020-04-05T00:00:00+00:00,184.0,46.0,15.0,"[""h3_atr_change_4""]",UNEXPLAINED_DATA_GAP,MIDWEEK_SEGMENT_WARMUP,True,2020-04-06T21:45:00+00:00,2020-04-06T22:15:00+00:00,2020-04-03T00:00:00+00:00,2020-04-07T09:00:00+00:00
2020-04-07T01:14:27+00:00,2020-04-07T01:00:00+00:00,Tuesday,1,"[""h3_atr_change_4""]",1.0,283,195.0,2020-04-05T00:00:00+00:00,196.0,49.0,16.0,"[""h3_atr_change_4""]",UNEXPLAINED_DATA_GAP,MIDWEEK_SEGMENT_WARMUP,True,2020-04-07T00:45:00+00:00,2020-04-07T01:15:00+00:00,2020-04-03T00:00:00+00:00,2020-04-07T09:00:00+00:00
2020-04-07T04:05:37+00:00,2020-04-07T04:00:00+00:00,Tuesday,4,"[""h3_atr_change_4""]",1.0,283,207.0,2020-04-05T00:00:00+00:00,208.0,52.0,17.0,"[""h3_atr_change_4""]",UNEXPLAINED_DATA_GAP,MIDWEEK_SEGMENT_WARMUP,True,2020-04-07T03:45:00+00:00,2020-04-07T04:15:00+00:00,2020-04-03T00:00:00+00:00,2020-04-07T09:00:00+00:00
2020-04-13T13:13:30+00:00,2020-04-13T13:00:00+00:00,Monday,13,"[""h3_atr_change_4"", ""h3_slope_atr_8""]",2.0,284,147.0,2020-04-12T00:00:00+00:00,148.0,37.0,12.0,"[""h3_atr_change_4"", ""h3_slope_atr_8""]",UNEXPLAINED_DATA_GAP,WEEKLY_SEGMENT_WARMUP,True,2020-04-13T12:45:00+00:00,2020-04-13T13:15:00+00:00,2020-04-10T21:00:00+00:00,2020-04-14T09:00:00+00:00
2020-04-13T16:29:54+00:00,2020-04-13T16:15:00+00:00,Monday,16,"[""h3_atr_change_4"", ""h3_slope_atr_8""]",2.0,284,160.0,2020-04-12T00:00:00+00:00,161.0,40.0,13.0,"[""h3_atr_change_4"", ""h3_slope_atr_8""]",UNEXPLAINED_DATA_GAP,WEEKLY_SEGMENT_WARMUP,True,2020-04-13T16:00:00+00:00,2020-04-13T16:30:00+00:00,2020-04-10T21:00:00+00:00,2020-04-14T09:00:00+00:00
2020-04-20T08:36:33+00:00,2020-04-20T08:30:00+00:00,Monday,8,"[""h3_atr_change_4"", ""h3_slope_atr_8""]",2.0,285,129.0,2020-04-19T00:00:00+00:00,130.0,32.0,10.0,"[""h3_atr_change_4"", ""h3_slope_atr_8""]",UNEXPLAINED_DATA_GAP,WEEKLY_SEGMENT_WARMUP,True,2020-04-20T08:15:00+00:00,2020-04-20T08:45:00+00:00,2020-04-17T21:00:00+00:00,2020-04-24T09:00:00+00:00
2020-04-21T03:20:29+00:00,2020-04-21T03:15:00+00:00,Tuesday,3,,,,,,,,,,,SOURCE_BAR_GAP,True,2020-04-21T00:00:00+00:00,2020-04-22T00:15:00+00:00,2020-04-17T21:00:00+00:00,2020-04-24T09:00:00+00:00
2020-04-21T05:08:03+00:00,2020-04-21T05:00:00+00:00,Tuesday,5,,,,,,,,,,,SOURCE_BAR_GAP,True,2020-04-21T00:00:00+00:00,2020-04-22T00:15:00+00:00,2020-04-17T21:00:00+00:00,2020-04-24T09:00:00+00:00
2020-04-21T13:17:59+00:00,2020-04-21T13:15:00+00:00,Tuesday,13,,,,,,,,,,,SOURCE_BAR_GAP,True,2020-04-21T00:00:00+00:00,2020-04-22T00:15:00+00:00,2020-04-17T21:00:00+00:00,2020-04-24T09:00:00+00:00
2020-04-21T16:00:25+00:00,2020-04-21T16:00:00+00:00,Tuesday,16,,,,,,,,,,,SOURCE_BAR_GAP,True,2020-04-21T00:00:00+00:00,2020-04-22T00:15:00+00:00,2020-04-17T21:00:00+00:00,2020-04-24T09:00:00+00:00
2020-04-21T22:00:37+00:00,2020-04-21T22:00:00+00:00,Tuesday,22,,,,,,,,,,,SOURCE_BAR_GAP,True,2020-04-21T00:00:00+00:00,2020-04-22T00:15:00+00:00,2020-04-17T21:00:00+00:00,2020-04-24T09:00:00+00:00
2020-04-22T04:34:34+00:00,2020-04-22T04:30:00+00:00,Wednesday,4,"[""atr_change_8"", ""h1_er_8"", ""h1_atr_change_4"", ""h1_slope_atr_8"", ""h3_er_8"", ""h3_atr_change_4"", ""h3_slope_atr_8""]",7.0,286,17.0,2020-04-22T00:00:00+00:00,18.0,4.0,1.0,"[""atr_change_8"", ""h1_er_8"", ""h1_atr_change_4"", ""h1_slope_atr_8"", ""h3_er_8"", ""h3_atr_change_4"", ""h3_slope_atr_8""]",UNEXPLAINED_DATA_GAP,MIDWEEK_SEGMENT_WARMUP,True,2020-04-22T04:15:00+00:00,2020-04-22T04:45:00+00:00,2020-04-17T21:00:00+00:00,2020-04-24T09:00:00+00:00
2020-04-22T13:00:48+00:00,2020-04-22T13:00:00+00:00,Wednesday,13,"[""h1_atr_change_4"", ""h1_slope_atr_8"", ""h3_er_8"", ""h3_atr_change_4"", ""h3_slope_atr_8""]",5.0,286,51.0,2020-04-22T00:00:00+00:00,52.0,13.0,4.0,"[""h1_atr_change_4"", ""h1_slope_atr_8"", ""h3_er_8"", ""h3_atr_change_4"", ""h3_slope_atr_8""]",UNEXPLAINED_DATA_GAP,MIDWEEK_SEGMENT_WARMUP,True,2020-04-22T12:45:00+00:00,2020-04-22T13:15:00+00:00,2020-04-17T21:00:00+00:00,2020-04-24T09:00:00+00:00
2020-04-22T16:59:38+00:00,2020-04-22T16:45:00+00:00,Wednesday,16,"[""h1_atr_change_4"", ""h3_er_8"", ""h3_atr_change_4"", ""h3_slope_atr_8""]",4.0,286,66.0,2020-04-22T00:00:00+00:00,67.0,16.0,5.0,"[""h1_atr_change_4"", ""h3_er_8"", ""h3_atr_change_4"", ""h3_slope_atr_8""]",UNEXPLAINED_DATA_GAP,MIDWEEK_SEGMENT_WARMUP,True,2020-04-22T16:30:00+00:00,2020-04-22T17:00:00+00:00,2020-04-17T21:00:00+00:00,2020-04-24T09:00:00+00:00
2020-04-23T02:28:10+00:00,2020-04-23T02:15:00+00:00,Thursday,2,"[""h3_er_8"", ""h3_atr_change_4"", ""h3_slope_atr_8""]",3.0,286,104.0,2020-04-22T00:00:00+00:00,105.0,26.0,8.0,"[""h3_er_8"", ""h3_atr_change_4"", ""h3_slope_atr_8""]",UNEXPLAINED_DATA_GAP,MIDWEEK_SEGMENT_WARMUP,True,2020-04-23T02:00:00+00:00,2020-04-23T02:30:00+00:00,2020-04-17T21:00:00+00:00,2020-04-24T09:00:00+00:00
2020-04-23T10:16:15+00:00,2020-04-23T10:15:00+00:00,Thursday,10,"[""h3_atr_change_4"", ""h3_slope_atr_8""]",2.0,286,136.0,2020-04-22T00:00:00+00:00,137.0,34.0,11.0,"[""h3_atr_change_4"", ""h3_slope_atr_8""]",UNEXPLAINED_DATA_GAP,MIDWEEK_SEGMENT_WARMUP,True,2020-04-23T10:00:00+00:00,2020-04-23T10:30:00+00:00,2020-04-17T21:00:00+00:00,2020-04-24T09:00:00+00:00
2020-04-23T21:00:40+00:00,2020-04-23T21:00:00+00:00,Thursday,21,"[""h3_atr_change_4""]",1.0,286,179.0,2020-04-22T00:00:00+00:00,180.0,45.0,15.0,"[""h3_atr_change_4""]",UNEXPLAINED_DATA_GAP,MIDWEEK_SEGMENT_WARMUP,True,2020-04-23T20:45:00+00:00,2020-04-23T21:15:00+00:00,2020-04-17T21:00:00+00:00,2020-04-24T09:00:00+00:00
2020-04-24T03:17:29+00:00,2020-04-24T03:15:00+00:00,Friday,3,"[""h3_atr_change_4""]",1.0,286,204.0,2020-04-22T00:00:00+00:00,205.0,51.0,17.0,"[""h3_atr_change_4""]",UNEXPLAINED_DATA_GAP,MIDWEEK_SEGMENT_WARMUP,True,2020-04-24T03:00:00+00:00,2020-04-24T03:30:00+00:00,2020-04-17T21:00:00+00:00,2020-04-24T09:00:00+00:00
2020-04-24T08:50:04+00:00,2020-04-24T08:45:00+00:00,Friday,8,"[""h3_atr_change_4""]",1.0,286,226.0,2020-04-22T00:00:00+00:00,227.0,56.0,18.0,"[""h3_atr_change_4""]",UNEXPLAINED_DATA_GAP,MIDWEEK_SEGMENT_WARMUP,True,2020-04-24T08:30:00+00:00,2020-04-24T09:00:00+00:00,2020-04-17T21:00:00+00:00,2020-04-24T09:00:00+00:00
2020-04-24T22:00:13+00:00,2020-04-24T22:00:00+00:00,Friday,22,,,,,,,,,,,SOURCE_BAR_GAP,True,2020-04-24T21:00:00+00:00,2020-04-26T00:15:00+00:00,2020-04-24T21:00:00+00:00,2020-04-28T09:00:00+00:00
2020-04-27T14:06:32+00:00,2020-04-27T14:00:00+00:00,Monday,14,"[""h3_atr_change_4"", ""h3_slope_atr_8""]",2.0,287,151.0,2020-04-26T00:00:00+00:00,152.0,38.0,12.0,"[""h3_atr_change_4"", ""h3_slope_atr_8""]",UNEXPLAINED_DATA_GAP,WEEKLY_SEGMENT_WARMUP,True,2020-04-27T13:45:00+00:00,2020-04-27T14:15:00+00:00,2020-04-24T21:00:00+00:00,2020-04-28T09:00:00+00:00
2020-04-27T17:05:04+00:00,2020-04-27T17:00:00+00:00,Monday,17,"[""h3_atr_change_4"", ""h3_slope_atr_8""]",2.0,287,163.0,2020-04-26T00:00:00+00:00,164.0,41.0,13.0,"[""h3_atr_change_4"", ""h3_slope_atr_8""]",UNEXPLAINED_DATA_GAP,WEEKLY_SEGMENT_WARMUP,True,2020-04-27T16:45:00+00:00,2020-04-27T17:15:00+00:00,2020-04-24T21:00:00+00:00,2020-04-28T09:00:00+00:00
2020-05-04T07:31:08+00:00,2020-05-04T07:30:00+00:00,Monday,7,"[""h3_atr_change_4"", ""h3_slope_atr_8""]",2.0,288,125.0,2020-05-03T00:00:00+00:00,126.0,31.0,10.0,"[""h3_atr_change_4"", ""h3_slope_atr_8""]",UNEXPLAINED_DATA_GAP,WEEKLY_SEGMENT_WARMUP,True,2020-05-04T07:15:00+00:00,2020-05-04T07:45:00+00:00,2020-05-01T21:00:00+00:00,2020-05-05T09:00:00+00:00
2020-05-04T10:00:16+00:00,2020-05-04T10:00:00+00:00,Monday,10,"[""h3_atr_change_4"", ""h3_slope_atr_8""]",2.0,288,135.0,2020-05-03T00:00:00+00:00,136.0,34.0,11.0,"[""h3_atr_change_4"", ""h3_slope_atr_8""]",UNEXPLAINED_DATA_GAP,WEEKLY_SEGMENT_WARMUP,True,2020-05-04T09:45:00+00:00,2020-05-04T10:15:00+00:00,2020-05-01T21:00:00+00:00,2020-05-05T09:00:00+00:00
2020-05-04T13:00:41+00:00,2020-05-04T13:00:00+00:00,Monday,13,"[""h3_atr_change_4"", ""h3_slope_atr_8""]",2.0,288,147.0,2020-05-03T00:00:00+00:00,148.0,37.0,12.0,"[""h3_atr_change_4"", ""h3_slope_atr_8""]",UNEXPLAINED_DATA_GAP,WEEKLY_SEGMENT_WARMUP,True,2020-05-04T12:45:00+00:00,2020-05-04T13:15:00+00:00,2020-05-01T21:00:00+00:00,2020-05-05T09:00:00+00:00
2020-05-04T16:22:22+00:00,2020-05-04T16:15:00+00:00,Monday,16,"[""h3_atr_change_4"", ""h3_slope_atr_8""]",2.0,288,160.0,2020-05-03T00:00:00+00:00,161.0,40.0,13.0,"[""h3_atr_change_4"", ""h3_slope_atr_8""]",UNEXPLAINED_DATA_GAP,WEEKLY_SEGMENT_WARMUP,True,2020-05-04T16:00:00+00:00,2020-05-04T16:30:00+00:00,2020-05-01T21:00:00+00:00,2020-05-05T09:00:00+00:00
2020-05-04T22:48:32+00:00,2020-05-04T22:45:00+00:00,Monday,22,"[""h3_atr_change_4""]",1.0,288,186.0,2020-05-03T00:00:00+00:00,187.0,46.0,15.0,"[""h3_atr_change_4""]",UNEXPLAINED_DATA_GAP,WEEKLY_SEGMENT_WARMUP,True,2020-05-04T22:30:00+00:00,2020-05-04T23:00:00+00:00,2020-05-01T21:00:00+00:00,2020-05-05T09:00:00+00:00
2020-05-06T04:11:34+00:00,2020-05-06T04:00:00+00:00,Wednesday,4,,,,,,,,,,,SOURCE_BAR_GAP,True,2020-05-06T00:00:00+00:00,2020-05-07T00:15:00+00:00,2020-05-06T00:00:00+00:00,2020-05-12T09:00:00+00:00
2020-05-06T09:07:04+00:00,2020-05-06T09:00:00+00:00,Wednesday,9,,,,,,,,,,,SOURCE_BAR_GAP,True,2020-05-06T00:00:00+00:00,2020-05-07T00:15:00+00:00,2020-05-06T00:00:00+00:00,2020-05-12T09:00:00+00:00
2020-05-06T22:17:36+00:00,2020-05-06T22:15:00+00:00,Wednesday,22,,,,,,,,,,,SOURCE_BAR_GAP,True,2020-05-06T00:00:00+00:00,2020-05-07T00:15:00+00:00,2020-05-06T00:00:00+00:00,2020-05-12T09:00:00+00:00
2020-05-07T12:08:55+00:00,2020-05-07T12:00:00+00:00,Thursday,12,"[""h1_atr_change_4"", ""h1_slope_atr_8"", ""h3_er_8"", ""h3_atr_change_4"", ""h3_slope_atr_8""]",5.0,289,47.0,2020-05-07T00:00:00+00:00,48.0,12.0,4.0,"[""h1_atr_change_4"", ""h1_slope_atr_8"", ""h3_er_8"", ""h3_atr_change_4"", ""h3_slope_atr_8""]",UNEXPLAINED_DATA_GAP,MIDWEEK_SEGMENT_WARMUP,True,2020-05-07T11:45:00+00:00,2020-05-07T12:15:00+00:00,2020-05-06T00:00:00+00:00,2020-05-12T09:00:00+00:00
2020-05-07T13:33:40+00:00,2020-05-07T13:30:00+00:00,Thursday,13,"[""h1_atr_change_4"", ""h1_slope_atr_8"", ""h3_er_8"", ""h3_atr_change_4"", ""h3_slope_atr_8""]",5.0,289,53.0,2020-05-07T00:00:00+00:00,54.0,13.0,4.0,"[""h1_atr_change_4"", ""h1_slope_atr_8"", ""h3_er_8"", ""h3_atr_change_4"", ""h3_slope_atr_8""]",UNEXPLAINED_DATA_GAP,MIDWEEK_SEGMENT_WARMUP,True,2020-05-07T13:15:00+00:00,2020-05-07T13:45:00+00:00,2020-05-06T00:00:00+00:00,2020-05-12T09:00:00+00:00
2020-05-07T16:06:13+00:00,2020-05-07T16:00:00+00:00,Thursday,16,"[""h1_atr_change_4"", ""h3_er_8"", ""h3_atr_change_4"", ""h3_slope_atr_8""]",4.0,289,63.0,2020-05-07T00:00:00+00:00,64.0,16.0,5.0,"[""h1_atr_change_4"", ""h3_er_8"", ""h3_atr_change_4"", ""h3_slope_atr_8""]",UNEXPLAINED_DATA_GAP,MIDWEEK_SEGMENT_WARMUP,True,2020-05-07T15:45:00+00:00,2020-05-07T16:15:00+00:00,2020-05-06T00:00:00+00:00,2020-05-12T09:00:00+00:00
2020-05-08T07:00:42+00:00,2020-05-08T07:00:00+00:00,Friday,7,"[""h3_atr_change_4"", ""h3_slope_atr_8""]",2.0,289,123.0,2020-05-07T00:00:00+00:00,124.0,31.0,10.0,"[""h3_atr_change_4"", ""h3_slope_atr_8""]",UNEXPLAINED_DATA_GAP,MIDWEEK_SEGMENT_WARMUP,True,2020-05-08T06:45:00+00:00,2020-05-08T07:15:00+00:00,2020-05-06T00:00:00+00:00,2020-05-12T09:00:00+00:00
2020-05-08T16:12:39+00:00,2020-05-08T16:00:00+00:00,Friday,16,"[""h3_atr_change_4"", ""h3_slope_atr_8""]",2.0,289,159.0,2020-05-07T00:00:00+00:00,160.0,40.0,13.0,"[""h3_atr_change_4"", ""h3_slope_atr_8""]",UNEXPLAINED_DATA_GAP,MIDWEEK_SEGMENT_WARMUP,True,2020-05-08T15:45:00+00:00,2020-05-08T16:15:00+00:00,2020-05-06T00:00:00+00:00,2020-05-12T09:00:00+00:00
2020-05-11T00:01:00+00:00,2020-05-11T00:00:00+00:00,Monday,0,"[""h1_atr_change_4"", ""h3_er_8"", ""h3_atr_change_4"", ""h3_slope_atr_8""]",4.0,290,95.0,2020-05-10T00:00:00+00:00,96.0,24.0,8.0,"[""h3_er_8"", ""h3_atr_change_4"", ""h3_slope_atr_8""]",UNEXPLAINED_DATA_GAP,SPECIFIC_FEATURE_INCOMPLETE,False,2020-05-10T23:45:00+00:00,2020-05-11T00:15:00+00:00,2020-05-06T00:00:00+00:00,2020-05-12T09:00:00+00:00
2020-05-11T08:16:16+00:00,2020-05-11T08:15:00+00:00,Monday,8,"[""h3_atr_change_4"", ""h3_slope_atr_8""]",2.0,290,128.0,2020-05-10T00:00:00+00:00,129.0,32.0,10.0,"[""h3_atr_change_4"", ""h3_slope_atr_8""]",UNEXPLAINED_DATA_GAP,WEEKLY_SEGMENT_WARMUP,True,2020-05-11T08:00:00+00:00,2020-05-11T08:30:00+00:00,2020-05-06T00:00:00+00:00,2020-05-12T09:00:00+00:00
2020-05-11T19:00:38+00:00,2020-05-11T19:00:00+00:00,Monday,19,"[""h3_atr_change_4"", ""h3_slope_atr_8""]",2.0,290,171.0,2020-05-10T00:00:00+00:00,172.0,43.0,14.0,"[""h3_atr_change_4"", ""h3_slope_atr_8""]",UNEXPLAINED_DATA_GAP,WEEKLY_SEGMENT_WARMUP,True,2020-05-11T18:45:00+00:00,2020-05-11T19:15:00+00:00,2020-05-06T00:00:00+00:00,2020-05-12T09:00:00+00:00
2020-05-15T04:04:25+00:00,2020-05-15T04:00:00+00:00,Friday,4,,,,,,,,,,,SOURCE_BAR_GAP,True,2020-05-15T00:00:00+00:00,2020-05-17T00:15:00+00:00,2020-05-15T00:00:00+00:00,2020-05-19T09:00:00+00:00
2020-05-15T22:31:06+00:00,2020-05-15T22:30:00+00:00,Friday,22,,,,,,,,,,,SOURCE_BAR_GAP,True,2020-05-15T00:00:00+00:00,2020-05-17T00:15:00+00:00,2020-05-15T00:00:00+00:00,2020-05-19T09:00:00+00:00
2020-05-18T04:12:24+00:00,2020-05-18T04:00:00+00:00,Monday,4,"[""h3_atr_change_4"", ""h3_slope_atr_8""]",2.0,291,111.0,2020-05-17T00:00:00+00:00,112.0,28.0,9.0,"[""h3_atr_change_4"", ""h3_slope_atr_8""]",UNEXPLAINED_DATA_GAP,MIDWEEK_SEGMENT_WARMUP,True,2020-05-18T03:45:00+00:00,2020-05-18T04:15:00+00:00,2020-05-15T00:00:00+00:00,2020-05-19T09:00:00+00:00
2020-05-18T10:32:26+00:00,2020-05-18T10:30:00+00:00,Monday,10,"[""h3_atr_change_4"", ""h3_slope_atr_8""]",2.0,291,137.0,2020-05-17T00:00:00+00:00,138.0,34.0,11.0,"[""h3_atr_change_4"", ""h3_slope_atr_8""]",UNEXPLAINED_DATA_GAP,MIDWEEK_SEGMENT_WARMUP,True,2020-05-18T10:15:00+00:00,2020-05-18T10:45:00+00:00,2020-05-15T00:00:00+00:00,2020-05-19T09:00:00+00:00
2020-05-19T01:00:37+00:00,2020-05-19T01:00:00+00:00,Tuesday,1,"[""h3_atr_change_4""]",1.0,291,195.0,2020-05-17T00:00:00+00:00,196.0,49.0,16.0,"[""h3_atr_change_4""]",UNEXPLAINED_DATA_GAP,MIDWEEK_SEGMENT_WARMUP,True,2020-05-19T00:45:00+00:00,2020-05-19T01:15:00+00:00,2020-05-15T00:00:00+00:00,2020-05-19T09:00:00+00:00
2020-05-19T04:41:29+00:00,2020-05-19T04:30:00+00:00,Tuesday,4,"[""h3_atr_change_4""]",1.0,291,209.0,2020-05-17T00:00:00+00:00,210.0,52.0,17.0,"[""h3_atr_change_4""]",UNEXPLAINED_DATA_GAP,MIDWEEK_SEGMENT_WARMUP,True,2020-05-19T04:15:00+00:00,2020-05-19T04:45:00+00:00,2020-05-15T00:00:00+00:00,2020-05-19T09:00:00+00:00
2020-05-25T16:13:53+00:00,2020-05-25T16:00:00+00:00,Monday,16,"[""h3_atr_change_4"", ""h3_slope_atr_8""]",2.0,292,159.0,2020-05-24T00:00:00+00:00,160.0,40.0,13.0,"[""h3_atr_change_4"", ""h3_slope_atr_8""]",UNEXPLAINED_DATA_GAP,WEEKLY_SEGMENT_WARMUP,True,2020-05-25T15:45:00+00:00,2020-05-25T16:15:00+00:00,2020-05-22T21:00:00+00:00,2020-05-26T09:00:00+00:00
2020-05-29T22:16:00+00:00,2020-05-29T22:15:00+00:00,Friday,22,,,,,,,,,,,SOURCE_BAR_GAP,True,2020-05-29T21:00:00+00:00,2020-05-31T00:15:00+00:00,2020-05-29T21:00:00+00:00,2020-06-02T09:00:00+00:00
2020-06-01T11:10:28+00:00,2020-06-01T11:00:00+00:00,Monday,11,"[""h3_atr_change_4"", ""h3_slope_atr_8""]",2.0,293,139.0,2020-05-31T00:00:00+00:00,140.0,35.0,11.0,"[""h3_atr_change_4"", ""h3_slope_atr_8""]",UNEXPLAINED_DATA_GAP,WEEKLY_SEGMENT_WARMUP,True,2020-06-01T10:45:00+00:00,2020-06-01T11:15:00+00:00,2020-05-29T21:00:00+00:00,2020-06-02T09:00:00+00:00
2020-06-01T16:15:59+00:00,2020-06-01T16:15:00+00:00,Monday,16,"[""h3_atr_change_4"", ""h3_slope_atr_8""]",2.0,293,160.0,2020-05-31T00:00:00+00:00,161.0,40.0,13.0,"[""h3_atr_change_4"", ""h3_slope_atr_8""]",UNEXPLAINED_DATA_GAP,WEEKLY_SEGMENT_WARMUP,True,2020-06-01T16:00:00+00:00,2020-06-01T16:30:00+00:00,2020-05-29T21:00:00+00:00,2020-06-02T09:00:00+00:00
2020-06-02T02:16:59+00:00,2020-06-02T02:15:00+00:00,Tuesday,2,"[""h3_atr_change_4""]",1.0,293,200.0,2020-05-31T00:00:00+00:00,201.0,50.0,16.0,"[""h3_atr_change_4""]",UNEXPLAINED_DATA_GAP,WEEKLY_SEGMENT_WARMUP,True,2020-06-02T02:00:00+00:00,2020-06-02T02:30:00+00:00,2020-05-29T21:00:00+00:00,2020-06-02T09:00:00+00:00
2020-06-02T04:01:59+00:00,2020-06-02T04:00:00+00:00,Tuesday,4,"[""h3_atr_change_4""]",1.0,293,207.0,2020-05-31T00:00:00+00:00,208.0,52.0,17.0,"[""h3_atr_change_4""]",UNEXPLAINED_DATA_GAP,WEEKLY_SEGMENT_WARMUP,True,2020-06-02T03:45:00+00:00,2020-06-02T04:15:00+00:00,2020-05-29T21:00:00+00:00,2020-06-02T09:00:00+00:00
2020-06-08T04:14:25+00:00,2020-06-08T04:00:00+00:00,Monday,4,"[""h3_atr_change_4"", ""h3_slope_atr_8""]",2.0,294,111.0,2020-06-07T00:00:00+00:00,112.0,28.0,9.0,"[""h3_atr_change_4"", ""h3_slope_atr_8""]",UNEXPLAINED_DATA_GAP,WEEKLY_SEGMENT_WARMUP,True,2020-06-08T03:45:00+00:00,2020-06-08T04:15:00+00:00,2020-06-05T21:00:00+00:00,2020-06-09T09:00:00+00:00
2020-06-08T13:11:04+00:00,2020-06-08T13:00:00+00:00,Monday,13,"[""h3_atr_change_4"", ""h3_slope_atr_8""]",2.0,294,147.0,2020-06-07T00:00:00+00:00,148.0,37.0,12.0,"[""h3_atr_change_4"", ""h3_slope_atr_8""]",UNEXPLAINED_DATA_GAP,WEEKLY_SEGMENT_WARMUP,True,2020-06-08T12:45:00+00:00,2020-06-08T13:15:00+00:00,2020-06-05T21:00:00+00:00,2020-06-09T09:00:00+00:00
2020-06-08T17:45:40+00:00,2020-06-08T17:45:00+00:00,Monday,17,"[""h3_atr_change_4"", ""h3_slope_atr_8""]",2.0,294,166.0,2020-06-07T00:00:00+00:00,167.0,41.0,13.0,"[""h3_atr_change_4"", ""h3_slope_atr_8""]",UNEXPLAINED_DATA_GAP,WEEKLY_SEGMENT_WARMUP,True,2020-06-08T17:30:00+00:00,2020-06-08T18:00:00+00:00,2020-06-05T21:00:00+00:00,2020-06-09T09:00:00+00:00
2020-06-16T10:18:41+00:00,2020-06-16T10:15:00+00:00,Tuesday,10,"[""h1_atr_change_4"", ""h1_slope_atr_8"", ""h3_er_8"", ""h3_atr_change_4"", ""h3_slope_atr_8""]",5.0,296,40.0,2020-06-16T00:00:00+00:00,41.0,10.0,3.0,"[""h1_atr_change_4"", ""h1_slope_atr_8"", ""h3_er_8"", ""h3_atr_change_4"", ""h3_slope_atr_8""]",UNEXPLAINED_DATA_GAP,MIDWEEK_SEGMENT_WARMUP,True,2020-06-16T10:00:00+00:00,2020-06-16T10:30:00+00:00,2020-06-12T21:00:00+00:00,2020-06-18T09:00:00+00:00
2020-06-16T13:11:40+00:00,2020-06-16T13:00:00+00:00,Tuesday,13,"[""h1_atr_change_4"", ""h1_slope_atr_8"", ""h3_er_8"", ""h3_atr_change_4"", ""h3_slope_atr_8""]",5.0,296,51.0,2020-06-16T00:00:00+00:00,52.0,13.0,4.0,"[""h1_atr_change_4"", ""h1_slope_atr_8"", ""h3_er_8"", ""h3_atr_change_4"", ""h3_slope_atr_8""]",UNEXPLAINED_DATA_GAP,MIDWEEK_SEGMENT_WARMUP,True,2020-06-16T12:45:00+00:00,2020-06-16T13:15:00+00:00,2020-06-12T21:00:00+00:00,2020-06-18T09:00:00+00:00
2020-06-16T16:13:41+00:00,2020-06-16T16:00:00+00:00,Tuesday,16,"[""h1_atr_change_4"", ""h3_er_8"", ""h3_atr_change_4"", ""h3_slope_atr_8""]",4.0,296,63.0,2020-06-16T00:00:00+00:00,64.0,16.0,5.0,"[""h1_atr_change_4"", ""h3_er_8"", ""h3_atr_change_4"", ""h3_slope_atr_8""]",UNEXPLAINED_DATA_GAP,MIDWEEK_SEGMENT_WARMUP,True,2020-06-16T15:45:00+00:00,2020-06-16T16:15:00+00:00,2020-06-12T21:00:00+00:00,2020-06-18T09:00:00+00:00
2020-06-17T12:12:17+00:00,2020-06-17T12:00:00+00:00,Wednesday,12,"[""h3_atr_change_4"", ""h3_slope_atr_8""]",2.0,296,143.0,2020-06-16T00:00:00+00:00,144.0,36.0,12.0,"[""h3_atr_change_4"", ""h3_slope_atr_8""]",UNEXPLAINED_DATA_GAP,MIDWEEK_SEGMENT_WARMUP,True,2020-06-17T11:45:00+00:00,2020-06-17T12:15:00+00:00,2020-06-12T21:00:00+00:00,2020-06-18T09:00:00+00:00
2020-06-17T16:55:37+00:00,2020-06-17T16:45:00+00:00,Wednesday,16,"[""h3_atr_change_4"", ""h3_slope_atr_8""]",2.0,296,162.0,2020-06-16T00:00:00+00:00,163.0,40.0,13.0,"[""h3_atr_change_4"", ""h3_slope_atr_8""]",UNEXPLAINED_DATA_GAP,MIDWEEK_SEGMENT_WARMUP,True,2020-06-17T16:30:00+00:00,2020-06-17T17:00:00+00:00,2020-06-12T21:00:00+00:00,2020-06-18T09:00:00+00:00
2020-06-18T04:23:54+00:00,2020-06-18T04:15:00+00:00,Thursday,4,"[""h3_atr_change_4""]",1.0,296,208.0,2020-06-16T00:00:00+00:00,209.0,52.0,17.0,"[""h3_atr_change_4""]",UNEXPLAINED_DATA_GAP,MIDWEEK_SEGMENT_WARMUP,True,2020-06-18T04:00:00+00:00,2020-06-18T04:30:00+00:00,2020-06-12T21:00:00+00:00,2020-06-18T09:00:00+00:00
2020-06-19T23:11:21+00:00,2020-06-19T23:00:00+00:00,Friday,23,,,,,,,,,,,SOURCE_BAR_GAP,True,2020-06-19T21:00:00+00:00,2020-06-21T00:15:00+00:00,2020-06-19T21:00:00+00:00,2020-06-23T09:00:00+00:00
2020-06-22T10:01:42+00:00,2020-06-22T10:00:00+00:00,Monday,10,"[""h3_atr_change_4"", ""h3_slope_atr_8""]",2.0,297,135.0,2020-06-21T00:00:00+00:00,136.0,34.0,11.0,"[""h3_atr_change_4"", ""h3_slope_atr_8""]",UNEXPLAINED_DATA_GAP,WEEKLY_SEGMENT_WARMUP,True,2020-06-22T09:45:00+00:00,2020-06-22T10:15:00+00:00,2020-06-19T21:00:00+00:00,2020-06-23T09:00:00+00:00
2020-06-22T22:01:04+00:00,2020-06-22T22:00:00+00:00,Monday,22,"[""h3_atr_change_4""]",1.0,297,183.0,2020-06-21T00:00:00+00:00,184.0,46.0,15.0,"[""h3_atr_change_4""]",UNEXPLAINED_DATA_GAP,WEEKLY_SEGMENT_WARMUP,True,2020-06-22T21:45:00+00:00,2020-06-22T22:15:00+00:00,2020-06-19T21:00:00+00:00,2020-06-23T09:00:00+00:00
2020-06-23T04:12:29+00:00,2020-06-23T04:00:00+00:00,Tuesday,4,"[""h3_atr_change_4""]",1.0,297,207.0,2020-06-21T00:00:00+00:00,208.0,52.0,17.0,"[""h3_atr_change_4""]",UNEXPLAINED_DATA_GAP,WEEKLY_SEGMENT_WARMUP,True,2020-06-23T03:45:00+00:00,2020-06-23T04:15:00+00:00,2020-06-19T21:00:00+00:00,2020-06-23T09:00:00+00:00
2020-06-23T07:32:22+00:00,2020-06-23T07:30:00+00:00,Tuesday,7,"[""h3_atr_change_4""]",1.0,297,221.0,2020-06-21T00:00:00+00:00,222.0,55.0,18.0,"[""h3_atr_change_4""]",UNEXPLAINED_DATA_GAP,WEEKLY_SEGMENT_WARMUP,True,2020-06-23T07:15:00+00:00,2020-06-23T07:45:00+00:00,2020-06-19T21:00:00+00:00,2020-06-23T09:00:00+00:00
2020-06-29T16:51:40+00:00,2020-06-29T16:45:00+00:00,Monday,16,"[""h3_atr_change_4"", ""h3_slope_atr_8""]",2.0,298,162.0,2020-06-28T00:00:00+00:00,163.0,40.0,13.0,"[""h3_atr_change_4"", ""h3_slope_atr_8""]",UNEXPLAINED_DATA_GAP,WEEKLY_SEGMENT_WARMUP,True,2020-06-29T16:30:00+00:00,2020-06-29T17:00:00+00:00,2020-06-26T21:00:00+00:00,2020-06-30T09:00:00+00:00
2020-06-29T22:00:29+00:00,2020-06-29T22:00:00+00:00,Monday,22,"[""h3_atr_change_4""]",1.0,298,183.0,2020-06-28T00:00:00+00:00,184.0,46.0,15.0,"[""h3_atr_change_4""]",UNEXPLAINED_DATA_GAP,WEEKLY_SEGMENT_WARMUP,True,2020-06-29T21:45:00+00:00,2020-06-29T22:15:00+00:00,2020-06-26T21:00:00+00:00,2020-06-30T09:00:00+00:00
2020-06-30T04:08:35+00:00,2020-06-30T04:00:00+00:00,Tuesday,4,"[""h3_atr_change_4""]",1.0,298,207.0,2020-06-28T00:00:00+00:00,208.0,52.0,17.0,"[""h3_atr_change_4""]",UNEXPLAINED_DATA_GAP,WEEKLY_SEGMENT_WARMUP,True,2020-06-30T03:45:00+00:00,2020-06-30T04:15:00+00:00,2020-06-26T21:00:00+00:00,2020-06-30T09:00:00+00:00
2020-06-30T07:45:18+00:00,2020-06-30T07:45:00+00:00,Tuesday,7,"[""h3_atr_change_4""]",1.0,298,222.0,2020-06-28T00:00:00+00:00,223.0,55.0,18.0,"[""h3_atr_change_4""]",UNEXPLAINED_DATA_GAP,WEEKLY_SEGMENT_WARMUP,True,2020-06-30T07:30:00+00:00,2020-06-30T08:00:00+00:00,2020-06-26T21:00:00+00:00,2020-06-30T09:00:00+00:00
2020-07-02T17:33:41+00:00,2020-07-02T17:30:00+00:00,Thursday,17,,,,,,,,,,,SOURCE_BAR_GAP,True,2020-07-02T00:00:00+00:00,2020-07-03T00:15:00+00:00,2020-07-02T00:00:00+00:00,2020-07-07T09:00:00+00:00
2020-07-03T07:15:29+00:00,2020-07-03T07:15:00+00:00,Friday,7,"[""h1_er_8"", ""h1_atr_change_4"", ""h1_slope_atr_8"", ""h3_er_8"", ""h3_atr_change_4"", ""h3_slope_atr_8""]",6.0,299,28.0,2020-07-03T00:00:00+00:00,29.0,7.0,2.0,"[""h1_er_8"", ""h1_atr_change_4"", ""h1_slope_atr_8"", ""h3_er_8"", ""h3_atr_change_4"", ""h3_slope_atr_8""]",UNEXPLAINED_DATA_GAP,MIDWEEK_SEGMENT_WARMUP,True,2020-07-03T07:00:00+00:00,2020-07-03T07:30:00+00:00,2020-07-02T00:00:00+00:00,2020-07-07T09:00:00+00:00
2020-07-03T10:23:29+00:00,2020-07-03T10:15:00+00:00,Friday,10,"[""h1_atr_change_4"", ""h1_slope_atr_8"", ""h3_er_8"", ""h3_atr_change_4"", ""h3_slope_atr_8""]",5.0,299,40.0,2020-07-03T00:00:00+00:00,41.0,10.0,3.0,"[""h1_atr_change_4"", ""h1_slope_atr_8"", ""h3_er_8"", ""h3_atr_change_4"", ""h3_slope_atr_8""]",UNEXPLAINED_DATA_GAP,MIDWEEK_SEGMENT_WARMUP,True,2020-07-03T10:00:00+00:00,2020-07-03T10:30:00+00:00,2020-07-02T00:00:00+00:00,2020-07-07T09:00:00+00:00
2020-07-03T16:03:38+00:00,2020-07-03T16:00:00+00:00,Friday,16,"[""h1_atr_change_4"", ""h3_er_8"", ""h3_atr_change_4"", ""h3_slope_atr_8""]",4.0,299,63.0,2020-07-03T00:00:00+00:00,64.0,16.0,5.0,"[""h1_atr_change_4"", ""h3_er_8"", ""h3_atr_change_4"", ""h3_slope_atr_8""]",UNEXPLAINED_DATA_GAP,MIDWEEK_SEGMENT_WARMUP,True,2020-07-03T15:45:00+00:00,2020-07-03T16:15:00+00:00,2020-07-02T00:00:00+00:00,2020-07-07T09:00:00+00:00
2020-07-03T22:50:41+00:00,2020-07-03T22:45:00+00:00,Friday,22,,,,,,,,,,,SOURCE_BAR_GAP,True,2020-07-03T21:00:00+00:00,2020-07-05T00:15:00+00:00,2020-07-02T00:00:00+00:00,2020-07-07T09:00:00+00:00
2020-07-06T13:50:34+00:00,2020-07-06T13:45:00+00:00,Monday,13,"[""h3_atr_change_4"", ""h3_slope_atr_8""]",2.0,300,150.0,2020-07-05T00:00:00+00:00,151.0,37.0,12.0,"[""h3_atr_change_4"", ""h3_slope_atr_8""]",UNEXPLAINED_DATA_GAP,WEEKLY_SEGMENT_WARMUP,True,2020-07-06T13:30:00+00:00,2020-07-06T14:00:00+00:00,2020-07-02T00:00:00+00:00,2020-07-07T09:00:00+00:00
2020-07-13T10:06:41+00:00,2020-07-13T10:00:00+00:00,Monday,10,"[""h3_atr_change_4"", ""h3_slope_atr_8""]",2.0,301,135.0,2020-07-12T00:00:00+00:00,136.0,34.0,11.0,"[""h3_atr_change_4"", ""h3_slope_atr_8""]",UNEXPLAINED_DATA_GAP,WEEKLY_SEGMENT_WARMUP,True,2020-07-13T09:45:00+00:00,2020-07-13T10:15:00+00:00,2020-07-10T21:00:00+00:00,2020-07-14T09:00:00+00:00
2020-07-14T04:23:02+00:00,2020-07-14T04:15:00+00:00,Tuesday,4,"[""h3_atr_change_4""]",1.0,301,208.0,2020-07-12T00:00:00+00:00,209.0,52.0,17.0,"[""h3_atr_change_4""]",UNEXPLAINED_DATA_GAP,WEEKLY_SEGMENT_WARMUP,True,2020-07-14T04:00:00+00:00,2020-07-14T04:30:00+00:00,2020-07-10T21:00:00+00:00,2020-07-14T09:00:00+00:00
2020-07-17T22:00:00+00:00,2020-07-17T22:00:00+00:00,Friday,22,,,,,,,,,,,SOURCE_BAR_GAP,True,2020-07-17T21:00:00+00:00,2020-07-19T00:15:00+00:00,2020-07-17T21:00:00+00:00,2020-07-21T09:00:00+00:00
2020-07-20T04:12:41+00:00,2020-07-20T04:00:00+00:00,Monday,4,"[""h3_atr_change_4"", ""h3_slope_atr_8""]",2.0,302,111.0,2020-07-19T00:00:00+00:00,112.0,28.0,9.0,"[""h3_atr_change_4"", ""h3_slope_atr_8""]",UNEXPLAINED_DATA_GAP,WEEKLY_SEGMENT_WARMUP,True,2020-07-20T03:45:00+00:00,2020-07-20T04:15:00+00:00,2020-07-17T21:00:00+00:00,2020-07-21T09:00:00+00:00
2020-07-20T13:11:36+00:00,2020-07-20T13:00:00+00:00,Monday,13,"[""h3_atr_change_4"", ""h3_slope_atr_8""]",2.0,302,147.0,2020-07-19T00:00:00+00:00,148.0,37.0,12.0,"[""h3_atr_change_4"", ""h3_slope_atr_8""]",UNEXPLAINED_DATA_GAP,WEEKLY_SEGMENT_WARMUP,True,2020-07-20T12:45:00+00:00,2020-07-20T13:15:00+00:00,2020-07-17T21:00:00+00:00,2020-07-21T09:00:00+00:00
2020-07-21T07:09:37+00:00,2020-07-21T07:00:00+00:00,Tuesday,7,"[""h3_atr_change_4""]",1.0,302,219.0,2020-07-19T00:00:00+00:00,220.0,55.0,18.0,"[""h3_atr_change_4""]",UNEXPLAINED_DATA_GAP,WEEKLY_SEGMENT_WARMUP,True,2020-07-21T06:45:00+00:00,2020-07-21T07:15:00+00:00,2020-07-17T21:00:00+00:00,2020-07-21T09:00:00+00:00
2020-07-27T10:03:39+00:00,2020-07-27T10:00:00+00:00,Monday,10,"[""h3_atr_change_4"", ""h3_slope_atr_8""]",2.0,303,135.0,2020-07-26T00:00:00+00:00,136.0,34.0,11.0,"[""h3_atr_change_4"", ""h3_slope_atr_8""]",UNEXPLAINED_DATA_GAP,WEEKLY_SEGMENT_WARMUP,True,2020-07-27T09:45:00+00:00,2020-07-27T10:15:00+00:00,2020-07-24T21:00:00+00:00,2020-07-28T09:00:00+00:00
2020-07-27T22:10:15+00:00,2020-07-27T22:00:00+00:00,Monday,22,"[""h3_atr_change_4""]",1.0,303,183.0,2020-07-26T00:00:00+00:00,184.0,46.0,15.0,"[""h3_atr_change_4""]",UNEXPLAINED_DATA_GAP,WEEKLY_SEGMENT_WARMUP,True,2020-07-27T21:45:00+00:00,2020-07-27T22:15:00+00:00,2020-07-24T21:00:00+00:00,2020-07-28T09:00:00+00:00
2020-07-28T06:07:31+00:00,2020-07-28T06:00:00+00:00,Tuesday,6,"[""h3_atr_change_4""]",1.0,303,215.0,2020-07-26T00:00:00+00:00,216.0,54.0,18.0,"[""h3_atr_change_4""]",UNEXPLAINED_DATA_GAP,WEEKLY_SEGMENT_WARMUP,True,2020-07-28T05:45:00+00:00,2020-07-28T06:15:00+00:00,2020-07-24T21:00:00+00:00,2020-07-28T09:00:00+00:00
2020-08-03T13:04:17+00:00,2020-08-03T13:00:00+00:00,Monday,13,"[""h3_atr_change_4"", ""h3_slope_atr_8""]",2.0,304,147.0,2020-08-02T00:00:00+00:00,148.0,37.0,12.0,"[""h3_atr_change_4"", ""h3_slope_atr_8""]",UNEXPLAINED_DATA_GAP,WEEKLY_SEGMENT_WARMUP,True,2020-08-03T12:45:00+00:00,2020-08-03T13:15:00+00:00,2020-07-31T21:00:00+00:00,2020-08-04T09:00:00+00:00
2020-08-04T02:10:59+00:00,2020-08-04T02:00:00+00:00,Tuesday,2,"[""h3_atr_change_4""]",1.0,304,199.0,2020-08-02T00:00:00+00:00,200.0,50.0,16.0,"[""h3_atr_change_4""]",UNEXPLAINED_DATA_GAP,WEEKLY_SEGMENT_WARMUP,True,2020-08-04T01:45:00+00:00,2020-08-04T02:15:00+00:00,2020-07-31T21:00:00+00:00,2020-08-04T09:00:00+00:00
2020-08-10T07:45:33+00:00,2020-08-10T07:45:00+00:00,Monday,7,,,,,,,,,,,SOURCE_BAR_GAP,True,2020-08-10T00:00:00+00:00,2020-08-11T00:15:00+00:00,2020-08-07T21:00:00+00:00,2020-08-13T09:00:00+00:00
2020-08-10T13:39:14+00:00,2020-08-10T13:30:00+00:00,Monday,13,,,,,,,,,,,SOURCE_BAR_GAP,True,2020-08-10T00:00:00+00:00,2020-08-11T00:15:00+00:00,2020-08-07T21:00:00+00:00,2020-08-13T09:00:00+00:00
2020-08-10T18:43:16+00:00,2020-08-10T18:30:00+00:00,Monday,18,,,,,,,,,,,SOURCE_BAR_GAP,True,2020-08-10T00:00:00+00:00,2020-08-11T00:15:00+00:00,2020-08-07T21:00:00+00:00,2020-08-13T09:00:00+00:00
2020-08-11T03:02:30+00:00,2020-08-11T03:00:00+00:00,Tuesday,3,"[""er_16"", ""rv_16"", ""atr_change_1"", ""atr_change_8"", ""slope_atr_4"", ""slope_atr_16"", ""range_pos_16"", ""h1_er_8"", ""h1_atr_change_4"", ""h1_slope_atr_8"", ""h3_er_8"", ""h3_atr_change_4"", ""h3_slope_atr_8""]",13.0,306,11.0,2020-08-11T00:00:00+00:00,12.0,3.0,1.0,"[""er_16"", ""rv_16"", ""atr_change_1"", ""atr_change_8"", ""slope_atr_4"", ""slope_atr_16"", ""range_pos_16"", ""h1_er_8"", ""h1_atr_change_4"", ""h1_slope_atr_8"", ""h3_er_8"", ""h3_atr_change_4"", ""h3_slope_atr_8""]",UNEXPLAINED_DATA_GAP,MIDWEEK_SEGMENT_WARMUP,True,2020-08-11T02:45:00+00:00,2020-08-11T03:15:00+00:00,2020-08-07T21:00:00+00:00,2020-08-13T09:00:00+00:00
2020-08-11T16:07:31+00:00,2020-08-11T16:00:00+00:00,Tuesday,16,"[""h1_atr_change_4"", ""h3_er_8"", ""h3_atr_change_4"", ""h3_slope_atr_8""]",4.0,306,63.0,2020-08-11T00:00:00+00:00,64.0,16.0,5.0,"[""h1_atr_change_4"", ""h3_er_8"", ""h3_atr_change_4"", ""h3_slope_atr_8""]",UNEXPLAINED_DATA_GAP,MIDWEEK_SEGMENT_WARMUP,True,2020-08-11T15:45:00+00:00,2020-08-11T16:15:00+00:00,2020-08-07T21:00:00+00:00,2020-08-13T09:00:00+00:00
2020-08-12T02:15:05+00:00,2020-08-12T02:15:00+00:00,Wednesday,2,"[""h3_er_8"", ""h3_atr_change_4"", ""h3_slope_atr_8""]",3.0,306,104.0,2020-08-11T00:00:00+00:00,105.0,26.0,8.0,"[""h3_er_8"", ""h3_atr_change_4"", ""h3_slope_atr_8""]",UNEXPLAINED_DATA_GAP,MIDWEEK_SEGMENT_WARMUP,True,2020-08-12T02:00:00+00:00,2020-08-12T02:30:00+00:00,2020-08-07T21:00:00+00:00,2020-08-13T09:00:00+00:00
2020-08-12T04:45:39+00:00,2020-08-12T04:45:00+00:00,Wednesday,4,"[""h3_atr_change_4"", ""h3_slope_atr_8""]",2.0,306,114.0,2020-08-11T00:00:00+00:00,115.0,28.0,9.0,"[""h3_atr_change_4"", ""h3_slope_atr_8""]",UNEXPLAINED_DATA_GAP,MIDWEEK_SEGMENT_WARMUP,True,2020-08-12T04:30:00+00:00,2020-08-12T05:00:00+00:00,2020-08-07T21:00:00+00:00,2020-08-13T09:00:00+00:00
2020-08-12T20:20:39+00:00,2020-08-12T20:15:00+00:00,Wednesday,20,"[""h3_atr_change_4"", ""h3_slope_atr_8""]",2.0,306,176.0,2020-08-11T00:00:00+00:00,177.0,44.0,14.0,"[""h3_atr_change_4"", ""h3_slope_atr_8""]",UNEXPLAINED_DATA_GAP,MIDWEEK_SEGMENT_WARMUP,True,2020-08-12T20:00:00+00:00,2020-08-12T20:30:00+00:00,2020-08-07T21:00:00+00:00,2020-08-13T09:00:00+00:00
2020-08-13T07:17:59+00:00,2020-08-13T07:15:00+00:00,Thursday,7,"[""h3_atr_change_4""]",1.0,306,220.0,2020-08-11T00:00:00+00:00,221.0,55.0,18.0,"[""h3_atr_change_4""]",UNEXPLAINED_DATA_GAP,MIDWEEK_SEGMENT_WARMUP,True,2020-08-13T07:00:00+00:00,2020-08-13T07:30:00+00:00,2020-08-07T21:00:00+00:00,2020-08-13T09:00:00+00:00
2020-08-17T10:10:45+00:00,2020-08-17T10:00:00+00:00,Monday,10,"[""h1_atr_change_4"", ""h1_slope_atr_8"", ""h3_er_8"", ""h3_atr_change_4"", ""h3_slope_atr_8""]",5.0,307,39.0,2020-08-17T00:00:00+00:00,40.0,10.0,3.0,"[""h1_atr_change_4"", ""h1_slope_atr_8"", ""h3_er_8"", ""h3_atr_change_4"", ""h3_slope_atr_8""]",EXPECTED_MARKET_GAP,WEEKLY_SEGMENT_WARMUP,True,2020-08-17T09:45:00+00:00,2020-08-17T10:15:00+00:00,2020-08-14T21:00:00+00:00,2020-08-19T09:00:00+00:00
2020-08-17T16:00:39+00:00,2020-08-17T16:00:00+00:00,Monday,16,"[""h1_atr_change_4"", ""h3_er_8"", ""h3_atr_change_4"", ""h3_slope_atr_8""]",4.0,307,63.0,2020-08-17T00:00:00+00:00,64.0,16.0,5.0,"[""h1_atr_change_4"", ""h3_er_8"", ""h3_atr_change_4"", ""h3_slope_atr_8""]",EXPECTED_MARKET_GAP,WEEKLY_SEGMENT_WARMUP,True,2020-08-17T15:45:00+00:00,2020-08-17T16:15:00+00:00,2020-08-14T21:00:00+00:00,2020-08-19T09:00:00+00:00
2020-08-18T00:10:37+00:00,2020-08-18T00:00:00+00:00,Tuesday,0,"[""h3_er_8"", ""h3_atr_change_4"", ""h3_slope_atr_8""]",3.0,307,95.0,2020-08-17T00:00:00+00:00,96.0,24.0,8.0,"[""h3_er_8"", ""h3_atr_change_4"", ""h3_slope_atr_8""]",EXPECTED_MARKET_GAP,WEEKLY_SEGMENT_WARMUP,True,2020-08-17T23:45:00+00:00,2020-08-18T00:15:00+00:00,2020-08-14T21:00:00+00:00,2020-08-19T09:00:00+00:00
2020-08-18T10:00:21+00:00,2020-08-18T10:00:00+00:00,Tuesday,10,"[""h3_atr_change_4"", ""h3_slope_atr_8""]",2.0,307,135.0,2020-08-17T00:00:00+00:00,136.0,34.0,11.0,"[""h3_atr_change_4"", ""h3_slope_atr_8""]",EXPECTED_MARKET_GAP,WEEKLY_SEGMENT_WARMUP,True,2020-08-18T09:45:00+00:00,2020-08-18T10:15:00+00:00,2020-08-14T21:00:00+00:00,2020-08-19T09:00:00+00:00
2020-08-24T04:03:37+00:00,2020-08-24T04:00:00+00:00,Monday,4,"[""h3_atr_change_4"", ""h3_slope_atr_8""]",2.0,308,111.0,2020-08-23T00:00:00+00:00,112.0,28.0,9.0,"[""h3_atr_change_4"", ""h3_slope_atr_8""]",UNEXPLAINED_DATA_GAP,WEEKLY_SEGMENT_WARMUP,True,2020-08-24T03:45:00+00:00,2020-08-24T04:15:00+00:00,2020-08-21T21:00:00+00:00,2020-08-25T09:00:00+00:00
2020-08-24T17:00:31+00:00,2020-08-24T17:00:00+00:00,Monday,17,"[""h3_atr_change_4"", ""h3_slope_atr_8""]",2.0,308,163.0,2020-08-23T00:00:00+00:00,164.0,41.0,13.0,"[""h3_atr_change_4"", ""h3_slope_atr_8""]",UNEXPLAINED_DATA_GAP,WEEKLY_SEGMENT_WARMUP,True,2020-08-24T16:45:00+00:00,2020-08-24T17:15:00+00:00,2020-08-21T21:00:00+00:00,2020-08-25T09:00:00+00:00
2020-08-25T03:22:14+00:00,2020-08-25T03:15:00+00:00,Tuesday,3,"[""h3_atr_change_4""]",1.0,308,204.0,2020-08-23T00:00:00+00:00,205.0,51.0,17.0,"[""h3_atr_change_4""]",UNEXPLAINED_DATA_GAP,WEEKLY_SEGMENT_WARMUP,True,2020-08-25T03:00:00+00:00,2020-08-25T03:30:00+00:00,2020-08-21T21:00:00+00:00,2020-08-25T09:00:00+00:00
2020-08-31T04:00:20+00:00,2020-08-31T04:00:00+00:00,Monday,4,"[""h3_atr_change_4"", ""h3_slope_atr_8""]",2.0,309,111.0,2020-08-30T00:00:00+00:00,112.0,28.0,9.0,"[""h3_atr_change_4"", ""h3_slope_atr_8""]",UNEXPLAINED_DATA_GAP,WEEKLY_SEGMENT_WARMUP,True,2020-08-31T03:45:00+00:00,2020-08-31T04:15:00+00:00,2020-08-28T21:00:00+00:00,2020-09-01T09:00:00+00:00
2020-08-31T07:37:26+00:00,2020-08-31T07:30:00+00:00,Monday,7,"[""h3_atr_change_4"", ""h3_slope_atr_8""]",2.0,309,125.0,2020-08-30T00:00:00+00:00,126.0,31.0,10.0,"[""h3_atr_change_4"", ""h3_slope_atr_8""]",UNEXPLAINED_DATA_GAP,WEEKLY_SEGMENT_WARMUP,True,2020-08-31T07:15:00+00:00,2020-08-31T07:45:00+00:00,2020-08-28T21:00:00+00:00,2020-09-01T09:00:00+00:00
2020-09-07T05:14:03+00:00,2020-09-07T05:00:00+00:00,Monday,5,,,,,,,,,,,SOURCE_BAR_GAP,True,2020-09-07T00:00:00+00:00,2020-09-08T00:15:00+00:00,2020-09-04T21:00:00+00:00,2020-09-10T09:00:00+00:00
2020-09-07T07:06:03+00:00,2020-09-07T07:00:00+00:00,Monday,7,,,,,,,,,,,SOURCE_BAR_GAP,True,2020-09-07T00:00:00+00:00,2020-09-08T00:15:00+00:00,2020-09-04T21:00:00+00:00,2020-09-10T09:00:00+00:00
2020-09-07T13:00:28+00:00,2020-09-07T13:00:00+00:00,Monday,13,,,,,,,,,,,SOURCE_BAR_GAP,True,2020-09-07T00:00:00+00:00,2020-09-08T00:15:00+00:00,2020-09-04T21:00:00+00:00,2020-09-10T09:00:00+00:00
2020-09-08T16:18:31+00:00,2020-09-08T16:15:00+00:00,Tuesday,16,"[""h1_atr_change_4"", ""h3_er_8"", ""h3_atr_change_4"", ""h3_slope_atr_8""]",4.0,311,64.0,2020-09-08T00:00:00+00:00,65.0,16.0,5.0,"[""h1_atr_change_4"", ""h3_er_8"", ""h3_atr_change_4"", ""h3_slope_atr_8""]",UNEXPLAINED_DATA_GAP,MIDWEEK_SEGMENT_WARMUP,True,2020-09-08T16:00:00+00:00,2020-09-08T16:30:00+00:00,2020-09-04T21:00:00+00:00,2020-09-10T09:00:00+00:00
2020-09-08T22:04:45+00:00,2020-09-08T22:00:00+00:00,Tuesday,22,"[""h3_er_8"", ""h3_atr_change_4"", ""h3_slope_atr_8""]",3.0,311,87.0,2020-09-08T00:00:00+00:00,88.0,22.0,7.0,"[""h3_er_8"", ""h3_atr_change_4"", ""h3_slope_atr_8""]",UNEXPLAINED_DATA_GAP,MIDWEEK_SEGMENT_WARMUP,True,2020-09-08T21:45:00+00:00,2020-09-08T22:15:00+00:00,2020-09-04T21:00:00+00:00,2020-09-10T09:00:00+00:00
2020-09-09T01:10:18+00:00,2020-09-09T01:00:00+00:00,Wednesday,1,"[""h3_er_8"", ""h3_atr_change_4"", ""h3_slope_atr_8""]",3.0,311,99.0,2020-09-08T00:00:00+00:00,100.0,25.0,8.0,"[""h3_er_8"", ""h3_atr_change_4"", ""h3_slope_atr_8""]",UNEXPLAINED_DATA_GAP,MIDWEEK_SEGMENT_WARMUP,True,2020-09-09T00:45:00+00:00,2020-09-09T01:15:00+00:00,2020-09-04T21:00:00+00:00,2020-09-10T09:00:00+00:00
2020-09-09T04:09:30+00:00,2020-09-09T04:00:00+00:00,Wednesday,4,"[""h3_atr_change_4"", ""h3_slope_atr_8""]",2.0,311,111.0,2020-09-08T00:00:00+00:00,112.0,28.0,9.0,"[""h3_atr_change_4"", ""h3_slope_atr_8""]",UNEXPLAINED_DATA_GAP,MIDWEEK_SEGMENT_WARMUP,True,2020-09-09T03:45:00+00:00,2020-09-09T04:15:00+00:00,2020-09-04T21:00:00+00:00,2020-09-10T09:00:00+00:00
2020-09-09T09:13:38+00:00,2020-09-09T09:00:00+00:00,Wednesday,9,"[""h3_atr_change_4"", ""h3_slope_atr_8""]",2.0,311,131.0,2020-09-08T00:00:00+00:00,132.0,33.0,11.0,"[""h3_atr_change_4"", ""h3_slope_atr_8""]",UNEXPLAINED_DATA_GAP,MIDWEEK_SEGMENT_WARMUP,True,2020-09-09T08:45:00+00:00,2020-09-09T09:15:00+00:00,2020-09-04T21:00:00+00:00,2020-09-10T09:00:00+00:00
2020-09-09T13:00:25+00:00,2020-09-09T13:00:00+00:00,Wednesday,13,"[""h3_atr_change_4"", ""h3_slope_atr_8""]",2.0,311,147.0,2020-09-08T00:00:00+00:00,148.0,37.0,12.0,"[""h3_atr_change_4"", ""h3_slope_atr_8""]",UNEXPLAINED_DATA_GAP,MIDWEEK_SEGMENT_WARMUP,True,2020-09-09T12:45:00+00:00,2020-09-09T13:15:00+00:00,2020-09-04T21:00:00+00:00,2020-09-10T09:00:00+00:00
2020-09-09T22:02:33+00:00,2020-09-09T22:00:00+00:00,Wednesday,22,"[""h3_atr_change_4""]",1.0,311,183.0,2020-09-08T00:00:00+00:00,184.0,46.0,15.0,"[""h3_atr_change_4""]",UNEXPLAINED_DATA_GAP,MIDWEEK_SEGMENT_WARMUP,True,2020-09-09T21:45:00+00:00,2020-09-09T22:15:00+00:00,2020-09-04T21:00:00+00:00,2020-09-10T09:00:00+00:00
2020-09-11T22:00:27+00:00,2020-09-11T22:00:00+00:00,Friday,22,,,,,,,,,,,SOURCE_BAR_GAP,True,2020-09-11T21:00:00+00:00,2020-09-13T00:15:00+00:00,2020-09-11T21:00:00+00:00,2020-09-15T09:00:00+00:00
2020-09-14T19:31:35+00:00,2020-09-14T19:30:00+00:00,Monday,19,"[""h3_atr_change_4"", ""h3_slope_atr_8""]",2.0,312,173.0,2020-09-13T00:00:00+00:00,174.0,43.0,14.0,"[""h3_atr_change_4"", ""h3_slope_atr_8""]",UNEXPLAINED_DATA_GAP,WEEKLY_SEGMENT_WARMUP,True,2020-09-14T19:15:00+00:00,2020-09-14T19:45:00+00:00,2020-09-11T21:00:00+00:00,2020-09-15T09:00:00+00:00
2020-09-18T22:00:39+00:00,2020-09-18T22:00:00+00:00,Friday,22,,,,,,,,,,,SOURCE_BAR_GAP,True,2020-09-18T21:00:00+00:00,2020-09-20T00:15:00+00:00,2020-09-18T21:00:00+00:00,2020-09-22T09:00:00+00:00
2020-09-21T10:30:25+00:00,2020-09-21T10:30:00+00:00,Monday,10,"[""h3_atr_change_4"", ""h3_slope_atr_8""]",2.0,313,137.0,2020-09-20T00:00:00+00:00,138.0,34.0,11.0,"[""h3_atr_change_4"", ""h3_slope_atr_8""]",UNEXPLAINED_DATA_GAP,WEEKLY_SEGMENT_WARMUP,True,2020-09-21T10:15:00+00:00,2020-09-21T10:45:00+00:00,2020-09-18T21:00:00+00:00,2020-09-22T09:00:00+00:00
2020-09-21T16:54:03+00:00,2020-09-21T16:45:00+00:00,Monday,16,"[""h3_atr_change_4"", ""h3_slope_atr_8""]",2.0,313,162.0,2020-09-20T00:00:00+00:00,163.0,40.0,13.0,"[""h3_atr_change_4"", ""h3_slope_atr_8""]",UNEXPLAINED_DATA_GAP,WEEKLY_SEGMENT_WARMUP,True,2020-09-21T16:30:00+00:00,2020-09-21T17:00:00+00:00,2020-09-18T21:00:00+00:00,2020-09-22T09:00:00+00:00
2020-09-22T04:14:46+00:00,2020-09-22T04:00:00+00:00,Tuesday,4,"[""h3_atr_change_4""]",1.0,313,207.0,2020-09-20T00:00:00+00:00,208.0,52.0,17.0,"[""h3_atr_change_4""]",UNEXPLAINED_DATA_GAP,WEEKLY_SEGMENT_WARMUP,True,2020-09-22T03:45:00+00:00,2020-09-22T04:15:00+00:00,2020-09-18T21:00:00+00:00,2020-09-22T09:00:00+00:00
2020-09-22T07:00:03+00:00,2020-09-22T07:00:00+00:00,Tuesday,7,"[""h3_atr_change_4""]",1.0,313,219.0,2020-09-20T00:00:00+00:00,220.0,55.0,18.0,"[""h3_atr_change_4""]",UNEXPLAINED_DATA_GAP,WEEKLY_SEGMENT_WARMUP,True,2020-09-22T06:45:00+00:00,2020-09-22T07:15:00+00:00,2020-09-18T21:00:00+00:00,2020-09-22T09:00:00+00:00
2020-09-25T04:00:29+00:00,2020-09-25T04:00:00+00:00,Friday,4,,,,,,,,,,,SOURCE_BAR_GAP,True,2020-09-25T00:00:00+00:00,2020-09-27T00:15:00+00:00,2020-09-25T00:00:00+00:00,2020-09-29T09:00:00+00:00
2020-09-25T11:29:41+00:00,2020-09-25T11:15:00+00:00,Friday,11,,,,,,,,,,,SOURCE_BAR_GAP,True,2020-09-25T00:00:00+00:00,2020-09-27T00:15:00+00:00,2020-09-25T00:00:00+00:00,2020-09-29T09:00:00+00:00
2020-09-25T16:01:31+00:00,2020-09-25T16:00:00+00:00,Friday,16,,,,,,,,,,,SOURCE_BAR_GAP,True,2020-09-25T00:00:00+00:00,2020-09-27T00:15:00+00:00,2020-09-25T00:00:00+00:00,2020-09-29T09:00:00+00:00
2020-09-28T19:00:17+00:00,2020-09-28T19:00:00+00:00,Monday,19,"[""h3_atr_change_4"", ""h3_slope_atr_8""]",2.0,314,171.0,2020-09-27T00:00:00+00:00,172.0,43.0,14.0,"[""h3_atr_change_4"", ""h3_slope_atr_8""]",UNEXPLAINED_DATA_GAP,MIDWEEK_SEGMENT_WARMUP,True,2020-09-28T18:45:00+00:00,2020-09-28T19:15:00+00:00,2020-09-25T00:00:00+00:00,2020-09-29T09:00:00+00:00
2020-09-29T07:40:36+00:00,2020-09-29T07:30:00+00:00,Tuesday,7,"[""h3_atr_change_4""]",1.0,314,221.0,2020-09-27T00:00:00+00:00,222.0,55.0,18.0,"[""h3_atr_change_4""]",UNEXPLAINED_DATA_GAP,MIDWEEK_SEGMENT_WARMUP,True,2020-09-29T07:15:00+00:00,2020-09-29T07:45:00+00:00,2020-09-25T00:00:00+00:00,2020-09-29T09:00:00+00:00
2020-10-05T09:46:27+00:00,2020-10-05T09:45:00+00:00,Monday,9,"[""h3_atr_change_4"", ""h3_slope_atr_8""]",2.0,315,134.0,2020-10-04T00:00:00+00:00,135.0,33.0,11.0,"[""h3_atr_change_4"", ""h3_slope_atr_8""]",UNEXPLAINED_DATA_GAP,WEEKLY_SEGMENT_WARMUP,True,2020-10-05T09:30:00+00:00,2020-10-05T10:00:00+00:00,2020-10-02T21:00:00+00:00,2020-10-06T09:00:00+00:00
2020-10-06T07:02:38+00:00,2020-10-06T07:00:00+00:00,Tuesday,7,"[""h3_atr_change_4""]",1.0,315,219.0,2020-10-04T00:00:00+00:00,220.0,55.0,18.0,"[""h3_atr_change_4""]",UNEXPLAINED_DATA_GAP,WEEKLY_SEGMENT_WARMUP,True,2020-10-06T06:45:00+00:00,2020-10-06T07:15:00+00:00,2020-10-02T21:00:00+00:00,2020-10-06T09:00:00+00:00
2020-10-12T04:15:39+00:00,2020-10-12T04:15:00+00:00,Monday,4,"[""h3_atr_change_4"", ""h3_slope_atr_8""]",2.0,316,112.0,2020-10-11T00:00:00+00:00,113.0,28.0,9.0,"[""h3_atr_change_4"", ""h3_slope_atr_8""]",UNEXPLAINED_DATA_GAP,WEEKLY_SEGMENT_WARMUP,True,2020-10-12T04:00:00+00:00,2020-10-12T04:30:00+00:00,2020-10-09T21:00:00+00:00,2020-10-13T09:00:00+00:00
2020-10-12T10:00:05+00:00,2020-10-12T10:00:00+00:00,Monday,10,"[""h3_atr_change_4"", ""h3_slope_atr_8""]",2.0,316,135.0,2020-10-11T00:00:00+00:00,136.0,34.0,11.0,"[""h3_atr_change_4"", ""h3_slope_atr_8""]",UNEXPLAINED_DATA_GAP,WEEKLY_SEGMENT_WARMUP,True,2020-10-12T09:45:00+00:00,2020-10-12T10:15:00+00:00,2020-10-09T21:00:00+00:00,2020-10-13T09:00:00+00:00
2020-10-12T14:49:45+00:00,2020-10-12T14:45:00+00:00,Monday,14,"[""h3_atr_change_4"", ""h3_slope_atr_8""]",2.0,316,154.0,2020-10-11T00:00:00+00:00,155.0,38.0,12.0,"[""h3_atr_change_4"", ""h3_slope_atr_8""]",UNEXPLAINED_DATA_GAP,WEEKLY_SEGMENT_WARMUP,True,2020-10-12T14:30:00+00:00,2020-10-12T15:00:00+00:00,2020-10-09T21:00:00+00:00,2020-10-13T09:00:00+00:00
2020-10-13T03:04:26+00:00,2020-10-13T03:00:00+00:00,Tuesday,3,"[""h3_atr_change_4""]",1.0,316,203.0,2020-10-11T00:00:00+00:00,204.0,51.0,17.0,"[""h3_atr_change_4""]",UNEXPLAINED_DATA_GAP,WEEKLY_SEGMENT_WARMUP,True,2020-10-13T02:45:00+00:00,2020-10-13T03:15:00+00:00,2020-10-09T21:00:00+00:00,2020-10-13T09:00:00+00:00
2020-10-15T09:33:18+00:00,2020-10-15T09:30:00+00:00,Thursday,9,,,,,,,,,,,SOURCE_BAR_GAP,True,2020-10-15T00:00:00+00:00,2020-10-16T00:15:00+00:00,2020-10-15T00:00:00+00:00,2020-10-20T09:00:00+00:00
2020-10-15T19:10:59+00:00,2020-10-15T19:00:00+00:00,Thursday,19,,,,,,,,,,,SOURCE_BAR_GAP,True,2020-10-15T00:00:00+00:00,2020-10-16T00:15:00+00:00,2020-10-15T00:00:00+00:00,2020-10-20T09:00:00+00:00
2020-10-16T05:19:27+00:00,2020-10-16T05:15:00+00:00,Friday,5,"[""atr_change_8"", ""h1_er_8"", ""h1_atr_change_4"", ""h1_slope_atr_8"", ""h3_er_8"", ""h3_atr_change_4"", ""h3_slope_atr_8""]",7.0,317,20.0,2020-10-16T00:00:00+00:00,21.0,5.0,1.0,"[""atr_change_8"", ""h1_er_8"", ""h1_atr_change_4"", ""h1_slope_atr_8"", ""h3_er_8"", ""h3_atr_change_4"", ""h3_slope_atr_8""]",UNEXPLAINED_DATA_GAP,MIDWEEK_SEGMENT_WARMUP,True,2020-10-16T05:00:00+00:00,2020-10-16T05:30:00+00:00,2020-10-15T00:00:00+00:00,2020-10-20T09:00:00+00:00
2020-10-16T22:51:38+00:00,2020-10-16T22:45:00+00:00,Friday,22,,,,,,,,,,,SOURCE_BAR_GAP,True,2020-10-16T21:00:00+00:00,2020-10-18T00:15:00+00:00,2020-10-15T00:00:00+00:00,2020-10-20T09:00:00+00:00
2020-10-19T05:03:27+00:00,2020-10-19T05:00:00+00:00,Monday,5,"[""h3_atr_change_4"", ""h3_slope_atr_8""]",2.0,318,115.0,2020-10-18T00:00:00+00:00,116.0,29.0,9.0,"[""h3_atr_change_4"", ""h3_slope_atr_8""]",UNEXPLAINED_DATA_GAP,WEEKLY_SEGMENT_WARMUP,True,2020-10-19T04:45:00+00:00,2020-10-19T05:15:00+00:00,2020-10-15T00:00:00+00:00,2020-10-20T09:00:00+00:00
2020-10-19T21:59:40+00:00,2020-10-19T21:45:00+00:00,Monday,21,"[""h3_atr_change_4""]",1.0,318,182.0,2020-10-18T00:00:00+00:00,183.0,45.0,15.0,"[""h3_atr_change_4""]",UNEXPLAINED_DATA_GAP,WEEKLY_SEGMENT_WARMUP,True,2020-10-19T21:30:00+00:00,2020-10-19T22:00:00+00:00,2020-10-15T00:00:00+00:00,2020-10-20T09:00:00+00:00
2020-10-20T01:00:05+00:00,2020-10-20T01:00:00+00:00,Tuesday,1,"[""h3_atr_change_4""]",1.0,318,195.0,2020-10-18T00:00:00+00:00,196.0,49.0,16.0,"[""h3_atr_change_4""]",UNEXPLAINED_DATA_GAP,WEEKLY_SEGMENT_WARMUP,True,2020-10-20T00:45:00+00:00,2020-10-20T01:15:00+00:00,2020-10-15T00:00:00+00:00,2020-10-20T09:00:00+00:00
2020-10-20T07:01:23+00:00,2020-10-20T07:00:00+00:00,Tuesday,7,"[""h3_atr_change_4""]",1.0,318,219.0,2020-10-18T00:00:00+00:00,220.0,55.0,18.0,"[""h3_atr_change_4""]",UNEXPLAINED_DATA_GAP,WEEKLY_SEGMENT_WARMUP,True,2020-10-20T06:45:00+00:00,2020-10-20T07:15:00+00:00,2020-10-15T00:00:00+00:00,2020-10-20T09:00:00+00:00
2020-10-26T10:00:18+00:00,2020-10-26T10:00:00+00:00,Monday,10,"[""h3_atr_change_4"", ""h3_slope_atr_8""]",2.0,319,135.0,2020-10-25T00:00:00+00:00,136.0,34.0,11.0,"[""h3_atr_change_4"", ""h3_slope_atr_8""]",UNEXPLAINED_DATA_GAP,WEEKLY_SEGMENT_WARMUP,True,2020-10-26T09:45:00+00:00,2020-10-26T10:15:00+00:00,2020-10-23T21:00:00+00:00,2020-10-27T09:00:00+00:00
2020-10-26T21:34:42+00:00,2020-10-26T21:30:00+00:00,Monday,21,"[""h3_atr_change_4""]",1.0,319,181.0,2020-10-25T00:00:00+00:00,182.0,45.0,15.0,"[""h3_atr_change_4""]",UNEXPLAINED_DATA_GAP,WEEKLY_SEGMENT_WARMUP,True,2020-10-26T21:15:00+00:00,2020-10-26T21:45:00+00:00,2020-10-23T21:00:00+00:00,2020-10-27T09:00:00+00:00
2020-11-02T06:09:06+00:00,2020-11-02T06:00:00+00:00,Monday,6,"[""h3_atr_change_4"", ""h3_slope_atr_8""]",2.0,320,119.0,2020-11-01T00:00:00+00:00,120.0,30.0,10.0,"[""h3_atr_change_4"", ""h3_slope_atr_8""]",UNEXPLAINED_DATA_GAP,WEEKLY_SEGMENT_WARMUP,True,2020-11-02T05:45:00+00:00,2020-11-02T06:15:00+00:00,2020-10-30T21:00:00+00:00,2020-11-06T09:00:00+00:00
2020-11-03T20:09:02+00:00,2020-11-03T20:00:00+00:00,Tuesday,20,,,,,,,,,,,SOURCE_BAR_GAP,True,2020-11-03T00:00:00+00:00,2020-11-04T00:15:00+00:00,2020-10-30T21:00:00+00:00,2020-11-06T09:00:00+00:00
2020-11-04T04:24:39+00:00,2020-11-04T04:15:00+00:00,Wednesday,4,"[""atr_change_8"", ""h1_er_8"", ""h1_atr_change_4"", ""h1_slope_atr_8"", ""h3_er_8"", ""h3_atr_change_4"", ""h3_slope_atr_8""]",7.0,321,16.0,2020-11-04T00:00:00+00:00,17.0,4.0,1.0,"[""atr_change_8"", ""h1_er_8"", ""h1_atr_change_4"", ""h1_slope_atr_8"", ""h3_er_8"", ""h3_atr_change_4"", ""h3_slope_atr_8""]",UNEXPLAINED_DATA_GAP,MIDWEEK_SEGMENT_WARMUP,True,2020-11-04T04:00:00+00:00,2020-11-04T04:30:00+00:00,2020-10-30T21:00:00+00:00,2020-11-06T09:00:00+00:00
2020-11-04T17:10:39+00:00,2020-11-04T17:00:00+00:00,Wednesday,17,"[""h1_atr_change_4"", ""h3_er_8"", ""h3_atr_change_4"", ""h3_slope_atr_8""]",4.0,321,67.0,2020-11-04T00:00:00+00:00,68.0,17.0,5.0,"[""h1_atr_change_4"", ""h3_er_8"", ""h3_atr_change_4"", ""h3_slope_atr_8""]",UNEXPLAINED_DATA_GAP,MIDWEEK_SEGMENT_WARMUP,True,2020-11-04T16:45:00+00:00,2020-11-04T17:15:00+00:00,2020-10-30T21:00:00+00:00,2020-11-06T09:00:00+00:00
2020-11-05T05:05:44+00:00,2020-11-05T05:00:00+00:00,Thursday,5,"[""h3_atr_change_4"", ""h3_slope_atr_8""]",2.0,321,115.0,2020-11-04T00:00:00+00:00,116.0,29.0,9.0,"[""h3_atr_change_4"", ""h3_slope_atr_8""]",UNEXPLAINED_DATA_GAP,MIDWEEK_SEGMENT_WARMUP,True,2020-11-05T04:45:00+00:00,2020-11-05T05:15:00+00:00,2020-10-30T21:00:00+00:00,2020-11-06T09:00:00+00:00
2020-11-05T09:09:05+00:00,2020-11-05T09:00:00+00:00,Thursday,9,"[""h3_atr_change_4"", ""h3_slope_atr_8""]",2.0,321,131.0,2020-11-04T00:00:00+00:00,132.0,33.0,11.0,"[""h3_atr_change_4"", ""h3_slope_atr_8""]",UNEXPLAINED_DATA_GAP,MIDWEEK_SEGMENT_WARMUP,True,2020-11-05T08:45:00+00:00,2020-11-05T09:15:00+00:00,2020-10-30T21:00:00+00:00,2020-11-06T09:00:00+00:00
2020-11-05T19:28:41+00:00,2020-11-05T19:15:00+00:00,Thursday,19,"[""h3_atr_change_4"", ""h3_slope_atr_8""]",2.0,321,172.0,2020-11-04T00:00:00+00:00,173.0,43.0,14.0,"[""h3_atr_change_4"", ""h3_slope_atr_8""]",UNEXPLAINED_DATA_GAP,MIDWEEK_SEGMENT_WARMUP,True,2020-11-05T19:00:00+00:00,2020-11-05T19:30:00+00:00,2020-10-30T21:00:00+00:00,2020-11-06T09:00:00+00:00
2020-11-06T02:57:40+00:00,2020-11-06T02:45:00+00:00,Friday,2,"[""h3_atr_change_4""]",1.0,321,202.0,2020-11-04T00:00:00+00:00,203.0,50.0,16.0,"[""h3_atr_change_4""]",UNEXPLAINED_DATA_GAP,MIDWEEK_SEGMENT_WARMUP,True,2020-11-06T02:30:00+00:00,2020-11-06T03:00:00+00:00,2020-10-30T21:00:00+00:00,2020-11-06T09:00:00+00:00
2020-11-06T23:25:32+00:00,2020-11-06T23:15:00+00:00,Friday,23,,,,,,,,,,,SOURCE_BAR_GAP,True,2020-11-06T22:00:00+00:00,2020-11-08T00:15:00+00:00,2020-11-06T22:00:00+00:00,2020-11-10T09:00:00+00:00
2020-11-09T06:58:28+00:00,2020-11-09T06:45:00+00:00,Monday,6,"[""h3_atr_change_4"", ""h3_slope_atr_8""]",2.0,322,122.0,2020-11-08T00:00:00+00:00,123.0,30.0,10.0,"[""h3_atr_change_4"", ""h3_slope_atr_8""]",UNEXPLAINED_DATA_GAP,WEEKLY_SEGMENT_WARMUP,True,2020-11-09T06:30:00+00:00,2020-11-09T07:00:00+00:00,2020-11-06T22:00:00+00:00,2020-11-10T09:00:00+00:00
2020-11-09T10:39:32+00:00,2020-11-09T10:30:00+00:00,Monday,10,"[""h3_atr_change_4"", ""h3_slope_atr_8""]",2.0,322,137.0,2020-11-08T00:00:00+00:00,138.0,34.0,11.0,"[""h3_atr_change_4"", ""h3_slope_atr_8""]",UNEXPLAINED_DATA_GAP,WEEKLY_SEGMENT_WARMUP,True,2020-11-09T10:15:00+00:00,2020-11-09T10:45:00+00:00,2020-11-06T22:00:00+00:00,2020-11-10T09:00:00+00:00
2020-11-09T17:34:16+00:00,2020-11-09T17:30:00+00:00,Monday,17,"[""h3_atr_change_4"", ""h3_slope_atr_8""]",2.0,322,165.0,2020-11-08T00:00:00+00:00,166.0,41.0,13.0,"[""h3_atr_change_4"", ""h3_slope_atr_8""]",UNEXPLAINED_DATA_GAP,WEEKLY_SEGMENT_WARMUP,True,2020-11-09T17:15:00+00:00,2020-11-09T17:45:00+00:00,2020-11-06T22:00:00+00:00,2020-11-10T09:00:00+00:00
2020-11-11T08:00:28+00:00,2020-11-11T08:00:00+00:00,Wednesday,8,,,,,,,,,,,SOURCE_BAR_GAP,True,2020-11-11T00:00:00+00:00,2020-11-12T00:15:00+00:00,2020-11-11T00:00:00+00:00,2020-11-17T09:00:00+00:00
2020-11-11T16:39:31+00:00,2020-11-11T16:30:00+00:00,Wednesday,16,,,,,,,,,,,SOURCE_BAR_GAP,True,2020-11-11T00:00:00+00:00,2020-11-12T00:15:00+00:00,2020-11-11T00:00:00+00:00,2020-11-17T09:00:00+00:00
2020-11-12T02:00:39+00:00,2020-11-12T02:00:00+00:00,Thursday,2,"[""er_16"", ""rv_16"", ""atr_change_1"", ""atr_change_8"", ""slope_atr_4"", ""slope_atr_16"", ""range_pos_16"", ""h1_er_8"", ""h1_atr_change_4"", ""h1_slope_atr_8"", ""h3_er_8"", ""h3_atr_change_4"", ""h3_slope_atr_8""]",13.0,323,7.0,2020-11-12T00:00:00+00:00,8.0,2.0,0.0,"[""er_16"", ""rv_16"", ""atr_change_1"", ""atr_change_8"", ""slope_atr_4"", ""slope_atr_16"", ""range_pos_16"", ""h1_er_8"", ""h1_atr_change_4"", ""h1_slope_atr_8"", ""h3_er_8"", ""h3_atr_change_4"", ""h3_slope_atr_8""]",UNEXPLAINED_DATA_GAP,MIDWEEK_SEGMENT_WARMUP,True,2020-11-12T01:45:00+00:00,2020-11-12T02:15:00+00:00,2020-11-11T00:00:00+00:00,2020-11-17T09:00:00+00:00
2020-11-12T05:31:24+00:00,2020-11-12T05:30:00+00:00,Thursday,5,"[""atr_change_8"", ""h1_er_8"", ""h1_atr_change_4"", ""h1_slope_atr_8"", ""h3_er_8"", ""h3_atr_change_4"", ""h3_slope_atr_8""]",7.0,323,21.0,2020-11-12T00:00:00+00:00,22.0,5.0,1.0,"[""atr_change_8"", ""h1_er_8"", ""h1_atr_change_4"", ""h1_slope_atr_8"", ""h3_er_8"", ""h3_atr_change_4"", ""h3_slope_atr_8""]",UNEXPLAINED_DATA_GAP,MIDWEEK_SEGMENT_WARMUP,True,2020-11-12T05:15:00+00:00,2020-11-12T05:45:00+00:00,2020-11-11T00:00:00+00:00,2020-11-17T09:00:00+00:00
2020-11-13T05:05:06+00:00,2020-11-13T05:00:00+00:00,Friday,5,"[""h3_atr_change_4"", ""h3_slope_atr_8""]",2.0,323,115.0,2020-11-12T00:00:00+00:00,116.0,29.0,9.0,"[""h3_atr_change_4"", ""h3_slope_atr_8""]",UNEXPLAINED_DATA_GAP,MIDWEEK_SEGMENT_WARMUP,True,2020-11-13T04:45:00+00:00,2020-11-13T05:15:00+00:00,2020-11-11T00:00:00+00:00,2020-11-17T09:00:00+00:00
2020-11-13T09:10:28+00:00,2020-11-13T09:00:00+00:00,Friday,9,"[""h3_atr_change_4"", ""h3_slope_atr_8""]",2.0,323,131.0,2020-11-12T00:00:00+00:00,132.0,33.0,11.0,"[""h3_atr_change_4"", ""h3_slope_atr_8""]",UNEXPLAINED_DATA_GAP,MIDWEEK_SEGMENT_WARMUP,True,2020-11-13T08:45:00+00:00,2020-11-13T09:15:00+00:00,2020-11-11T00:00:00+00:00,2020-11-17T09:00:00+00:00
2020-11-13T15:32:29+00:00,2020-11-13T15:30:00+00:00,Friday,15,"[""h3_atr_change_4"", ""h3_slope_atr_8""]",2.0,323,157.0,2020-11-12T00:00:00+00:00,158.0,39.0,13.0,"[""h3_atr_change_4"", ""h3_slope_atr_8""]",UNEXPLAINED_DATA_GAP,MIDWEEK_SEGMENT_WARMUP,True,2020-11-13T15:15:00+00:00,2020-11-13T15:45:00+00:00,2020-11-11T00:00:00+00:00,2020-11-17T09:00:00+00:00
2020-11-13T17:00:24+00:00,2020-11-13T17:00:00+00:00,Friday,17,"[""h3_atr_change_4"", ""h3_slope_atr_8""]",2.0,323,163.0,2020-11-12T00:00:00+00:00,164.0,41.0,13.0,"[""h3_atr_change_4"", ""h3_slope_atr_8""]",UNEXPLAINED_DATA_GAP,MIDWEEK_SEGMENT_WARMUP,True,2020-11-13T16:45:00+00:00,2020-11-13T17:15:00+00:00,2020-11-11T00:00:00+00:00,2020-11-17T09:00:00+00:00
2020-11-16T13:52:28+00:00,2020-11-16T13:45:00+00:00,Monday,13,"[""h3_atr_change_4"", ""h3_slope_atr_8""]",2.0,324,150.0,2020-11-15T00:00:00+00:00,151.0,37.0,12.0,"[""h3_atr_change_4"", ""h3_slope_atr_8""]",UNEXPLAINED_DATA_GAP,WEEKLY_SEGMENT_WARMUP,True,2020-11-16T13:30:00+00:00,2020-11-16T14:00:00+00:00,2020-11-11T00:00:00+00:00,2020-11-17T09:00:00+00:00
2020-11-16T17:01:27+00:00,2020-11-16T17:00:00+00:00,Monday,17,"[""h3_atr_change_4"", ""h3_slope_atr_8""]",2.0,324,163.0,2020-11-15T00:00:00+00:00,164.0,41.0,13.0,"[""h3_atr_change_4"", ""h3_slope_atr_8""]",UNEXPLAINED_DATA_GAP,WEEKLY_SEGMENT_WARMUP,True,2020-11-16T16:45:00+00:00,2020-11-16T17:15:00+00:00,2020-11-11T00:00:00+00:00,2020-11-17T09:00:00+00:00
2020-11-17T07:23:13+00:00,2020-11-17T07:15:00+00:00,Tuesday,7,"[""h3_atr_change_4""]",1.0,324,220.0,2020-11-15T00:00:00+00:00,221.0,55.0,18.0,"[""h3_atr_change_4""]",UNEXPLAINED_DATA_GAP,WEEKLY_SEGMENT_WARMUP,True,2020-11-17T07:00:00+00:00,2020-11-17T07:30:00+00:00,2020-11-11T00:00:00+00:00,2020-11-17T09:00:00+00:00
2020-11-23T09:08:13+00:00,2020-11-23T09:00:00+00:00,Monday,9,"[""h3_atr_change_4"", ""h3_slope_atr_8""]",2.0,325,131.0,2020-11-22T00:00:00+00:00,132.0,33.0,11.0,"[""h3_atr_change_4"", ""h3_slope_atr_8""]",UNEXPLAINED_DATA_GAP,WEEKLY_SEGMENT_WARMUP,True,2020-11-23T08:45:00+00:00,2020-11-23T09:15:00+00:00,2020-11-20T22:00:00+00:00,2020-11-24T09:00:00+00:00
2020-11-23T17:12:41+00:00,2020-11-23T17:00:00+00:00,Monday,17,"[""h3_atr_change_4"", ""h3_slope_atr_8""]",2.0,325,163.0,2020-11-22T00:00:00+00:00,164.0,41.0,13.0,"[""h3_atr_change_4"", ""h3_slope_atr_8""]",UNEXPLAINED_DATA_GAP,WEEKLY_SEGMENT_WARMUP,True,2020-11-23T16:45:00+00:00,2020-11-23T17:15:00+00:00,2020-11-20T22:00:00+00:00,2020-11-24T09:00:00+00:00
2020-11-25T13:06:40+00:00,2020-11-25T13:00:00+00:00,Wednesday,13,,,,,,,,,,,SOURCE_BAR_GAP,True,2020-11-25T00:00:00+00:00,2020-11-26T00:15:00+00:00,2020-11-25T00:00:00+00:00,2020-12-02T09:00:00+00:00
2020-11-26T10:32:32+00:00,2020-11-26T10:30:00+00:00,Thursday,10,"[""h1_atr_change_4"", ""h1_slope_atr_8"", ""h3_er_8"", ""h3_atr_change_4"", ""h3_slope_atr_8""]",5.0,326,41.0,2020-11-26T00:00:00+00:00,42.0,10.0,3.0,"[""h1_atr_change_4"", ""h1_slope_atr_8"", ""h3_er_8"", ""h3_atr_change_4"", ""h3_slope_atr_8""]",UNEXPLAINED_DATA_GAP,MIDWEEK_SEGMENT_WARMUP,True,2020-11-26T10:15:00+00:00,2020-11-26T10:45:00+00:00,2020-11-25T00:00:00+00:00,2020-12-02T09:00:00+00:00
2020-11-27T11:28:59+00:00,2020-11-27T11:15:00+00:00,Friday,11,"[""h3_atr_change_4"", ""h3_slope_atr_8""]",2.0,326,140.0,2020-11-26T00:00:00+00:00,141.0,35.0,11.0,"[""h3_atr_change_4"", ""h3_slope_atr_8""]",UNEXPLAINED_DATA_GAP,MIDWEEK_SEGMENT_WARMUP,True,2020-11-27T11:00:00+00:00,2020-11-27T11:30:00+00:00,2020-11-25T00:00:00+00:00,2020-12-02T09:00:00+00:00
2020-11-30T08:57:18+00:00,2020-11-30T08:45:00+00:00,Monday,8,"[""h1_er_8"", ""h1_atr_change_4"", ""h1_slope_atr_8"", ""h3_er_8"", ""h3_atr_change_4"", ""h3_slope_atr_8""]",6.0,327,34.0,2020-11-30T00:00:00+00:00,35.0,8.0,2.0,"[""h1_er_8"", ""h1_atr_change_4"", ""h1_slope_atr_8"", ""h3_er_8"", ""h3_atr_change_4"", ""h3_slope_atr_8""]",EXPECTED_MARKET_GAP,WEEKLY_SEGMENT_WARMUP,True,2020-11-30T08:30:00+00:00,2020-11-30T09:00:00+00:00,2020-11-25T00:00:00+00:00,2020-12-02T09:00:00+00:00
2020-11-30T17:44:40+00:00,2020-11-30T17:30:00+00:00,Monday,17,"[""h1_atr_change_4"", ""h3_er_8"", ""h3_atr_change_4"", ""h3_slope_atr_8""]",4.0,327,69.0,2020-11-30T00:00:00+00:00,70.0,17.0,5.0,"[""h1_atr_change_4"", ""h3_er_8"", ""h3_atr_change_4"", ""h3_slope_atr_8""]",EXPECTED_MARKET_GAP,WEEKLY_SEGMENT_WARMUP,True,2020-11-30T17:15:00+00:00,2020-11-30T17:45:00+00:00,2020-11-25T00:00:00+00:00,2020-12-02T09:00:00+00:00
2020-12-01T08:43:38+00:00,2020-12-01T08:30:00+00:00,Tuesday,8,"[""h3_atr_change_4"", ""h3_slope_atr_8""]",2.0,327,129.0,2020-11-30T00:00:00+00:00,130.0,32.0,10.0,"[""h3_atr_change_4"", ""h3_slope_atr_8""]",EXPECTED_MARKET_GAP,WEEKLY_SEGMENT_WARMUP,True,2020-12-01T08:15:00+00:00,2020-12-01T08:45:00+00:00,2020-11-25T00:00:00+00:00,2020-12-02T09:00:00+00:00
2020-12-02T02:00:38+00:00,2020-12-02T02:00:00+00:00,Wednesday,2,"[""h3_atr_change_4""]",1.0,327,199.0,2020-11-30T00:00:00+00:00,200.0,50.0,16.0,"[""h3_atr_change_4""]",EXPECTED_MARKET_GAP,WEEKLY_SEGMENT_WARMUP,True,2020-12-02T01:45:00+00:00,2020-12-02T02:15:00+00:00,2020-11-25T00:00:00+00:00,2020-12-02T09:00:00+00:00
2020-12-02T07:58:24+00:00,2020-12-02T07:45:00+00:00,Wednesday,7,"[""h3_atr_change_4""]",1.0,327,222.0,2020-11-30T00:00:00+00:00,223.0,55.0,18.0,"[""h3_atr_change_4""]",EXPECTED_MARKET_GAP,WEEKLY_SEGMENT_WARMUP,True,2020-12-02T07:30:00+00:00,2020-12-02T08:00:00+00:00,2020-11-25T00:00:00+00:00,2020-12-02T09:00:00+00:00
2020-12-04T22:37:54+00:00,2020-12-04T22:30:00+00:00,Friday,22,,,,,,,,,,,SOURCE_BAR_GAP,True,2020-12-04T22:00:00+00:00,2020-12-06T00:15:00+00:00,2020-12-04T22:00:00+00:00,2020-12-11T09:00:00+00:00
2020-12-07T08:30:35+00:00,2020-12-07T08:30:00+00:00,Monday,8,"[""h3_atr_change_4"", ""h3_slope_atr_8""]",2.0,328,129.0,2020-12-06T00:00:00+00:00,130.0,32.0,10.0,"[""h3_atr_change_4"", ""h3_slope_atr_8""]",UNEXPLAINED_DATA_GAP,WEEKLY_SEGMENT_WARMUP,True,2020-12-07T08:15:00+00:00,2020-12-07T08:45:00+00:00,2020-12-04T22:00:00+00:00,2020-12-11T09:00:00+00:00
2020-12-07T22:10:16+00:00,2020-12-07T22:00:00+00:00,Monday,22,"[""h3_atr_change_4""]",1.0,328,183.0,2020-12-06T00:00:00+00:00,184.0,46.0,15.0,"[""h3_atr_change_4""]",UNEXPLAINED_DATA_GAP,WEEKLY_SEGMENT_WARMUP,True,2020-12-07T21:45:00+00:00,2020-12-07T22:15:00+00:00,2020-12-04T22:00:00+00:00,2020-12-11T09:00:00+00:00
2020-12-08T13:57:31+00:00,2020-12-08T13:45:00+00:00,Tuesday,13,,,,,,,,,,,SOURCE_BAR_GAP,True,2020-12-08T00:00:00+00:00,2020-12-09T00:15:00+00:00,2020-12-04T22:00:00+00:00,2020-12-11T09:00:00+00:00
2020-12-08T20:46:15+00:00,2020-12-08T20:45:00+00:00,Tuesday,20,,,,,,,,,,,SOURCE_BAR_GAP,True,2020-12-08T00:00:00+00:00,2020-12-09T00:15:00+00:00,2020-12-04T22:00:00+00:00,2020-12-11T09:00:00+00:00
2020-12-09T11:10:36+00:00,2020-12-09T11:00:00+00:00,Wednesday,11,"[""h1_atr_change_4"", ""h1_slope_atr_8"", ""h3_er_8"", ""h3_atr_change_4"", ""h3_slope_atr_8""]",5.0,329,43.0,2020-12-09T00:00:00+00:00,44.0,11.0,3.0,"[""h1_atr_change_4"", ""h1_slope_atr_8"", ""h3_er_8"", ""h3_atr_change_4"", ""h3_slope_atr_8""]",UNEXPLAINED_DATA_GAP,MIDWEEK_SEGMENT_WARMUP,True,2020-12-09T10:45:00+00:00,2020-12-09T11:15:00+00:00,2020-12-04T22:00:00+00:00,2020-12-11T09:00:00+00:00
2020-12-09T17:12:05+00:00,2020-12-09T17:00:00+00:00,Wednesday,17,"[""h1_atr_change_4"", ""h3_er_8"", ""h3_atr_change_4"", ""h3_slope_atr_8""]",4.0,329,67.0,2020-12-09T00:00:00+00:00,68.0,17.0,5.0,"[""h1_atr_change_4"", ""h3_er_8"", ""h3_atr_change_4"", ""h3_slope_atr_8""]",UNEXPLAINED_DATA_GAP,MIDWEEK_SEGMENT_WARMUP,True,2020-12-09T16:45:00+00:00,2020-12-09T17:15:00+00:00,2020-12-04T22:00:00+00:00,2020-12-11T09:00:00+00:00
2020-12-10T11:04:03+00:00,2020-12-10T11:00:00+00:00,Thursday,11,"[""h3_atr_change_4"", ""h3_slope_atr_8""]",2.0,329,139.0,2020-12-09T00:00:00+00:00,140.0,35.0,11.0,"[""h3_atr_change_4"", ""h3_slope_atr_8""]",UNEXPLAINED_DATA_GAP,MIDWEEK_SEGMENT_WARMUP,True,2020-12-10T10:45:00+00:00,2020-12-10T11:15:00+00:00,2020-12-04T22:00:00+00:00,2020-12-11T09:00:00+00:00
2020-12-10T14:01:38+00:00,2020-12-10T14:00:00+00:00,Thursday,14,"[""h3_atr_change_4"", ""h3_slope_atr_8""]",2.0,329,151.0,2020-12-09T00:00:00+00:00,152.0,38.0,12.0,"[""h3_atr_change_4"", ""h3_slope_atr_8""]",UNEXPLAINED_DATA_GAP,MIDWEEK_SEGMENT_WARMUP,True,2020-12-10T13:45:00+00:00,2020-12-10T14:15:00+00:00,2020-12-04T22:00:00+00:00,2020-12-11T09:00:00+00:00
2020-12-11T02:33:53+00:00,2020-12-11T02:30:00+00:00,Friday,2,"[""h3_atr_change_4""]",1.0,329,201.0,2020-12-09T00:00:00+00:00,202.0,50.0,16.0,"[""h3_atr_change_4""]",UNEXPLAINED_DATA_GAP,MIDWEEK_SEGMENT_WARMUP,True,2020-12-11T02:15:00+00:00,2020-12-11T02:45:00+00:00,2020-12-04T22:00:00+00:00,2020-12-11T09:00:00+00:00
2020-12-14T17:11:21+00:00,2020-12-14T17:00:00+00:00,Monday,17,"[""h3_atr_change_4"", ""h3_slope_atr_8""]",2.0,330,163.0,2020-12-13T00:00:00+00:00,164.0,41.0,13.0,"[""h3_atr_change_4"", ""h3_slope_atr_8""]",UNEXPLAINED_DATA_GAP,WEEKLY_SEGMENT_WARMUP,True,2020-12-14T16:45:00+00:00,2020-12-14T17:15:00+00:00,2020-12-11T22:00:00+00:00,2020-12-15T09:00:00+00:00
2020-12-14T20:33:21+00:00,2020-12-14T20:30:00+00:00,Monday,20,"[""h3_atr_change_4"", ""h3_slope_atr_8""]",2.0,330,177.0,2020-12-13T00:00:00+00:00,178.0,44.0,14.0,"[""h3_atr_change_4"", ""h3_slope_atr_8""]",UNEXPLAINED_DATA_GAP,WEEKLY_SEGMENT_WARMUP,True,2020-12-14T20:15:00+00:00,2020-12-14T20:45:00+00:00,2020-12-11T22:00:00+00:00,2020-12-15T09:00:00+00:00
2020-12-15T08:17:23+00:00,2020-12-15T08:15:00+00:00,Tuesday,8,"[""h3_atr_change_4""]",1.0,330,224.0,2020-12-13T00:00:00+00:00,225.0,56.0,18.0,"[""h3_atr_change_4""]",UNEXPLAINED_DATA_GAP,WEEKLY_SEGMENT_WARMUP,True,2020-12-15T08:00:00+00:00,2020-12-15T08:30:00+00:00,2020-12-11T22:00:00+00:00,2020-12-15T09:00:00+00:00
2020-12-21T00:01:30+00:00,2020-12-21T00:00:00+00:00,Monday,0,"[""atr_change_8"", ""h1_atr_change_4"", ""h3_er_8"", ""h3_atr_change_4"", ""h3_slope_atr_8""]",5.0,331,95.0,2020-12-20T00:00:00+00:00,96.0,24.0,8.0,"[""h3_er_8"", ""h3_atr_change_4"", ""h3_slope_atr_8""]",UNEXPLAINED_DATA_GAP,SPECIFIC_FEATURE_INCOMPLETE,False,2020-12-20T23:45:00+00:00,2020-12-21T00:15:00+00:00,2020-12-18T22:00:00+00:00,2020-12-22T09:00:00+00:00
2020-12-21T09:34:20+00:00,2020-12-21T09:30:00+00:00,Monday,9,"[""h3_atr_change_4"", ""h3_slope_atr_8""]",2.0,331,133.0,2020-12-20T00:00:00+00:00,134.0,33.0,11.0,"[""h3_atr_change_4"", ""h3_slope_atr_8""]",UNEXPLAINED_DATA_GAP,WEEKLY_SEGMENT_WARMUP,True,2020-12-21T09:15:00+00:00,2020-12-21T09:45:00+00:00,2020-12-18T22:00:00+00:00,2020-12-22T09:00:00+00:00
2020-12-21T12:11:28+00:00,2020-12-21T12:00:00+00:00,Monday,12,"[""h3_atr_change_4"", ""h3_slope_atr_8""]",2.0,331,143.0,2020-12-20T00:00:00+00:00,144.0,36.0,12.0,"[""h3_atr_change_4"", ""h3_slope_atr_8""]",UNEXPLAINED_DATA_GAP,WEEKLY_SEGMENT_WARMUP,True,2020-12-21T11:45:00+00:00,2020-12-21T12:15:00+00:00,2020-12-18T22:00:00+00:00,2020-12-22T09:00:00+00:00
2020-12-22T02:53:37+00:00,2020-12-22T02:45:00+00:00,Tuesday,2,"[""h3_atr_change_4""]",1.0,331,202.0,2020-12-20T00:00:00+00:00,203.0,50.0,16.0,"[""h3_atr_change_4""]",UNEXPLAINED_DATA_GAP,WEEKLY_SEGMENT_WARMUP,True,2020-12-22T02:30:00+00:00,2020-12-22T03:00:00+00:00,2020-12-18T22:00:00+00:00,2020-12-22T09:00:00+00:00
2020-12-22T05:13:37+00:00,2020-12-22T05:00:00+00:00,Tuesday,5,"[""h3_atr_change_4""]",1.0,331,211.0,2020-12-20T00:00:00+00:00,212.0,53.0,17.0,"[""h3_atr_change_4""]",UNEXPLAINED_DATA_GAP,WEEKLY_SEGMENT_WARMUP,True,2020-12-22T04:45:00+00:00,2020-12-22T05:15:00+00:00,2020-12-18T22:00:00+00:00,2020-12-22T09:00:00+00:00
2020-12-28T12:40:39+00:00,2020-12-28T12:30:00+00:00,Monday,12,"[""h3_atr_change_4"", ""h3_slope_atr_8""]",2.0,332,145.0,2020-12-27T00:00:00+00:00,146.0,36.0,12.0,"[""h3_atr_change_4"", ""h3_slope_atr_8""]",UNEXPLAINED_DATA_GAP,WEEKLY_SEGMENT_WARMUP,True,2020-12-28T12:15:00+00:00,2020-12-28T12:45:00+00:00,2020-12-25T08:00:00+00:00,2021-01-05T09:00:00+00:00
2020-12-30T08:10:38+00:00,2020-12-30T08:00:00+00:00,Wednesday,8,"[""h1_er_8"", ""h1_atr_change_4"", ""h1_slope_atr_8"", ""h3_er_8"", ""h3_atr_change_4"", ""h3_slope_atr_8""]",6.0,333,31.0,2020-12-30T00:00:00+00:00,32.0,8.0,2.0,"[""h1_er_8"", ""h1_atr_change_4"", ""h1_slope_atr_8"", ""h3_er_8"", ""h3_atr_change_4"", ""h3_slope_atr_8""]",UNEXPLAINED_DATA_GAP,MIDWEEK_SEGMENT_WARMUP,True,2020-12-30T07:45:00+00:00,2020-12-30T08:15:00+00:00,2020-12-25T08:00:00+00:00,2021-01-05T09:00:00+00:00
2020-12-31T08:11:03+00:00,2020-12-31T08:00:00+00:00,Thursday,8,"[""h3_atr_change_4"", ""h3_slope_atr_8""]",2.0,333,127.0,2020-12-30T00:00:00+00:00,128.0,32.0,10.0,"[""h3_atr_change_4"", ""h3_slope_atr_8""]",UNEXPLAINED_DATA_GAP,MIDWEEK_SEGMENT_WARMUP,True,2020-12-31T07:45:00+00:00,2020-12-31T08:15:00+00:00,2020-12-25T08:00:00+00:00,2021-01-05T09:00:00+00:00
2020-12-31T11:58:40+00:00,2020-12-31T11:45:00+00:00,Thursday,11,"[""h3_atr_change_4"", ""h3_slope_atr_8""]",2.0,333,142.0,2020-12-30T00:00:00+00:00,143.0,35.0,11.0,"[""h3_atr_change_4"", ""h3_slope_atr_8""]",UNEXPLAINED_DATA_GAP,MIDWEEK_SEGMENT_WARMUP,True,2020-12-31T11:30:00+00:00,2020-12-31T12:00:00+00:00,2020-12-25T08:00:00+00:00,2021-01-05T09:00:00+00:00
2020-12-31T17:11:26+00:00,2020-12-31T17:00:00+00:00,Thursday,17,"[""h3_atr_change_4"", ""h3_slope_atr_8""]",2.0,333,163.0,2020-12-30T00:00:00+00:00,164.0,41.0,13.0,"[""h3_atr_change_4"", ""h3_slope_atr_8""]",UNEXPLAINED_DATA_GAP,MIDWEEK_SEGMENT_WARMUP,True,2020-12-31T16:45:00+00:00,2020-12-31T17:15:00+00:00,2020-12-25T08:00:00+00:00,2021-01-05T09:00:00+00:00
2021-01-04T06:34:27+00:00,2021-01-04T06:30:00+00:00,Monday,6,"[""h3_atr_change_4"", ""h3_slope_atr_8""]",2.0,334,121.0,2021-01-03T00:00:00+00:00,122.0,30.0,10.0,"[""h3_atr_change_4"", ""h3_slope_atr_8""]",UNEXPLAINED_DATA_GAP,MIDWEEK_SEGMENT_WARMUP,True,2021-01-04T06:15:00+00:00,2021-01-04T06:45:00+00:00,2020-12-25T08:00:00+00:00,2021-01-05T09:00:00+00:00
2021-01-04T08:06:05+00:00,2021-01-04T08:00:00+00:00,Monday,8,"[""h3_atr_change_4"", ""h3_slope_atr_8""]",2.0,334,127.0,2021-01-03T00:00:00+00:00,128.0,32.0,10.0,"[""h3_atr_change_4"", ""h3_slope_atr_8""]",UNEXPLAINED_DATA_GAP,MIDWEEK_SEGMENT_WARMUP,True,2021-01-04T07:45:00+00:00,2021-01-04T08:15:00+00:00,2020-12-25T08:00:00+00:00,2021-01-05T09:00:00+00:00
2021-01-04T17:03:16+00:00,2021-01-04T17:00:00+00:00,Monday,17,"[""h3_atr_change_4"", ""h3_slope_atr_8""]",2.0,334,163.0,2021-01-03T00:00:00+00:00,164.0,41.0,13.0,"[""h3_atr_change_4"", ""h3_slope_atr_8""]",UNEXPLAINED_DATA_GAP,MIDWEEK_SEGMENT_WARMUP,True,2021-01-04T16:45:00+00:00,2021-01-04T17:15:00+00:00,2020-12-25T08:00:00+00:00,2021-01-05T09:00:00+00:00
2021-01-04T23:09:03+00:00,2021-01-04T23:00:00+00:00,Monday,23,"[""h3_atr_change_4""]",1.0,334,187.0,2021-01-03T00:00:00+00:00,188.0,47.0,15.0,"[""h3_atr_change_4""]",UNEXPLAINED_DATA_GAP,MIDWEEK_SEGMENT_WARMUP,True,2021-01-04T22:45:00+00:00,2021-01-04T23:15:00+00:00,2020-12-25T08:00:00+00:00,2021-01-05T09:00:00+00:00
2021-01-05T08:08:25+00:00,2021-01-05T08:00:00+00:00,Tuesday,8,"[""h3_atr_change_4""]",1.0,334,223.0,2021-01-03T00:00:00+00:00,224.0,56.0,18.0,"[""h3_atr_change_4""]",UNEXPLAINED_DATA_GAP,MIDWEEK_SEGMENT_WARMUP,True,2021-01-05T07:45:00+00:00,2021-01-05T08:15:00+00:00,2020-12-25T08:00:00+00:00,2021-01-05T09:00:00+00:00
2021-01-08T23:01:03+00:00,2021-01-08T23:00:00+00:00,Friday,23,,,,,,,,,,,SOURCE_BAR_GAP,True,2021-01-08T22:00:00+00:00,2021-01-11T00:15:00+00:00,2021-01-08T22:00:00+00:00,2021-01-13T09:00:00+00:00
2021-01-11T06:29:01+00:00,2021-01-11T06:15:00+00:00,Monday,6,"[""h1_er_8"", ""h1_atr_change_4"", ""h1_slope_atr_8"", ""h3_er_8"", ""h3_atr_change_4"", ""h3_slope_atr_8""]",6.0,335,24.0,2021-01-11T00:00:00+00:00,25.0,6.0,2.0,"[""h1_er_8"", ""h1_atr_change_4"", ""h1_slope_atr_8"", ""h3_er_8"", ""h3_atr_change_4"", ""h3_slope_atr_8""]",EXPECTED_MARKET_GAP,WEEKLY_SEGMENT_WARMUP,True,2021-01-11T06:00:00+00:00,2021-01-11T06:30:00+00:00,2021-01-08T22:00:00+00:00,2021-01-13T09:00:00+00:00
2021-01-11T11:53:26+00:00,2021-01-11T11:45:00+00:00,Monday,11,"[""h1_atr_change_4"", ""h1_slope_atr_8"", ""h3_er_8"", ""h3_atr_change_4"", ""h3_slope_atr_8""]",5.0,335,46.0,2021-01-11T00:00:00+00:00,47.0,11.0,3.0,"[""h1_atr_change_4"", ""h1_slope_atr_8"", ""h3_er_8"", ""h3_atr_change_4"", ""h3_slope_atr_8""]",EXPECTED_MARKET_GAP,WEEKLY_SEGMENT_WARMUP,True,2021-01-11T11:30:00+00:00,2021-01-11T12:00:00+00:00,2021-01-08T22:00:00+00:00,2021-01-13T09:00:00+00:00
2021-01-12T03:22:35+00:00,2021-01-12T03:15:00+00:00,Tuesday,3,"[""h3_atr_change_4"", ""h3_slope_atr_8""]",2.0,335,108.0,2021-01-11T00:00:00+00:00,109.0,27.0,9.0,"[""h3_atr_change_4"", ""h3_slope_atr_8""]",EXPECTED_MARKET_GAP,WEEKLY_SEGMENT_WARMUP,True,2021-01-12T03:00:00+00:00,2021-01-12T03:30:00+00:00,2021-01-08T22:00:00+00:00,2021-01-13T09:00:00+00:00
2021-01-12T11:09:04+00:00,2021-01-12T11:00:00+00:00,Tuesday,11,"[""h3_atr_change_4"", ""h3_slope_atr_8""]",2.0,335,139.0,2021-01-11T00:00:00+00:00,140.0,35.0,11.0,"[""h3_atr_change_4"", ""h3_slope_atr_8""]",EXPECTED_MARKET_GAP,WEEKLY_SEGMENT_WARMUP,True,2021-01-12T10:45:00+00:00,2021-01-12T11:15:00+00:00,2021-01-08T22:00:00+00:00,2021-01-13T09:00:00+00:00
2021-01-12T14:00:34+00:00,2021-01-12T14:00:00+00:00,Tuesday,14,"[""h3_atr_change_4"", ""h3_slope_atr_8""]",2.0,335,151.0,2021-01-11T00:00:00+00:00,152.0,38.0,12.0,"[""h3_atr_change_4"", ""h3_slope_atr_8""]",EXPECTED_MARKET_GAP,WEEKLY_SEGMENT_WARMUP,True,2021-01-12T13:45:00+00:00,2021-01-12T14:15:00+00:00,2021-01-08T22:00:00+00:00,2021-01-13T09:00:00+00:00
2021-01-12T17:00:20+00:00,2021-01-12T17:00:00+00:00,Tuesday,17,"[""h3_atr_change_4"", ""h3_slope_atr_8""]",2.0,335,163.0,2021-01-11T00:00:00+00:00,164.0,41.0,13.0,"[""h3_atr_change_4"", ""h3_slope_atr_8""]",EXPECTED_MARKET_GAP,WEEKLY_SEGMENT_WARMUP,True,2021-01-12T16:45:00+00:00,2021-01-12T17:15:00+00:00,2021-01-08T22:00:00+00:00,2021-01-13T09:00:00+00:00
2021-01-22T23:00:38+00:00,2021-01-22T23:00:00+00:00,Friday,23,,,,,,,,,,,SOURCE_BAR_GAP,True,2021-01-22T22:00:00+00:00,2021-01-24T00:15:00+00:00,2021-01-22T22:00:00+00:00,2021-01-26T09:00:00+00:00
2021-01-25T11:00:41+00:00,2021-01-25T11:00:00+00:00,Monday,11,"[""h3_atr_change_4"", ""h3_slope_atr_8""]",2.0,337,139.0,2021-01-24T00:00:00+00:00,140.0,35.0,11.0,"[""h3_atr_change_4"", ""h3_slope_atr_8""]",UNEXPLAINED_DATA_GAP,WEEKLY_SEGMENT_WARMUP,True,2021-01-25T10:45:00+00:00,2021-01-25T11:15:00+00:00,2021-01-22T22:00:00+00:00,2021-01-26T09:00:00+00:00
2021-01-26T00:25:32+00:00,2021-01-26T00:15:00+00:00,Tuesday,0,"[""h3_atr_change_4""]",1.0,337,192.0,2021-01-24T00:00:00+00:00,193.0,48.0,16.0,"[""h3_atr_change_4""]",UNEXPLAINED_DATA_GAP,WEEKLY_SEGMENT_WARMUP,True,2021-01-26T00:00:00+00:00,2021-01-26T00:30:00+00:00,2021-01-22T22:00:00+00:00,2021-01-26T09:00:00+00:00
2021-01-26T02:01:59+00:00,2021-01-26T02:00:00+00:00,Tuesday,2,"[""h3_atr_change_4""]",1.0,337,199.0,2021-01-24T00:00:00+00:00,200.0,50.0,16.0,"[""h3_atr_change_4""]",UNEXPLAINED_DATA_GAP,WEEKLY_SEGMENT_WARMUP,True,2021-01-26T01:45:00+00:00,2021-01-26T02:15:00+00:00,2021-01-22T22:00:00+00:00,2021-01-26T09:00:00+00:00
2021-01-26T05:01:08+00:00,2021-01-26T05:00:00+00:00,Tuesday,5,"[""h3_atr_change_4""]",1.0,337,211.0,2021-01-24T00:00:00+00:00,212.0,53.0,17.0,"[""h3_atr_change_4""]",UNEXPLAINED_DATA_GAP,WEEKLY_SEGMENT_WARMUP,True,2021-01-26T04:45:00+00:00,2021-01-26T05:15:00+00:00,2021-01-22T22:00:00+00:00,2021-01-26T09:00:00+00:00
2021-02-01T09:09:18+00:00,2021-02-01T09:00:00+00:00,Monday,9,"[""h3_atr_change_4"", ""h3_slope_atr_8""]",2.0,338,131.0,2021-01-31T00:00:00+00:00,132.0,33.0,11.0,"[""h3_atr_change_4"", ""h3_slope_atr_8""]",UNEXPLAINED_DATA_GAP,WEEKLY_SEGMENT_WARMUP,True,2021-02-01T08:45:00+00:00,2021-02-01T09:15:00+00:00,2021-01-29T22:00:00+00:00,2021-02-05T09:00:00+00:00
2021-02-01T14:56:40+00:00,2021-02-01T14:45:00+00:00,Monday,14,"[""h3_atr_change_4"", ""h3_slope_atr_8""]",2.0,338,154.0,2021-01-31T00:00:00+00:00,155.0,38.0,12.0,"[""h3_atr_change_4"", ""h3_slope_atr_8""]",UNEXPLAINED_DATA_GAP,WEEKLY_SEGMENT_WARMUP,True,2021-02-01T14:30:00+00:00,2021-02-01T15:00:00+00:00,2021-01-29T22:00:00+00:00,2021-02-05T09:00:00+00:00
2021-02-01T18:15:28+00:00,2021-02-01T18:15:00+00:00,Monday,18,"[""h3_atr_change_4"", ""h3_slope_atr_8""]",2.0,338,168.0,2021-01-31T00:00:00+00:00,169.0,42.0,14.0,"[""h3_atr_change_4"", ""h3_slope_atr_8""]",UNEXPLAINED_DATA_GAP,WEEKLY_SEGMENT_WARMUP,True,2021-02-01T18:00:00+00:00,2021-02-01T18:30:00+00:00,2021-01-29T22:00:00+00:00,2021-02-05T09:00:00+00:00
2021-02-02T08:04:05+00:00,2021-02-02T08:00:00+00:00,Tuesday,8,,,,,,,,,,,SOURCE_BAR_GAP,True,2021-02-02T00:00:00+00:00,2021-02-03T00:15:00+00:00,2021-01-29T22:00:00+00:00,2021-02-05T09:00:00+00:00
2021-02-02T11:34:05+00:00,2021-02-02T11:30:00+00:00,Tuesday,11,,,,,,,,,,,SOURCE_BAR_GAP,True,2021-02-02T00:00:00+00:00,2021-02-03T00:15:00+00:00,2021-01-29T22:00:00+00:00,2021-02-05T09:00:00+00:00
2021-02-02T19:01:00+00:00,2021-02-02T19:00:00+00:00,Tuesday,19,,,,,,,,,,,SOURCE_BAR_GAP,True,2021-02-02T00:00:00+00:00,2021-02-03T00:15:00+00:00,2021-01-29T22:00:00+00:00,2021-02-05T09:00:00+00:00
2021-02-03T02:01:34+00:00,2021-02-03T02:00:00+00:00,Wednesday,2,"[""er_16"", ""rv_16"", ""atr_change_1"", ""atr_change_8"", ""slope_atr_4"", ""slope_atr_16"", ""range_pos_16"", ""h1_er_8"", ""h1_atr_change_4"", ""h1_slope_atr_8"", ""h3_er_8"", ""h3_atr_change_4"", ""h3_slope_atr_8""]",13.0,339,7.0,2021-02-03T00:00:00+00:00,8.0,2.0,0.0,"[""er_16"", ""rv_16"", ""atr_change_1"", ""atr_change_8"", ""slope_atr_4"", ""slope_atr_16"", ""range_pos_16"", ""h1_er_8"", ""h1_atr_change_4"", ""h1_slope_atr_8"", ""h3_er_8"", ""h3_atr_change_4"", ""h3_slope_atr_8""]",UNEXPLAINED_DATA_GAP,MIDWEEK_SEGMENT_WARMUP,True,2021-02-03T01:45:00+00:00,2021-02-03T02:15:00+00:00,2021-01-29T22:00:00+00:00,2021-02-05T09:00:00+00:00
2021-02-03T08:09:59+00:00,2021-02-03T08:00:00+00:00,Wednesday,8,"[""h1_er_8"", ""h1_atr_change_4"", ""h1_slope_atr_8"", ""h3_er_8"", ""h3_atr_change_4"", ""h3_slope_atr_8""]",6.0,339,31.0,2021-02-03T00:00:00+00:00,32.0,8.0,2.0,"[""h1_er_8"", ""h1_atr_change_4"", ""h1_slope_atr_8"", ""h3_er_8"", ""h3_atr_change_4"", ""h3_slope_atr_8""]",UNEXPLAINED_DATA_GAP,MIDWEEK_SEGMENT_WARMUP,True,2021-02-03T07:45:00+00:00,2021-02-03T08:15:00+00:00,2021-01-29T22:00:00+00:00,2021-02-05T09:00:00+00:00
2021-02-04T16:15:04+00:00,2021-02-04T16:15:00+00:00,Thursday,16,"[""h3_atr_change_4"", ""h3_slope_atr_8""]",2.0,339,160.0,2021-02-03T00:00:00+00:00,161.0,40.0,13.0,"[""h3_atr_change_4"", ""h3_slope_atr_8""]",UNEXPLAINED_DATA_GAP,MIDWEEK_SEGMENT_WARMUP,True,2021-02-04T16:00:00+00:00,2021-02-04T16:30:00+00:00,2021-01-29T22:00:00+00:00,2021-02-05T09:00:00+00:00
2021-02-04T17:16:31+00:00,2021-02-04T17:15:00+00:00,Thursday,17,"[""h3_atr_change_4"", ""h3_slope_atr_8""]",2.0,339,164.0,2021-02-03T00:00:00+00:00,165.0,41.0,13.0,"[""h3_atr_change_4"", ""h3_slope_atr_8""]",UNEXPLAINED_DATA_GAP,MIDWEEK_SEGMENT_WARMUP,True,2021-02-04T17:00:00+00:00,2021-02-04T17:30:00+00:00,2021-01-29T22:00:00+00:00,2021-02-05T09:00:00+00:00
2021-02-05T02:00:06+00:00,2021-02-05T02:00:00+00:00,Friday,2,"[""h3_atr_change_4""]",1.0,339,199.0,2021-02-03T00:00:00+00:00,200.0,50.0,16.0,"[""h3_atr_change_4""]",UNEXPLAINED_DATA_GAP,MIDWEEK_SEGMENT_WARMUP,True,2021-02-05T01:45:00+00:00,2021-02-05T02:15:00+00:00,2021-01-29T22:00:00+00:00,2021-02-05T09:00:00+00:00
2021-02-08T08:28:41+00:00,2021-02-08T08:15:00+00:00,Monday,8,"[""h1_er_8"", ""h1_atr_change_4"", ""h1_slope_atr_8"", ""h3_er_8"", ""h3_atr_change_4"", ""h3_slope_atr_8""]",6.0,340,32.0,2021-02-08T00:00:00+00:00,33.0,8.0,2.0,"[""h1_er_8"", ""h1_atr_change_4"", ""h1_slope_atr_8"", ""h3_er_8"", ""h3_atr_change_4"", ""h3_slope_atr_8""]",EXPECTED_MARKET_GAP,WEEKLY_SEGMENT_WARMUP,True,2021-02-08T08:00:00+00:00,2021-02-08T08:30:00+00:00,2021-02-05T22:00:00+00:00,2021-02-10T09:00:00+00:00
2021-02-08T11:23:34+00:00,2021-02-08T11:15:00+00:00,Monday,11,"[""h1_atr_change_4"", ""h1_slope_atr_8"", ""h3_er_8"", ""h3_atr_change_4"", ""h3_slope_atr_8""]",5.0,340,44.0,2021-02-08T00:00:00+00:00,45.0,11.0,3.0,"[""h1_atr_change_4"", ""h1_slope_atr_8"", ""h3_er_8"", ""h3_atr_change_4"", ""h3_slope_atr_8""]",EXPECTED_MARKET_GAP,WEEKLY_SEGMENT_WARMUP,True,2021-02-08T11:00:00+00:00,2021-02-08T11:30:00+00:00,2021-02-05T22:00:00+00:00,2021-02-10T09:00:00+00:00
2021-02-08T14:02:31+00:00,2021-02-08T14:00:00+00:00,Monday,14,"[""h1_atr_change_4"", ""h1_slope_atr_8"", ""h3_er_8"", ""h3_atr_change_4"", ""h3_slope_atr_8""]",5.0,340,55.0,2021-02-08T00:00:00+00:00,56.0,14.0,4.0,"[""h1_atr_change_4"", ""h1_slope_atr_8"", ""h3_er_8"", ""h3_atr_change_4"", ""h3_slope_atr_8""]",EXPECTED_MARKET_GAP,WEEKLY_SEGMENT_WARMUP,True,2021-02-08T13:45:00+00:00,2021-02-08T14:15:00+00:00,2021-02-05T22:00:00+00:00,2021-02-10T09:00:00+00:00
2021-02-09T02:00:31+00:00,2021-02-09T02:00:00+00:00,Tuesday,2,"[""h3_er_8"", ""h3_atr_change_4"", ""h3_slope_atr_8""]",3.0,340,103.0,2021-02-08T00:00:00+00:00,104.0,26.0,8.0,"[""h3_er_8"", ""h3_atr_change_4"", ""h3_slope_atr_8""]",EXPECTED_MARKET_GAP,WEEKLY_SEGMENT_WARMUP,True,2021-02-09T01:45:00+00:00,2021-02-09T02:15:00+00:00,2021-02-05T22:00:00+00:00,2021-02-10T09:00:00+00:00
2021-02-09T08:00:36+00:00,2021-02-09T08:00:00+00:00,Tuesday,8,"[""h3_atr_change_4"", ""h3_slope_atr_8""]",2.0,340,127.0,2021-02-08T00:00:00+00:00,128.0,32.0,10.0,"[""h3_atr_change_4"", ""h3_slope_atr_8""]",EXPECTED_MARKET_GAP,WEEKLY_SEGMENT_WARMUP,True,2021-02-09T07:45:00+00:00,2021-02-09T08:15:00+00:00,2021-02-05T22:00:00+00:00,2021-02-10T09:00:00+00:00
2021-02-10T02:02:17+00:00,2021-02-10T02:00:00+00:00,Wednesday,2,"[""h3_atr_change_4""]",1.0,340,199.0,2021-02-08T00:00:00+00:00,200.0,50.0,16.0,"[""h3_atr_change_4""]",EXPECTED_MARKET_GAP,WEEKLY_SEGMENT_WARMUP,True,2021-02-10T01:45:00+00:00,2021-02-10T02:15:00+00:00,2021-02-05T22:00:00+00:00,2021-02-10T09:00:00+00:00
2021-02-10T08:16:23+00:00,2021-02-10T08:15:00+00:00,Wednesday,8,"[""h3_atr_change_4""]",1.0,340,224.0,2021-02-08T00:00:00+00:00,225.0,56.0,18.0,"[""h3_atr_change_4""]",EXPECTED_MARKET_GAP,WEEKLY_SEGMENT_WARMUP,True,2021-02-10T08:00:00+00:00,2021-02-10T08:30:00+00:00,2021-02-05T22:00:00+00:00,2021-02-10T09:00:00+00:00
2021-02-15T11:03:24+00:00,2021-02-15T11:00:00+00:00,Monday,11,"[""h3_atr_change_4"", ""h3_slope_atr_8""]",2.0,341,139.0,2021-02-14T00:00:00+00:00,140.0,35.0,11.0,"[""h3_atr_change_4"", ""h3_slope_atr_8""]",UNEXPLAINED_DATA_GAP,WEEKLY_SEGMENT_WARMUP,True,2021-02-15T10:45:00+00:00,2021-02-15T11:15:00+00:00,2021-02-12T22:00:00+00:00,2021-02-16T09:00:00+00:00
2021-02-15T14:14:15+00:00,2021-02-15T14:00:00+00:00,Monday,14,"[""h3_atr_change_4"", ""h3_slope_atr_8""]",2.0,341,151.0,2021-02-14T00:00:00+00:00,152.0,38.0,12.0,"[""h3_atr_change_4"", ""h3_slope_atr_8""]",UNEXPLAINED_DATA_GAP,WEEKLY_SEGMENT_WARMUP,True,2021-02-15T13:45:00+00:00,2021-02-15T14:15:00+00:00,2021-02-12T22:00:00+00:00,2021-02-16T09:00:00+00:00
2021-02-15T23:39:25+00:00,2021-02-15T23:30:00+00:00,Monday,23,"[""h3_atr_change_4""]",1.0,341,189.0,2021-02-14T00:00:00+00:00,190.0,47.0,15.0,"[""h3_atr_change_4""]",UNEXPLAINED_DATA_GAP,WEEKLY_SEGMENT_WARMUP,True,2021-02-15T23:15:00+00:00,2021-02-15T23:45:00+00:00,2021-02-12T22:00:00+00:00,2021-02-16T09:00:00+00:00
2021-02-22T08:51:07+00:00,2021-02-22T08:45:00+00:00,Monday,8,"[""h3_atr_change_4"", ""h3_slope_atr_8""]",2.0,342,130.0,2021-02-21T00:00:00+00:00,131.0,32.0,10.0,"[""h3_atr_change_4"", ""h3_slope_atr_8""]",UNEXPLAINED_DATA_GAP,WEEKLY_SEGMENT_WARMUP,True,2021-02-22T08:30:00+00:00,2021-02-22T09:00:00+00:00,2021-02-19T22:00:00+00:00,2021-02-23T09:00:00+00:00
2021-03-01T09:57:53+00:00,2021-03-01T09:45:00+00:00,Monday,9,"[""h3_atr_change_4"", ""h3_slope_atr_8""]",2.0,343,134.0,2021-02-28T00:00:00+00:00,135.0,33.0,11.0,"[""h3_atr_change_4"", ""h3_slope_atr_8""]",UNEXPLAINED_DATA_GAP,WEEKLY_SEGMENT_WARMUP,True,2021-03-01T09:30:00+00:00,2021-03-01T10:00:00+00:00,2021-02-26T22:00:00+00:00,2021-03-02T09:00:00+00:00
2021-03-01T17:07:20+00:00,2021-03-01T17:00:00+00:00,Monday,17,"[""h3_atr_change_4"", ""h3_slope_atr_8""]",2.0,343,163.0,2021-02-28T00:00:00+00:00,164.0,41.0,13.0,"[""h3_atr_change_4"", ""h3_slope_atr_8""]",UNEXPLAINED_DATA_GAP,WEEKLY_SEGMENT_WARMUP,True,2021-03-01T16:45:00+00:00,2021-03-01T17:15:00+00:00,2021-02-26T22:00:00+00:00,2021-03-02T09:00:00+00:00
2021-03-01T20:02:59+00:00,2021-03-01T20:00:00+00:00,Monday,20,"[""h3_atr_change_4"", ""h3_slope_atr_8""]",2.0,343,175.0,2021-02-28T00:00:00+00:00,176.0,44.0,14.0,"[""h3_atr_change_4"", ""h3_slope_atr_8""]",UNEXPLAINED_DATA_GAP,WEEKLY_SEGMENT_WARMUP,True,2021-03-01T19:45:00+00:00,2021-03-01T20:15:00+00:00,2021-02-26T22:00:00+00:00,2021-03-02T09:00:00+00:00
2021-03-02T02:54:05+00:00,2021-03-02T02:45:00+00:00,Tuesday,2,"[""h3_atr_change_4""]",1.0,343,202.0,2021-02-28T00:00:00+00:00,203.0,50.0,16.0,"[""h3_atr_change_4""]",UNEXPLAINED_DATA_GAP,WEEKLY_SEGMENT_WARMUP,True,2021-03-02T02:30:00+00:00,2021-03-02T03:00:00+00:00,2021-02-26T22:00:00+00:00,2021-03-02T09:00:00+00:00
2021-03-08T08:56:19+00:00,2021-03-08T08:45:00+00:00,Monday,8,"[""h3_atr_change_4"", ""h3_slope_atr_8""]",2.0,344,130.0,2021-03-07T00:00:00+00:00,131.0,32.0,10.0,"[""h3_atr_change_4"", ""h3_slope_atr_8""]",UNEXPLAINED_DATA_GAP,WEEKLY_SEGMENT_WARMUP,True,2021-03-08T08:30:00+00:00,2021-03-08T09:00:00+00:00,2021-03-05T22:00:00+00:00,2021-03-09T09:00:00+00:00
2021-03-08T18:01:39+00:00,2021-03-08T18:00:00+00:00,Monday,18,"[""h3_atr_change_4"", ""h3_slope_atr_8""]",2.0,344,167.0,2021-03-07T00:00:00+00:00,168.0,42.0,14.0,"[""h3_atr_change_4"", ""h3_slope_atr_8""]",UNEXPLAINED_DATA_GAP,WEEKLY_SEGMENT_WARMUP,True,2021-03-08T17:45:00+00:00,2021-03-08T18:15:00+00:00,2021-03-05T22:00:00+00:00,2021-03-09T09:00:00+00:00
2021-03-09T02:32:43+00:00,2021-03-09T02:30:00+00:00,Tuesday,2,"[""h3_atr_change_4""]",1.0,344,201.0,2021-03-07T00:00:00+00:00,202.0,50.0,16.0,"[""h3_atr_change_4""]",UNEXPLAINED_DATA_GAP,WEEKLY_SEGMENT_WARMUP,True,2021-03-09T02:15:00+00:00,2021-03-09T02:45:00+00:00,2021-03-05T22:00:00+00:00,2021-03-09T09:00:00+00:00
2021-03-15T05:39:34+00:00,2021-03-15T05:30:00+00:00,Monday,5,"[""h3_atr_change_4"", ""h3_slope_atr_8""]",2.0,345,117.0,2021-03-14T00:00:00+00:00,118.0,29.0,9.0,"[""h3_atr_change_4"", ""h3_slope_atr_8""]",UNEXPLAINED_DATA_GAP,WEEKLY_SEGMENT_WARMUP,True,2021-03-15T05:15:00+00:00,2021-03-15T05:45:00+00:00,2021-03-12T22:00:00+00:00,2021-03-16T09:00:00+00:00
2021-03-15T07:40:38+00:00,2021-03-15T07:30:00+00:00,Monday,7,"[""h3_atr_change_4"", ""h3_slope_atr_8""]",2.0,345,125.0,2021-03-14T00:00:00+00:00,126.0,31.0,10.0,"[""h3_atr_change_4"", ""h3_slope_atr_8""]",UNEXPLAINED_DATA_GAP,WEEKLY_SEGMENT_WARMUP,True,2021-03-15T07:15:00+00:00,2021-03-15T07:45:00+00:00,2021-03-12T22:00:00+00:00,2021-03-16T09:00:00+00:00
2021-03-18T04:31:34+00:00,2021-03-18T04:30:00+00:00,Thursday,4,,,,,,,,,,,SOURCE_BAR_GAP,True,2021-03-18T00:00:00+00:00,2021-03-19T00:15:00+00:00,2021-03-18T00:00:00+00:00,2021-03-23T09:00:00+00:00
2021-03-18T11:46:40+00:00,2021-03-18T11:45:00+00:00,Thursday,11,,,,,,,,,,,SOURCE_BAR_GAP,True,2021-03-18T00:00:00+00:00,2021-03-19T00:15:00+00:00,2021-03-18T00:00:00+00:00,2021-03-23T09:00:00+00:00
2021-03-18T16:11:36+00:00,2021-03-18T16:00:00+00:00,Thursday,16,,,,,,,,,,,SOURCE_BAR_GAP,True,2021-03-18T00:00:00+00:00,2021-03-19T00:15:00+00:00,2021-03-18T00:00:00+00:00,2021-03-23T09:00:00+00:00
2021-03-18T19:01:30+00:00,2021-03-18T19:00:00+00:00,Thursday,19,,,,,,,,,,,SOURCE_BAR_GAP,True,2021-03-18T00:00:00+00:00,2021-03-19T00:15:00+00:00,2021-03-18T00:00:00+00:00,2021-03-23T09:00:00+00:00
2021-03-19T03:33:03+00:00,2021-03-19T03:30:00+00:00,Friday,3,"[""er_16"", ""rv_16"", ""atr_change_1"", ""atr_change_8"", ""slope_atr_4"", ""slope_atr_16"", ""range_pos_16"", ""h1_er_8"", ""h1_atr_change_4"", ""h1_slope_atr_8"", ""h3_er_8"", ""h3_atr_change_4"", ""h3_slope_atr_8""]",13.0,346,13.0,2021-03-19T00:00:00+00:00,14.0,3.0,1.0,"[""er_16"", ""rv_16"", ""atr_change_1"", ""atr_change_8"", ""slope_atr_4"", ""slope_atr_16"", ""range_pos_16"", ""h1_er_8"", ""h1_atr_change_4"", ""h1_slope_atr_8"", ""h3_er_8"", ""h3_atr_change_4"", ""h3_slope_atr_8""]",UNEXPLAINED_DATA_GAP,MIDWEEK_SEGMENT_WARMUP,True,2021-03-19T03:15:00+00:00,2021-03-19T03:45:00+00:00,2021-03-18T00:00:00+00:00,2021-03-23T09:00:00+00:00
2021-03-19T12:43:29+00:00,2021-03-19T12:30:00+00:00,Friday,12,"[""h1_atr_change_4"", ""h1_slope_atr_8"", ""h3_er_8"", ""h3_atr_change_4"", ""h3_slope_atr_8""]",5.0,346,49.0,2021-03-19T00:00:00+00:00,50.0,12.0,4.0,"[""h1_atr_change_4"", ""h1_slope_atr_8"", ""h3_er_8"", ""h3_atr_change_4"", ""h3_slope_atr_8""]",UNEXPLAINED_DATA_GAP,MIDWEEK_SEGMENT_WARMUP,True,2021-03-19T12:15:00+00:00,2021-03-19T12:45:00+00:00,2021-03-18T00:00:00+00:00,2021-03-23T09:00:00+00:00
2021-03-19T16:00:43+00:00,2021-03-19T16:00:00+00:00,Friday,16,"[""h1_atr_change_4"", ""h3_er_8"", ""h3_atr_change_4"", ""h3_slope_atr_8""]",4.0,346,63.0,2021-03-19T00:00:00+00:00,64.0,16.0,5.0,"[""h1_atr_change_4"", ""h3_er_8"", ""h3_atr_change_4"", ""h3_slope_atr_8""]",UNEXPLAINED_DATA_GAP,MIDWEEK_SEGMENT_WARMUP,True,2021-03-19T15:45:00+00:00,2021-03-19T16:15:00+00:00,2021-03-18T00:00:00+00:00,2021-03-23T09:00:00+00:00
2021-03-19T22:09:21+00:00,2021-03-19T22:00:00+00:00,Friday,22,,,,,,,,,,,SOURCE_BAR_GAP,True,2021-03-19T21:00:00+00:00,2021-03-21T00:15:00+00:00,2021-03-18T00:00:00+00:00,2021-03-23T09:00:00+00:00
2021-03-23T04:00:05+00:00,2021-03-23T04:00:00+00:00,Tuesday,4,"[""h3_atr_change_4""]",1.0,347,207.0,2021-03-21T00:00:00+00:00,208.0,52.0,17.0,"[""h3_atr_change_4""]",UNEXPLAINED_DATA_GAP,WEEKLY_SEGMENT_WARMUP,True,2021-03-23T03:45:00+00:00,2021-03-23T04:15:00+00:00,2021-03-18T00:00:00+00:00,2021-03-23T09:00:00+00:00
2021-03-26T07:10:18+00:00,2021-03-26T07:00:00+00:00,Friday,7,,,,,,,,,,,SOURCE_BAR_GAP,True,2021-03-26T00:00:00+00:00,2021-03-28T00:15:00+00:00,2021-03-26T00:00:00+00:00,2021-03-30T09:00:00+00:00
2021-03-26T10:08:38+00:00,2021-03-26T10:00:00+00:00,Friday,10,,,,,,,,,,,SOURCE_BAR_GAP,True,2021-03-26T00:00:00+00:00,2021-03-28T00:15:00+00:00,2021-03-26T00:00:00+00:00,2021-03-30T09:00:00+00:00
2021-03-29T08:52:16+00:00,2021-03-29T08:45:00+00:00,Monday,8,"[""h3_atr_change_4"", ""h3_slope_atr_8""]",2.0,348,130.0,2021-03-28T00:00:00+00:00,131.0,32.0,10.0,"[""h3_atr_change_4"", ""h3_slope_atr_8""]",UNEXPLAINED_DATA_GAP,MIDWEEK_SEGMENT_WARMUP,True,2021-03-29T08:30:00+00:00,2021-03-29T09:00:00+00:00,2021-03-26T00:00:00+00:00,2021-03-30T09:00:00+00:00
2021-03-29T11:17:27+00:00,2021-03-29T11:15:00+00:00,Monday,11,"[""h3_atr_change_4"", ""h3_slope_atr_8""]",2.0,348,140.0,2021-03-28T00:00:00+00:00,141.0,35.0,11.0,"[""h3_atr_change_4"", ""h3_slope_atr_8""]",UNEXPLAINED_DATA_GAP,MIDWEEK_SEGMENT_WARMUP,True,2021-03-29T11:00:00+00:00,2021-03-29T11:30:00+00:00,2021-03-26T00:00:00+00:00,2021-03-30T09:00:00+00:00
2021-03-29T13:47:26+00:00,2021-03-29T13:45:00+00:00,Monday,13,"[""h3_atr_change_4"", ""h3_slope_atr_8""]",2.0,348,150.0,2021-03-28T00:00:00+00:00,151.0,37.0,12.0,"[""h3_atr_change_4"", ""h3_slope_atr_8""]",UNEXPLAINED_DATA_GAP,MIDWEEK_SEGMENT_WARMUP,True,2021-03-29T13:30:00+00:00,2021-03-29T14:00:00+00:00,2021-03-26T00:00:00+00:00,2021-03-30T09:00:00+00:00
2021-03-29T17:55:36+00:00,2021-03-29T17:45:00+00:00,Monday,17,"[""h3_atr_change_4"", ""h3_slope_atr_8""]",2.0,348,166.0,2021-03-28T00:00:00+00:00,167.0,41.0,13.0,"[""h3_atr_change_4"", ""h3_slope_atr_8""]",UNEXPLAINED_DATA_GAP,MIDWEEK_SEGMENT_WARMUP,True,2021-03-29T17:30:00+00:00,2021-03-29T18:00:00+00:00,2021-03-26T00:00:00+00:00,2021-03-30T09:00:00+00:00
2021-03-29T20:59:32+00:00,2021-03-29T20:45:00+00:00,Monday,20,"[""h3_atr_change_4"", ""h3_slope_atr_8""]",2.0,348,178.0,2021-03-28T00:00:00+00:00,179.0,44.0,14.0,"[""h3_atr_change_4"", ""h3_slope_atr_8""]",UNEXPLAINED_DATA_GAP,MIDWEEK_SEGMENT_WARMUP,True,2021-03-29T20:30:00+00:00,2021-03-29T21:00:00+00:00,2021-03-26T00:00:00+00:00,2021-03-30T09:00:00+00:00
2021-04-02T23:48:15+00:00,2021-04-02T23:45:00+00:00,Friday,23,,,,,,,,,,,SOURCE_BAR_GAP,True,2021-04-02T21:00:00+00:00,2021-04-05T00:15:00+00:00,2021-04-02T21:00:00+00:00,2021-04-07T09:00:00+00:00
2021-04-05T07:55:04+00:00,2021-04-05T07:45:00+00:00,Monday,7,"[""h1_er_8"", ""h1_atr_change_4"", ""h1_slope_atr_8"", ""h3_er_8"", ""h3_atr_change_4"", ""h3_slope_atr_8""]",6.0,349,30.0,2021-04-05T00:00:00+00:00,31.0,7.0,2.0,"[""h1_er_8"", ""h1_atr_change_4"", ""h1_slope_atr_8"", ""h3_er_8"", ""h3_atr_change_4"", ""h3_slope_atr_8""]",EXPECTED_MARKET_GAP,WEEKLY_SEGMENT_WARMUP,True,2021-04-05T07:30:00+00:00,2021-04-05T08:00:00+00:00,2021-04-02T21:00:00+00:00,2021-04-07T09:00:00+00:00
2021-04-05T22:20:34+00:00,2021-04-05T22:15:00+00:00,Monday,22,"[""h3_er_8"", ""h3_atr_change_4"", ""h3_slope_atr_8""]",3.0,349,88.0,2021-04-05T00:00:00+00:00,89.0,22.0,7.0,"[""h3_er_8"", ""h3_atr_change_4"", ""h3_slope_atr_8""]",EXPECTED_MARKET_GAP,WEEKLY_SEGMENT_WARMUP,True,2021-04-05T22:00:00+00:00,2021-04-05T22:30:00+00:00,2021-04-02T21:00:00+00:00,2021-04-07T09:00:00+00:00
2021-04-06T04:34:35+00:00,2021-04-06T04:30:00+00:00,Tuesday,4,"[""h3_atr_change_4"", ""h3_slope_atr_8""]",2.0,349,113.0,2021-04-05T00:00:00+00:00,114.0,28.0,9.0,"[""h3_atr_change_4"", ""h3_slope_atr_8""]",EXPECTED_MARKET_GAP,WEEKLY_SEGMENT_WARMUP,True,2021-04-06T04:15:00+00:00,2021-04-06T04:45:00+00:00,2021-04-02T21:00:00+00:00,2021-04-07T09:00:00+00:00
2021-04-06T10:00:38+00:00,2021-04-06T10:00:00+00:00,Tuesday,10,"[""h3_atr_change_4"", ""h3_slope_atr_8""]",2.0,349,135.0,2021-04-05T00:00:00+00:00,136.0,34.0,11.0,"[""h3_atr_change_4"", ""h3_slope_atr_8""]",EXPECTED_MARKET_GAP,WEEKLY_SEGMENT_WARMUP,True,2021-04-06T09:45:00+00:00,2021-04-06T10:15:00+00:00,2021-04-02T21:00:00+00:00,2021-04-07T09:00:00+00:00
2021-04-07T02:00:31+00:00,2021-04-07T02:00:00+00:00,Wednesday,2,"[""h3_atr_change_4""]",1.0,349,199.0,2021-04-05T00:00:00+00:00,200.0,50.0,16.0,"[""h3_atr_change_4""]",EXPECTED_MARKET_GAP,WEEKLY_SEGMENT_WARMUP,True,2021-04-07T01:45:00+00:00,2021-04-07T02:15:00+00:00,2021-04-02T21:00:00+00:00,2021-04-07T09:00:00+00:00
2021-04-09T01:29:42+00:00,2021-04-09T01:15:00+00:00,Friday,1,,,,,,,,,,,SOURCE_BAR_GAP,True,2021-04-09T00:00:00+00:00,2021-04-11T00:15:00+00:00,2021-04-09T00:00:00+00:00,2021-04-15T09:00:00+00:00
2021-04-09T04:43:01+00:00,2021-04-09T04:30:00+00:00,Friday,4,,,,,,,,,,,SOURCE_BAR_GAP,True,2021-04-09T00:00:00+00:00,2021-04-11T00:15:00+00:00,2021-04-09T00:00:00+00:00,2021-04-15T09:00:00+00:00
2021-04-12T04:17:38+00:00,2021-04-12T04:15:00+00:00,Monday,4,,,,,,,,,,,SOURCE_BAR_GAP,True,2021-04-12T00:00:00+00:00,2021-04-13T00:15:00+00:00,2021-04-09T00:00:00+00:00,2021-04-15T09:00:00+00:00
2021-04-12T22:03:35+00:00,2021-04-12T22:00:00+00:00,Monday,22,,,,,,,,,,,SOURCE_BAR_GAP,True,2021-04-12T00:00:00+00:00,2021-04-13T00:15:00+00:00,2021-04-09T00:00:00+00:00,2021-04-15T09:00:00+00:00
2021-04-13T06:23:15+00:00,2021-04-13T06:15:00+00:00,Tuesday,6,"[""h1_er_8"", ""h1_atr_change_4"", ""h1_slope_atr_8"", ""h3_er_8"", ""h3_atr_change_4"", ""h3_slope_atr_8""]",6.0,351,24.0,2021-04-13T00:00:00+00:00,25.0,6.0,2.0,"[""h1_er_8"", ""h1_atr_change_4"", ""h1_slope_atr_8"", ""h3_er_8"", ""h3_atr_change_4"", ""h3_slope_atr_8""]",UNEXPLAINED_DATA_GAP,MIDWEEK_SEGMENT_WARMUP,True,2021-04-13T06:00:00+00:00,2021-04-13T06:30:00+00:00,2021-04-09T00:00:00+00:00,2021-04-15T09:00:00+00:00
2021-04-19T00:01:30+00:00,2021-04-19T00:00:00+00:00,Monday,0,"[""h1_atr_change_4"", ""h3_er_8"", ""h3_atr_change_4"", ""h3_slope_atr_8""]",4.0,352,95.0,2021-04-18T00:00:00+00:00,96.0,24.0,8.0,"[""h3_er_8"", ""h3_atr_change_4"", ""h3_slope_atr_8""]",UNEXPLAINED_DATA_GAP,SPECIFIC_FEATURE_INCOMPLETE,False,2021-04-18T23:45:00+00:00,2021-04-19T00:15:00+00:00,2021-04-16T21:00:00+00:00,2021-04-20T09:00:00+00:00
2021-04-19T16:09:37+00:00,2021-04-19T16:00:00+00:00,Monday,16,"[""h3_atr_change_4"", ""h3_slope_atr_8""]",2.0,352,159.0,2021-04-18T00:00:00+00:00,160.0,40.0,13.0,"[""h3_atr_change_4"", ""h3_slope_atr_8""]",UNEXPLAINED_DATA_GAP,WEEKLY_SEGMENT_WARMUP,True,2021-04-19T15:45:00+00:00,2021-04-19T16:15:00+00:00,2021-04-16T21:00:00+00:00,2021-04-20T09:00:00+00:00
2021-04-22T07:08:36+00:00,2021-04-22T07:00:00+00:00,Thursday,7,,,,,,,,,,,SOURCE_BAR_GAP,True,2021-04-22T00:00:00+00:00,2021-04-23T00:15:00+00:00,2021-04-22T00:00:00+00:00,2021-04-27T09:00:00+00:00
2021-04-22T11:49:20+00:00,2021-04-22T11:45:00+00:00,Thursday,11,,,,,,,,,,,SOURCE_BAR_GAP,True,2021-04-22T00:00:00+00:00,2021-04-23T00:15:00+00:00,2021-04-22T00:00:00+00:00,2021-04-27T09:00:00+00:00
2021-04-22T16:52:40+00:00,2021-04-22T16:45:00+00:00,Thursday,16,,,,,,,,,,,SOURCE_BAR_GAP,True,2021-04-22T00:00:00+00:00,2021-04-23T00:15:00+00:00,2021-04-22T00:00:00+00:00,2021-04-27T09:00:00+00:00
2021-04-22T22:18:11+00:00,2021-04-22T22:15:00+00:00,Thursday,22,,,,,,,,,,,SOURCE_BAR_GAP,True,2021-04-22T00:00:00+00:00,2021-04-23T00:15:00+00:00,2021-04-22T00:00:00+00:00,2021-04-27T09:00:00+00:00
2021-04-26T09:56:37+00:00,2021-04-26T09:45:00+00:00,Monday,9,"[""h3_atr_change_4"", ""h3_slope_atr_8""]",2.0,354,134.0,2021-04-25T00:00:00+00:00,135.0,33.0,11.0,"[""h3_atr_change_4"", ""h3_slope_atr_8""]",UNEXPLAINED_DATA_GAP,WEEKLY_SEGMENT_WARMUP,True,2021-04-26T09:30:00+00:00,2021-04-26T10:00:00+00:00,2021-04-22T00:00:00+00:00,2021-04-27T09:00:00+00:00
2021-04-26T14:00:34+00:00,2021-04-26T14:00:00+00:00,Monday,14,"[""h3_atr_change_4"", ""h3_slope_atr_8""]",2.0,354,151.0,2021-04-25T00:00:00+00:00,152.0,38.0,12.0,"[""h3_atr_change_4"", ""h3_slope_atr_8""]",UNEXPLAINED_DATA_GAP,WEEKLY_SEGMENT_WARMUP,True,2021-04-26T13:45:00+00:00,2021-04-26T14:15:00+00:00,2021-04-22T00:00:00+00:00,2021-04-27T09:00:00+00:00
2021-04-29T10:54:31+00:00,2021-04-29T10:45:00+00:00,Thursday,10,,,,,,,,,,,SOURCE_BAR_GAP,True,2021-04-29T00:00:00+00:00,2021-04-30T00:15:00+00:00,2021-04-29T00:00:00+00:00,2021-05-04T09:00:00+00:00
2021-04-29T13:01:56+00:00,2021-04-29T13:00:00+00:00,Thursday,13,,,,,,,,,,,SOURCE_BAR_GAP,True,2021-04-29T00:00:00+00:00,2021-04-30T00:15:00+00:00,2021-04-29T00:00:00+00:00,2021-05-04T09:00:00+00:00
2021-04-29T16:10:16+00:00,2021-04-29T16:00:00+00:00,Thursday,16,,,,,,,,,,,SOURCE_BAR_GAP,True,2021-04-29T00:00:00+00:00,2021-04-30T00:15:00+00:00,2021-04-29T00:00:00+00:00,2021-05-04T09:00:00+00:00
2021-04-30T04:08:23+00:00,2021-04-30T04:00:00+00:00,Friday,4,"[""er_16"", ""rv_16"", ""atr_change_8"", ""range_pos_16"", ""h1_er_8"", ""h1_atr_change_4"", ""h1_slope_atr_8"", ""h3_er_8"", ""h3_atr_change_4"", ""h3_slope_atr_8""]",10.0,355,15.0,2021-04-30T00:00:00+00:00,16.0,4.0,1.0,"[""er_16"", ""rv_16"", ""atr_change_8"", ""range_pos_16"", ""h1_er_8"", ""h1_atr_change_4"", ""h1_slope_atr_8"", ""h3_er_8"", ""h3_atr_change_4"", ""h3_slope_atr_8""]",UNEXPLAINED_DATA_GAP,MIDWEEK_SEGMENT_WARMUP,True,2021-04-30T03:45:00+00:00,2021-04-30T04:15:00+00:00,2021-04-29T00:00:00+00:00,2021-05-04T09:00:00+00:00
2021-04-30T16:51:17+00:00,2021-04-30T16:45:00+00:00,Friday,16,"[""h1_atr_change_4"", ""h3_er_8"", ""h3_atr_change_4"", ""h3_slope_atr_8""]",4.0,355,66.0,2021-04-30T00:00:00+00:00,67.0,16.0,5.0,"[""h1_atr_change_4"", ""h3_er_8"", ""h3_atr_change_4"", ""h3_slope_atr_8""]",UNEXPLAINED_DATA_GAP,MIDWEEK_SEGMENT_WARMUP,True,2021-04-30T16:30:00+00:00,2021-04-30T17:00:00+00:00,2021-04-29T00:00:00+00:00,2021-05-04T09:00:00+00:00
2021-05-04T03:09:29+00:00,2021-05-04T03:00:00+00:00,Tuesday,3,"[""h3_atr_change_4""]",1.0,356,203.0,2021-05-02T00:00:00+00:00,204.0,51.0,17.0,"[""h3_atr_change_4""]",UNEXPLAINED_DATA_GAP,WEEKLY_SEGMENT_WARMUP,True,2021-05-04T02:45:00+00:00,2021-05-04T03:15:00+00:00,2021-04-29T00:00:00+00:00,2021-05-04T09:00:00+00:00
2021-05-07T22:00:04+00:00,2021-05-07T22:00:00+00:00,Friday,22,,,,,,,,,,,SOURCE_BAR_GAP,True,2021-05-07T21:00:00+00:00,2021-05-09T00:15:00+00:00,2021-05-07T21:00:00+00:00,2021-05-11T09:00:00+00:00
2021-05-10T04:23:38+00:00,2021-05-10T04:15:00+00:00,Monday,4,"[""h3_atr_change_4"", ""h3_slope_atr_8""]",2.0,357,112.0,2021-05-09T00:00:00+00:00,113.0,28.0,9.0,"[""h3_atr_change_4"", ""h3_slope_atr_8""]",UNEXPLAINED_DATA_GAP,WEEKLY_SEGMENT_WARMUP,True,2021-05-10T04:00:00+00:00,2021-05-10T04:30:00+00:00,2021-05-07T21:00:00+00:00,2021-05-11T09:00:00+00:00
2021-05-10T10:13:28+00:00,2021-05-10T10:00:00+00:00,Monday,10,"[""h3_atr_change_4"", ""h3_slope_atr_8""]",2.0,357,135.0,2021-05-09T00:00:00+00:00,136.0,34.0,11.0,"[""h3_atr_change_4"", ""h3_slope_atr_8""]",UNEXPLAINED_DATA_GAP,WEEKLY_SEGMENT_WARMUP,True,2021-05-10T09:45:00+00:00,2021-05-10T10:15:00+00:00,2021-05-07T21:00:00+00:00,2021-05-11T09:00:00+00:00
2021-05-10T14:30:38+00:00,2021-05-10T14:30:00+00:00,Monday,14,"[""h3_atr_change_4"", ""h3_slope_atr_8""]",2.0,357,153.0,2021-05-09T00:00:00+00:00,154.0,38.0,12.0,"[""h3_atr_change_4"", ""h3_slope_atr_8""]",UNEXPLAINED_DATA_GAP,WEEKLY_SEGMENT_WARMUP,True,2021-05-10T14:15:00+00:00,2021-05-10T14:45:00+00:00,2021-05-07T21:00:00+00:00,2021-05-11T09:00:00+00:00
2021-05-10T16:40:59+00:00,2021-05-10T16:30:00+00:00,Monday,16,"[""h3_atr_change_4"", ""h3_slope_atr_8""]",2.0,357,161.0,2021-05-09T00:00:00+00:00,162.0,40.0,13.0,"[""h3_atr_change_4"", ""h3_slope_atr_8""]",UNEXPLAINED_DATA_GAP,WEEKLY_SEGMENT_WARMUP,True,2021-05-10T16:15:00+00:00,2021-05-10T16:45:00+00:00,2021-05-07T21:00:00+00:00,2021-05-11T09:00:00+00:00
2021-05-10T19:13:35+00:00,2021-05-10T19:00:00+00:00,Monday,19,"[""h3_atr_change_4"", ""h3_slope_atr_8""]",2.0,357,171.0,2021-05-09T00:00:00+00:00,172.0,43.0,14.0,"[""h3_atr_change_4"", ""h3_slope_atr_8""]",UNEXPLAINED_DATA_GAP,WEEKLY_SEGMENT_WARMUP,True,2021-05-10T18:45:00+00:00,2021-05-10T19:15:00+00:00,2021-05-07T21:00:00+00:00,2021-05-11T09:00:00+00:00
2021-05-12T13:49:22+00:00,2021-05-12T13:45:00+00:00,Wednesday,13,,,,,,,,,,,SOURCE_BAR_GAP,True,2021-05-12T00:00:00+00:00,2021-05-14T00:15:00+00:00,2021-05-12T00:00:00+00:00,2021-05-18T09:00:00+00:00
2021-05-12T16:18:27+00:00,2021-05-12T16:15:00+00:00,Wednesday,16,,,,,,,,,,,SOURCE_BAR_GAP,True,2021-05-12T00:00:00+00:00,2021-05-14T00:15:00+00:00,2021-05-12T00:00:00+00:00,2021-05-18T09:00:00+00:00
2021-05-13T11:49:46+00:00,2021-05-13T11:45:00+00:00,Thursday,11,,,,,,,,,,,SOURCE_BAR_GAP,True,2021-05-12T00:00:00+00:00,2021-05-14T00:15:00+00:00,2021-05-12T00:00:00+00:00,2021-05-18T09:00:00+00:00
2021-05-14T13:30:15+00:00,2021-05-14T13:30:00+00:00,Friday,13,"[""h1_atr_change_4"", ""h1_slope_atr_8"", ""h3_er_8"", ""h3_atr_change_4"", ""h3_slope_atr_8""]",5.0,358,53.0,2021-05-14T00:00:00+00:00,54.0,13.0,4.0,"[""h1_atr_change_4"", ""h1_slope_atr_8"", ""h3_er_8"", ""h3_atr_change_4"", ""h3_slope_atr_8""]",UNEXPLAINED_DATA_GAP,MIDWEEK_SEGMENT_WARMUP,True,2021-05-14T13:15:00+00:00,2021-05-14T13:45:00+00:00,2021-05-12T00:00:00+00:00,2021-05-18T09:00:00+00:00
2021-05-17T07:28:36+00:00,2021-05-17T07:15:00+00:00,Monday,7,"[""h3_atr_change_4"", ""h3_slope_atr_8""]",2.0,359,124.0,2021-05-16T00:00:00+00:00,125.0,31.0,10.0,"[""h3_atr_change_4"", ""h3_slope_atr_8""]",UNEXPLAINED_DATA_GAP,WEEKLY_SEGMENT_WARMUP,True,2021-05-17T07:00:00+00:00,2021-05-17T07:30:00+00:00,2021-05-12T00:00:00+00:00,2021-05-18T09:00:00+00:00
2021-05-24T07:33:59+00:00,2021-05-24T07:30:00+00:00,Monday,7,"[""h3_atr_change_4"", ""h3_slope_atr_8""]",2.0,360,125.0,2021-05-23T00:00:00+00:00,126.0,31.0,10.0,"[""h3_atr_change_4"", ""h3_slope_atr_8""]",UNEXPLAINED_DATA_GAP,WEEKLY_SEGMENT_WARMUP,True,2021-05-24T07:15:00+00:00,2021-05-24T07:45:00+00:00,2021-05-21T21:00:00+00:00,2021-05-25T09:00:00+00:00
2021-05-24T16:03:37+00:00,2021-05-24T16:00:00+00:00,Monday,16,"[""h3_atr_change_4"", ""h3_slope_atr_8""]",2.0,360,159.0,2021-05-23T00:00:00+00:00,160.0,40.0,13.0,"[""h3_atr_change_4"", ""h3_slope_atr_8""]",UNEXPLAINED_DATA_GAP,WEEKLY_SEGMENT_WARMUP,True,2021-05-24T15:45:00+00:00,2021-05-24T16:15:00+00:00,2021-05-21T21:00:00+00:00,2021-05-25T09:00:00+00:00
2021-05-24T19:01:59+00:00,2021-05-24T19:00:00+00:00,Monday,19,"[""h3_atr_change_4"", ""h3_slope_atr_8""]",2.0,360,171.0,2021-05-23T00:00:00+00:00,172.0,43.0,14.0,"[""h3_atr_change_4"", ""h3_slope_atr_8""]",UNEXPLAINED_DATA_GAP,WEEKLY_SEGMENT_WARMUP,True,2021-05-24T18:45:00+00:00,2021-05-24T19:15:00+00:00,2021-05-21T21:00:00+00:00,2021-05-25T09:00:00+00:00
2021-05-28T02:43:30+00:00,2021-05-28T02:30:00+00:00,Friday,2,,,,,,,,,,,SOURCE_BAR_GAP,True,2021-05-28T00:00:00+00:00,2021-05-30T00:15:00+00:00,2021-05-28T00:00:00+00:00,2021-06-01T09:00:00+00:00
2021-05-28T13:46:17+00:00,2021-05-28T13:45:00+00:00,Friday,13,,,,,,,,,,,SOURCE_BAR_GAP,True,2021-05-28T00:00:00+00:00,2021-05-30T00:15:00+00:00,2021-05-28T00:00:00+00:00,2021-06-01T09:00:00+00:00
2021-05-28T23:14:05+00:00,2021-05-28T23:00:00+00:00,Friday,23,,,,,,,,,,,SOURCE_BAR_GAP,True,2021-05-28T00:00:00+00:00,2021-05-30T00:15:00+00:00,2021-05-28T00:00:00+00:00,2021-06-01T09:00:00+00:00
2021-05-31T09:44:35+00:00,2021-05-31T09:30:00+00:00,Monday,9,"[""h3_atr_change_4"", ""h3_slope_atr_8""]",2.0,361,133.0,2021-05-30T00:00:00+00:00,134.0,33.0,11.0,"[""h3_atr_change_4"", ""h3_slope_atr_8""]",UNEXPLAINED_DATA_GAP,MIDWEEK_SEGMENT_WARMUP,True,2021-05-31T09:15:00+00:00,2021-05-31T09:45:00+00:00,2021-05-28T00:00:00+00:00,2021-06-01T09:00:00+00:00
2021-05-31T22:46:00+00:00,2021-05-31T22:45:00+00:00,Monday,22,"[""h3_atr_change_4""]",1.0,361,186.0,2021-05-30T00:00:00+00:00,187.0,46.0,15.0,"[""h3_atr_change_4""]",UNEXPLAINED_DATA_GAP,MIDWEEK_SEGMENT_WARMUP,True,2021-05-31T22:30:00+00:00,2021-05-31T23:00:00+00:00,2021-05-28T00:00:00+00:00,2021-06-01T09:00:00+00:00
2021-06-01T07:03:33+00:00,2021-06-01T07:00:00+00:00,Tuesday,7,"[""h3_atr_change_4""]",1.0,361,219.0,2021-05-30T00:00:00+00:00,220.0,55.0,18.0,"[""h3_atr_change_4""]",UNEXPLAINED_DATA_GAP,MIDWEEK_SEGMENT_WARMUP,True,2021-06-01T06:45:00+00:00,2021-06-01T07:15:00+00:00,2021-05-28T00:00:00+00:00,2021-06-01T09:00:00+00:00
2021-06-07T04:31:04+00:00,2021-06-07T04:30:00+00:00,Monday,4,"[""h3_atr_change_4"", ""h3_slope_atr_8""]",2.0,362,113.0,2021-06-06T00:00:00+00:00,114.0,28.0,9.0,"[""h3_atr_change_4"", ""h3_slope_atr_8""]",UNEXPLAINED_DATA_GAP,WEEKLY_SEGMENT_WARMUP,True,2021-06-07T04:15:00+00:00,2021-06-07T04:45:00+00:00,2021-06-04T21:00:00+00:00,2021-06-11T09:00:00+00:00
2021-06-07T07:00:14+00:00,2021-06-07T07:00:00+00:00,Monday,7,"[""h3_atr_change_4"", ""h3_slope_atr_8""]",2.0,362,123.0,2021-06-06T00:00:00+00:00,124.0,31.0,10.0,"[""h3_atr_change_4"", ""h3_slope_atr_8""]",UNEXPLAINED_DATA_GAP,WEEKLY_SEGMENT_WARMUP,True,2021-06-07T06:45:00+00:00,2021-06-07T07:15:00+00:00,2021-06-04T21:00:00+00:00,2021-06-11T09:00:00+00:00
2021-06-07T23:29:31+00:00,2021-06-07T23:15:00+00:00,Monday,23,"[""h3_atr_change_4""]",1.0,362,188.0,2021-06-06T00:00:00+00:00,189.0,47.0,15.0,"[""h3_atr_change_4""]",UNEXPLAINED_DATA_GAP,WEEKLY_SEGMENT_WARMUP,True,2021-06-07T23:00:00+00:00,2021-06-07T23:30:00+00:00,2021-06-04T21:00:00+00:00,2021-06-11T09:00:00+00:00
2021-06-09T17:50:32+00:00,2021-06-09T17:45:00+00:00,Wednesday,17,"[""h1_atr_change_4"", ""h3_er_8"", ""h3_atr_change_4"", ""h3_slope_atr_8""]",4.0,363,70.0,2021-06-09T00:00:00+00:00,71.0,17.0,5.0,"[""h1_atr_change_4"", ""h3_er_8"", ""h3_atr_change_4"", ""h3_slope_atr_8""]",UNEXPLAINED_DATA_GAP,MIDWEEK_SEGMENT_WARMUP,True,2021-06-09T17:30:00+00:00,2021-06-09T18:00:00+00:00,2021-06-04T21:00:00+00:00,2021-06-11T09:00:00+00:00
2021-06-10T16:28:38+00:00,2021-06-10T16:15:00+00:00,Thursday,16,"[""h3_atr_change_4"", ""h3_slope_atr_8""]",2.0,363,160.0,2021-06-09T00:00:00+00:00,161.0,40.0,13.0,"[""h3_atr_change_4"", ""h3_slope_atr_8""]",UNEXPLAINED_DATA_GAP,MIDWEEK_SEGMENT_WARMUP,True,2021-06-10T16:00:00+00:00,2021-06-10T16:30:00+00:00,2021-06-04T21:00:00+00:00,2021-06-11T09:00:00+00:00
2021-06-10T22:56:35+00:00,2021-06-10T22:45:00+00:00,Thursday,22,"[""h3_atr_change_4""]",1.0,363,186.0,2021-06-09T00:00:00+00:00,187.0,46.0,15.0,"[""h3_atr_change_4""]",UNEXPLAINED_DATA_GAP,MIDWEEK_SEGMENT_WARMUP,True,2021-06-10T22:30:00+00:00,2021-06-10T23:00:00+00:00,2021-06-04T21:00:00+00:00,2021-06-11T09:00:00+00:00
2021-06-14T07:01:36+00:00,2021-06-14T07:00:00+00:00,Monday,7,"[""h3_atr_change_4"", ""h3_slope_atr_8""]",2.0,364,123.0,2021-06-13T00:00:00+00:00,124.0,31.0,10.0,"[""h3_atr_change_4"", ""h3_slope_atr_8""]",UNEXPLAINED_DATA_GAP,WEEKLY_SEGMENT_WARMUP,True,2021-06-14T06:45:00+00:00,2021-06-14T07:15:00+00:00,2021-06-11T21:00:00+00:00,2021-06-15T09:00:00+00:00
2021-06-14T10:11:59+00:00,2021-06-14T10:00:00+00:00,Monday,10,"[""h3_atr_change_4"", ""h3_slope_atr_8""]",2.0,364,135.0,2021-06-13T00:00:00+00:00,136.0,34.0,11.0,"[""h3_atr_change_4"", ""h3_slope_atr_8""]",UNEXPLAINED_DATA_GAP,WEEKLY_SEGMENT_WARMUP,True,2021-06-14T09:45:00+00:00,2021-06-14T10:15:00+00:00,2021-06-11T21:00:00+00:00,2021-06-15T09:00:00+00:00
2021-06-15T03:03:13+00:00,2021-06-15T03:00:00+00:00,Tuesday,3,"[""h3_atr_change_4""]",1.0,364,203.0,2021-06-13T00:00:00+00:00,204.0,51.0,17.0,"[""h3_atr_change_4""]",UNEXPLAINED_DATA_GAP,WEEKLY_SEGMENT_WARMUP,True,2021-06-15T02:45:00+00:00,2021-06-15T03:15:00+00:00,2021-06-11T21:00:00+00:00,2021-06-15T09:00:00+00:00
2021-06-15T04:00:04+00:00,2021-06-15T04:00:00+00:00,Tuesday,4,"[""h3_atr_change_4""]",1.0,364,207.0,2021-06-13T00:00:00+00:00,208.0,52.0,17.0,"[""h3_atr_change_4""]",UNEXPLAINED_DATA_GAP,WEEKLY_SEGMENT_WARMUP,True,2021-06-15T03:45:00+00:00,2021-06-15T04:15:00+00:00,2021-06-11T21:00:00+00:00,2021-06-15T09:00:00+00:00
2021-06-18T22:00:31+00:00,2021-06-18T22:00:00+00:00,Friday,22,,,,,,,,,,,SOURCE_BAR_GAP,True,2021-06-18T21:00:00+00:00,2021-06-20T00:15:00+00:00,2021-06-18T21:00:00+00:00,2021-06-22T09:00:00+00:00
2021-06-21T06:16:31+00:00,2021-06-21T06:15:00+00:00,Monday,6,"[""h3_atr_change_4"", ""h3_slope_atr_8""]",2.0,365,120.0,2021-06-20T00:00:00+00:00,121.0,30.0,10.0,"[""h3_atr_change_4"", ""h3_slope_atr_8""]",UNEXPLAINED_DATA_GAP,WEEKLY_SEGMENT_WARMUP,True,2021-06-21T06:00:00+00:00,2021-06-21T06:30:00+00:00,2021-06-18T21:00:00+00:00,2021-06-22T09:00:00+00:00
2021-06-22T07:57:59+00:00,2021-06-22T07:45:00+00:00,Tuesday,7,"[""h3_atr_change_4""]",1.0,365,222.0,2021-06-20T00:00:00+00:00,223.0,55.0,18.0,"[""h3_atr_change_4""]",UNEXPLAINED_DATA_GAP,WEEKLY_SEGMENT_WARMUP,True,2021-06-22T07:30:00+00:00,2021-06-22T08:00:00+00:00,2021-06-18T21:00:00+00:00,2021-06-22T09:00:00+00:00
2021-06-28T04:00:36+00:00,2021-06-28T04:00:00+00:00,Monday,4,"[""h3_atr_change_4"", ""h3_slope_atr_8""]",2.0,366,111.0,2021-06-27T00:00:00+00:00,112.0,28.0,9.0,"[""h3_atr_change_4"", ""h3_slope_atr_8""]",UNEXPLAINED_DATA_GAP,WEEKLY_SEGMENT_WARMUP,True,2021-06-28T03:45:00+00:00,2021-06-28T04:15:00+00:00,2021-06-25T21:00:00+00:00,2021-06-29T09:00:00+00:00
2021-06-28T14:31:21+00:00,2021-06-28T14:30:00+00:00,Monday,14,"[""h3_atr_change_4"", ""h3_slope_atr_8""]",2.0,366,153.0,2021-06-27T00:00:00+00:00,154.0,38.0,12.0,"[""h3_atr_change_4"", ""h3_slope_atr_8""]",UNEXPLAINED_DATA_GAP,WEEKLY_SEGMENT_WARMUP,True,2021-06-28T14:15:00+00:00,2021-06-28T14:45:00+00:00,2021-06-25T21:00:00+00:00,2021-06-29T09:00:00+00:00
2021-06-29T03:37:00+00:00,2021-06-29T03:30:00+00:00,Tuesday,3,"[""h3_atr_change_4""]",1.0,366,205.0,2021-06-27T00:00:00+00:00,206.0,51.0,17.0,"[""h3_atr_change_4""]",UNEXPLAINED_DATA_GAP,WEEKLY_SEGMENT_WARMUP,True,2021-06-29T03:15:00+00:00,2021-06-29T03:45:00+00:00,2021-06-25T21:00:00+00:00,2021-06-29T09:00:00+00:00
2021-07-05T23:38:15+00:00,2021-07-05T23:30:00+00:00,Monday,23,"[""h3_atr_change_4""]",1.0,367,189.0,2021-07-04T00:00:00+00:00,190.0,47.0,15.0,"[""h3_atr_change_4""]",UNEXPLAINED_DATA_GAP,WEEKLY_SEGMENT_WARMUP,True,2021-07-05T23:15:00+00:00,2021-07-05T23:45:00+00:00,2021-07-02T21:00:00+00:00,2021-07-06T09:00:00+00:00
2021-07-06T04:02:00+00:00,2021-07-06T04:00:00+00:00,Tuesday,4,"[""h3_atr_change_4""]",1.0,367,207.0,2021-07-04T00:00:00+00:00,208.0,52.0,17.0,"[""h3_atr_change_4""]",UNEXPLAINED_DATA_GAP,WEEKLY_SEGMENT_WARMUP,True,2021-07-06T03:45:00+00:00,2021-07-06T04:15:00+00:00,2021-07-02T21:00:00+00:00,2021-07-06T09:00:00+00:00
2021-07-08T22:04:05+00:00,2021-07-08T22:00:00+00:00,Thursday,22,,,,,,,,,,,SOURCE_BAR_GAP,True,2021-07-08T00:00:00+00:00,2021-07-09T00:15:00+00:00,2021-07-08T00:00:00+00:00,2021-07-16T09:00:00+00:00
2021-07-09T04:55:27+00:00,2021-07-09T04:45:00+00:00,Friday,4,"[""atr_change_8"", ""h1_er_8"", ""h1_atr_change_4"", ""h1_slope_atr_8"", ""h3_er_8"", ""h3_atr_change_4"", ""h3_slope_atr_8""]",7.0,368,18.0,2021-07-09T00:00:00+00:00,19.0,4.0,1.0,"[""atr_change_8"", ""h1_er_8"", ""h1_atr_change_4"", ""h1_slope_atr_8"", ""h3_er_8"", ""h3_atr_change_4"", ""h3_slope_atr_8""]",UNEXPLAINED_DATA_GAP,MIDWEEK_SEGMENT_WARMUP,True,2021-07-09T04:30:00+00:00,2021-07-09T05:00:00+00:00,2021-07-08T00:00:00+00:00,2021-07-16T09:00:00+00:00
2021-07-12T04:38:29+00:00,2021-07-12T04:30:00+00:00,Monday,4,"[""h3_atr_change_4"", ""h3_slope_atr_8""]",2.0,369,113.0,2021-07-11T00:00:00+00:00,114.0,28.0,9.0,"[""h3_atr_change_4"", ""h3_slope_atr_8""]",UNEXPLAINED_DATA_GAP,WEEKLY_SEGMENT_WARMUP,True,2021-07-12T04:15:00+00:00,2021-07-12T04:45:00+00:00,2021-07-08T00:00:00+00:00,2021-07-16T09:00:00+00:00
2021-07-12T13:57:35+00:00,2021-07-12T13:45:00+00:00,Monday,13,"[""h3_atr_change_4"", ""h3_slope_atr_8""]",2.0,369,150.0,2021-07-11T00:00:00+00:00,151.0,37.0,12.0,"[""h3_atr_change_4"", ""h3_slope_atr_8""]",UNEXPLAINED_DATA_GAP,WEEKLY_SEGMENT_WARMUP,True,2021-07-12T13:30:00+00:00,2021-07-12T14:00:00+00:00,2021-07-08T00:00:00+00:00,2021-07-16T09:00:00+00:00
2021-07-12T16:05:17+00:00,2021-07-12T16:00:00+00:00,Monday,16,"[""h3_atr_change_4"", ""h3_slope_atr_8""]",2.0,369,159.0,2021-07-11T00:00:00+00:00,160.0,40.0,13.0,"[""h3_atr_change_4"", ""h3_slope_atr_8""]",UNEXPLAINED_DATA_GAP,WEEKLY_SEGMENT_WARMUP,True,2021-07-12T15:45:00+00:00,2021-07-12T16:15:00+00:00,2021-07-08T00:00:00+00:00,2021-07-16T09:00:00+00:00
2021-07-12T22:01:06+00:00,2021-07-12T22:00:00+00:00,Monday,22,"[""h3_atr_change_4""]",1.0,369,183.0,2021-07-11T00:00:00+00:00,184.0,46.0,15.0,"[""h3_atr_change_4""]",UNEXPLAINED_DATA_GAP,WEEKLY_SEGMENT_WARMUP,True,2021-07-12T21:45:00+00:00,2021-07-12T22:15:00+00:00,2021-07-08T00:00:00+00:00,2021-07-16T09:00:00+00:00
2021-07-13T07:57:35+00:00,2021-07-13T07:45:00+00:00,Tuesday,7,,,,,,,,,,,SOURCE_BAR_GAP,True,2021-07-13T00:00:00+00:00,2021-07-14T00:15:00+00:00,2021-07-08T00:00:00+00:00,2021-07-16T09:00:00+00:00
2021-07-13T21:00:14+00:00,2021-07-13T21:00:00+00:00,Tuesday,21,,,,,,,,,,,SOURCE_BAR_GAP,True,2021-07-13T00:00:00+00:00,2021-07-14T00:15:00+00:00,2021-07-08T00:00:00+00:00,2021-07-16T09:00:00+00:00
2021-07-15T04:47:06+00:00,2021-07-15T04:45:00+00:00,Thursday,4,"[""h3_atr_change_4"", ""h3_slope_atr_8""]",2.0,370,114.0,2021-07-14T00:00:00+00:00,115.0,28.0,9.0,"[""h3_atr_change_4"", ""h3_slope_atr_8""]",UNEXPLAINED_DATA_GAP,MIDWEEK_SEGMENT_WARMUP,True,2021-07-15T04:30:00+00:00,2021-07-15T05:00:00+00:00,2021-07-08T00:00:00+00:00,2021-07-16T09:00:00+00:00
2021-07-15T10:29:15+00:00,2021-07-15T10:15:00+00:00,Thursday,10,"[""h3_atr_change_4"", ""h3_slope_atr_8""]",2.0,370,136.0,2021-07-14T00:00:00+00:00,137.0,34.0,11.0,"[""h3_atr_change_4"", ""h3_slope_atr_8""]",UNEXPLAINED_DATA_GAP,MIDWEEK_SEGMENT_WARMUP,True,2021-07-15T10:00:00+00:00,2021-07-15T10:30:00+00:00,2021-07-08T00:00:00+00:00,2021-07-16T09:00:00+00:00
2021-07-15T13:30:37+00:00,2021-07-15T13:30:00+00:00,Thursday,13,"[""h3_atr_change_4"", ""h3_slope_atr_8""]",2.0,370,149.0,2021-07-14T00:00:00+00:00,150.0,37.0,12.0,"[""h3_atr_change_4"", ""h3_slope_atr_8""]",UNEXPLAINED_DATA_GAP,MIDWEEK_SEGMENT_WARMUP,True,2021-07-15T13:15:00+00:00,2021-07-15T13:45:00+00:00,2021-07-08T00:00:00+00:00,2021-07-16T09:00:00+00:00
2021-07-20T04:03:35+00:00,2021-07-20T04:00:00+00:00,Tuesday,4,"[""h3_atr_change_4"", ""h3_slope_atr_8""]",2.0,371,111.0,2021-07-19T00:00:00+00:00,112.0,28.0,9.0,"[""h3_atr_change_4"", ""h3_slope_atr_8""]",EXPECTED_MARKET_GAP,WEEKLY_SEGMENT_WARMUP,True,2021-07-20T03:45:00+00:00,2021-07-20T04:15:00+00:00,2021-07-16T21:00:00+00:00,2021-07-21T09:00:00+00:00
2021-07-20T07:05:05+00:00,2021-07-20T07:00:00+00:00,Tuesday,7,"[""h3_atr_change_4"", ""h3_slope_atr_8""]",2.0,371,123.0,2021-07-19T00:00:00+00:00,124.0,31.0,10.0,"[""h3_atr_change_4"", ""h3_slope_atr_8""]",EXPECTED_MARKET_GAP,WEEKLY_SEGMENT_WARMUP,True,2021-07-20T06:45:00+00:00,2021-07-20T07:15:00+00:00,2021-07-16T21:00:00+00:00,2021-07-21T09:00:00+00:00
2021-07-21T01:00:35+00:00,2021-07-21T01:00:00+00:00,Wednesday,1,"[""h3_atr_change_4""]",1.0,371,195.0,2021-07-19T00:00:00+00:00,196.0,49.0,16.0,"[""h3_atr_change_4""]",EXPECTED_MARKET_GAP,WEEKLY_SEGMENT_WARMUP,True,2021-07-21T00:45:00+00:00,2021-07-21T01:15:00+00:00,2021-07-16T21:00:00+00:00,2021-07-21T09:00:00+00:00
2021-07-27T07:34:21+00:00,2021-07-27T07:30:00+00:00,Tuesday,7,"[""h3_atr_change_4""]",1.0,372,221.0,2021-07-25T00:00:00+00:00,222.0,55.0,18.0,"[""h3_atr_change_4""]",UNEXPLAINED_DATA_GAP,WEEKLY_SEGMENT_WARMUP,True,2021-07-27T07:15:00+00:00,2021-07-27T07:45:00+00:00,2021-07-23T21:00:00+00:00,2021-07-27T09:00:00+00:00
2021-08-02T04:45:34+00:00,2021-08-02T04:45:00+00:00,Monday,4,"[""h3_atr_change_4"", ""h3_slope_atr_8""]",2.0,373,114.0,2021-08-01T00:00:00+00:00,115.0,28.0,9.0,"[""h3_atr_change_4"", ""h3_slope_atr_8""]",UNEXPLAINED_DATA_GAP,WEEKLY_SEGMENT_WARMUP,True,2021-08-02T04:30:00+00:00,2021-08-02T05:00:00+00:00,2021-07-30T21:00:00+00:00,2021-08-03T09:00:00+00:00
2021-08-02T08:09:59+00:00,2021-08-02T08:00:00+00:00,Monday,8,"[""h3_atr_change_4"", ""h3_slope_atr_8""]",2.0,373,127.0,2021-08-01T00:00:00+00:00,128.0,32.0,10.0,"[""h3_atr_change_4"", ""h3_slope_atr_8""]",UNEXPLAINED_DATA_GAP,WEEKLY_SEGMENT_WARMUP,True,2021-08-02T07:45:00+00:00,2021-08-02T08:15:00+00:00,2021-07-30T21:00:00+00:00,2021-08-03T09:00:00+00:00
2021-08-02T19:00:24+00:00,2021-08-02T19:00:00+00:00,Monday,19,"[""h3_atr_change_4"", ""h3_slope_atr_8""]",2.0,373,171.0,2021-08-01T00:00:00+00:00,172.0,43.0,14.0,"[""h3_atr_change_4"", ""h3_slope_atr_8""]",UNEXPLAINED_DATA_GAP,WEEKLY_SEGMENT_WARMUP,True,2021-08-02T18:45:00+00:00,2021-08-02T19:15:00+00:00,2021-07-30T21:00:00+00:00,2021-08-03T09:00:00+00:00
2021-08-03T04:02:39+00:00,2021-08-03T04:00:00+00:00,Tuesday,4,"[""h3_atr_change_4""]",1.0,373,207.0,2021-08-01T00:00:00+00:00,208.0,52.0,17.0,"[""h3_atr_change_4""]",UNEXPLAINED_DATA_GAP,WEEKLY_SEGMENT_WARMUP,True,2021-08-03T03:45:00+00:00,2021-08-03T04:15:00+00:00,2021-07-30T21:00:00+00:00,2021-08-03T09:00:00+00:00
2021-08-09T10:00:01+00:00,2021-08-09T10:00:00+00:00,Monday,10,"[""h1_atr_change_4"", ""h1_slope_atr_8"", ""h3_er_8"", ""h3_atr_change_4"", ""h3_slope_atr_8""]",5.0,374,39.0,2021-08-09T00:00:00+00:00,40.0,10.0,3.0,"[""h1_atr_change_4"", ""h1_slope_atr_8"", ""h3_er_8"", ""h3_atr_change_4"", ""h3_slope_atr_8""]",EXPECTED_MARKET_GAP,WEEKLY_SEGMENT_WARMUP,True,2021-08-09T09:45:00+00:00,2021-08-09T10:15:00+00:00,2021-08-06T21:00:00+00:00,2021-08-11T09:00:00+00:00
2021-08-09T13:15:37+00:00,2021-08-09T13:15:00+00:00,Monday,13,"[""h1_atr_change_4"", ""h1_slope_atr_8"", ""h3_er_8"", ""h3_atr_change_4"", ""h3_slope_atr_8""]",5.0,374,52.0,2021-08-09T00:00:00+00:00,53.0,13.0,4.0,"[""h1_atr_change_4"", ""h1_slope_atr_8"", ""h3_er_8"", ""h3_atr_change_4"", ""h3_slope_atr_8""]",EXPECTED_MARKET_GAP,WEEKLY_SEGMENT_WARMUP,True,2021-08-09T13:00:00+00:00,2021-08-09T13:30:00+00:00,2021-08-06T21:00:00+00:00,2021-08-11T09:00:00+00:00
2021-08-09T16:02:31+00:00,2021-08-09T16:00:00+00:00,Monday,16,"[""h1_atr_change_4"", ""h3_er_8"", ""h3_atr_change_4"", ""h3_slope_atr_8""]",4.0,374,63.0,2021-08-09T00:00:00+00:00,64.0,16.0,5.0,"[""h1_atr_change_4"", ""h3_er_8"", ""h3_atr_change_4"", ""h3_slope_atr_8""]",EXPECTED_MARKET_GAP,WEEKLY_SEGMENT_WARMUP,True,2021-08-09T15:45:00+00:00,2021-08-09T16:15:00+00:00,2021-08-06T21:00:00+00:00,2021-08-11T09:00:00+00:00
2021-08-10T02:01:59+00:00,2021-08-10T02:00:00+00:00,Tuesday,2,"[""h3_er_8"", ""h3_atr_change_4"", ""h3_slope_atr_8""]",3.0,374,103.0,2021-08-09T00:00:00+00:00,104.0,26.0,8.0,"[""h3_er_8"", ""h3_atr_change_4"", ""h3_slope_atr_8""]",EXPECTED_MARKET_GAP,WEEKLY_SEGMENT_WARMUP,True,2021-08-10T01:45:00+00:00,2021-08-10T02:15:00+00:00,2021-08-06T21:00:00+00:00,2021-08-11T09:00:00+00:00
2021-08-10T10:00:24+00:00,2021-08-10T10:00:00+00:00,Tuesday,10,"[""h3_atr_change_4"", ""h3_slope_atr_8""]",2.0,374,135.0,2021-08-09T00:00:00+00:00,136.0,34.0,11.0,"[""h3_atr_change_4"", ""h3_slope_atr_8""]",EXPECTED_MARKET_GAP,WEEKLY_SEGMENT_WARMUP,True,2021-08-10T09:45:00+00:00,2021-08-10T10:15:00+00:00,2021-08-06T21:00:00+00:00,2021-08-11T09:00:00+00:00
2021-08-12T04:01:54+00:00,2021-08-12T04:00:00+00:00,Thursday,4,,,,,,,,,,,SOURCE_BAR_GAP,True,2021-08-12T00:00:00+00:00,2021-08-13T00:15:00+00:00,2021-08-12T00:00:00+00:00,2021-08-17T09:00:00+00:00
2021-08-12T09:57:31+00:00,2021-08-12T09:45:00+00:00,Thursday,9,,,,,,,,,,,SOURCE_BAR_GAP,True,2021-08-12T00:00:00+00:00,2021-08-13T00:15:00+00:00,2021-08-12T00:00:00+00:00,2021-08-17T09:00:00+00:00
2021-08-12T15:43:35+00:00,2021-08-12T15:30:00+00:00,Thursday,15,,,,,,,,,,,SOURCE_BAR_GAP,True,2021-08-12T00:00:00+00:00,2021-08-13T00:15:00+00:00,2021-08-12T00:00:00+00:00,2021-08-17T09:00:00+00:00
2021-08-12T16:00:17+00:00,2021-08-12T16:00:00+00:00,Thursday,16,,,,,,,,,,,SOURCE_BAR_GAP,True,2021-08-12T00:00:00+00:00,2021-08-13T00:15:00+00:00,2021-08-12T00:00:00+00:00,2021-08-17T09:00:00+00:00
2021-08-13T22:00:38+00:00,2021-08-13T22:00:00+00:00,Friday,22,,,,,,,,,,,SOURCE_BAR_GAP,True,2021-08-13T21:00:00+00:00,2021-08-15T00:15:00+00:00,2021-08-12T00:00:00+00:00,2021-08-17T09:00:00+00:00
2021-08-16T06:07:03+00:00,2021-08-16T06:00:00+00:00,Monday,6,"[""h3_atr_change_4"", ""h3_slope_atr_8""]",2.0,376,119.0,2021-08-15T00:00:00+00:00,120.0,30.0,10.0,"[""h3_atr_change_4"", ""h3_slope_atr_8""]",UNEXPLAINED_DATA_GAP,WEEKLY_SEGMENT_WARMUP,True,2021-08-16T05:45:00+00:00,2021-08-16T06:15:00+00:00,2021-08-12T00:00:00+00:00,2021-08-17T09:00:00+00:00
2021-08-23T10:30:37+00:00,2021-08-23T10:30:00+00:00,Monday,10,"[""h3_atr_change_4"", ""h3_slope_atr_8""]",2.0,377,137.0,2021-08-22T00:00:00+00:00,138.0,34.0,11.0,"[""h3_atr_change_4"", ""h3_slope_atr_8""]",UNEXPLAINED_DATA_GAP,WEEKLY_SEGMENT_WARMUP,True,2021-08-23T10:15:00+00:00,2021-08-23T10:45:00+00:00,2021-08-20T21:00:00+00:00,2021-08-24T09:00:00+00:00
2021-08-24T02:39:49+00:00,2021-08-24T02:30:00+00:00,Tuesday,2,"[""h3_atr_change_4""]",1.0,377,201.0,2021-08-22T00:00:00+00:00,202.0,50.0,16.0,"[""h3_atr_change_4""]",UNEXPLAINED_DATA_GAP,WEEKLY_SEGMENT_WARMUP,True,2021-08-24T02:15:00+00:00,2021-08-24T02:45:00+00:00,2021-08-20T21:00:00+00:00,2021-08-24T09:00:00+00:00
2021-08-30T07:00:22+00:00,2021-08-30T07:00:00+00:00,Monday,7,"[""h1_er_8"", ""h1_atr_change_4"", ""h1_slope_atr_8"", ""h3_er_8"", ""h3_atr_change_4"", ""h3_slope_atr_8""]",6.0,378,27.0,2021-08-30T00:00:00+00:00,28.0,7.0,2.0,"[""h1_er_8"", ""h1_atr_change_4"", ""h1_slope_atr_8"", ""h3_er_8"", ""h3_atr_change_4"", ""h3_slope_atr_8""]",EXPECTED_MARKET_GAP,WEEKLY_SEGMENT_WARMUP,True,2021-08-30T06:45:00+00:00,2021-08-30T07:15:00+00:00,2021-08-27T21:00:00+00:00,2021-09-01T09:00:00+00:00
2021-08-31T17:55:37+00:00,2021-08-31T17:45:00+00:00,Tuesday,17,"[""h3_atr_change_4"", ""h3_slope_atr_8""]",2.0,378,166.0,2021-08-30T00:00:00+00:00,167.0,41.0,13.0,"[""h3_atr_change_4"", ""h3_slope_atr_8""]",EXPECTED_MARKET_GAP,WEEKLY_SEGMENT_WARMUP,True,2021-08-31T17:30:00+00:00,2021-08-31T18:00:00+00:00,2021-08-27T21:00:00+00:00,2021-09-01T09:00:00+00:00
2021-09-03T23:28:08+00:00,2021-09-03T23:15:00+00:00,Friday,23,,,,,,,,,,,SOURCE_BAR_GAP,True,2021-09-03T21:00:00+00:00,2021-09-05T00:15:00+00:00,2021-09-03T21:00:00+00:00,2021-09-07T09:00:00+00:00
2021-09-06T04:12:59+00:00,2021-09-06T04:00:00+00:00,Monday,4,"[""h3_atr_change_4"", ""h3_slope_atr_8""]",2.0,379,111.0,2021-09-05T00:00:00+00:00,112.0,28.0,9.0,"[""h3_atr_change_4"", ""h3_slope_atr_8""]",UNEXPLAINED_DATA_GAP,WEEKLY_SEGMENT_WARMUP,True,2021-09-06T03:45:00+00:00,2021-09-06T04:15:00+00:00,2021-09-03T21:00:00+00:00,2021-09-07T09:00:00+00:00
2021-09-07T07:18:31+00:00,2021-09-07T07:15:00+00:00,Tuesday,7,"[""h3_atr_change_4""]",1.0,379,220.0,2021-09-05T00:00:00+00:00,221.0,55.0,18.0,"[""h3_atr_change_4""]",UNEXPLAINED_DATA_GAP,WEEKLY_SEGMENT_WARMUP,True,2021-09-07T07:00:00+00:00,2021-09-07T07:30:00+00:00,2021-09-03T21:00:00+00:00,2021-09-07T09:00:00+00:00
2021-09-13T07:03:33+00:00,2021-09-13T07:00:00+00:00,Monday,7,"[""h3_atr_change_4"", ""h3_slope_atr_8""]",2.0,380,123.0,2021-09-12T00:00:00+00:00,124.0,31.0,10.0,"[""h3_atr_change_4"", ""h3_slope_atr_8""]",UNEXPLAINED_DATA_GAP,WEEKLY_SEGMENT_WARMUP,True,2021-09-13T06:45:00+00:00,2021-09-13T07:15:00+00:00,2021-09-10T21:00:00+00:00,2021-09-14T09:00:00+00:00
2021-09-20T04:58:30+00:00,2021-09-20T04:45:00+00:00,Monday,4,"[""h3_atr_change_4"", ""h3_slope_atr_8""]",2.0,381,114.0,2021-09-19T00:00:00+00:00,115.0,28.0,9.0,"[""h3_atr_change_4"", ""h3_slope_atr_8""]",UNEXPLAINED_DATA_GAP,WEEKLY_SEGMENT_WARMUP,True,2021-09-20T04:30:00+00:00,2021-09-20T05:00:00+00:00,2021-09-17T21:00:00+00:00,2021-09-24T09:00:00+00:00
2021-09-21T04:01:26+00:00,2021-09-21T04:00:00+00:00,Tuesday,4,,,,,,,,,,,SOURCE_BAR_GAP,True,2021-09-21T00:00:00+00:00,2021-09-22T00:15:00+00:00,2021-09-17T21:00:00+00:00,2021-09-24T09:00:00+00:00
2021-09-21T10:00:05+00:00,2021-09-21T10:00:00+00:00,Tuesday,10,,,,,,,,,,,SOURCE_BAR_GAP,True,2021-09-21T00:00:00+00:00,2021-09-22T00:15:00+00:00,2021-09-17T21:00:00+00:00,2021-09-24T09:00:00+00:00
2021-09-21T16:09:14+00:00,2021-09-21T16:00:00+00:00,Tuesday,16,,,,,,,,,,,SOURCE_BAR_GAP,True,2021-09-21T00:00:00+00:00,2021-09-22T00:15:00+00:00,2021-09-17T21:00:00+00:00,2021-09-24T09:00:00+00:00
2021-09-22T21:00:00+00:00,2021-09-22T21:00:00+00:00,Wednesday,21,"[""h3_er_8"", ""h3_atr_change_4"", ""h3_slope_atr_8""]",3.0,382,83.0,2021-09-22T00:00:00+00:00,84.0,21.0,7.0,"[""h3_er_8"", ""h3_atr_change_4"", ""h3_slope_atr_8""]",UNEXPLAINED_DATA_GAP,MIDWEEK_SEGMENT_WARMUP,True,2021-09-22T20:45:00+00:00,2021-09-22T21:15:00+00:00,2021-09-17T21:00:00+00:00,2021-09-24T09:00:00+00:00
2021-09-23T01:00:28+00:00,2021-09-23T01:00:00+00:00,Thursday,1,"[""h3_er_8"", ""h3_atr_change_4"", ""h3_slope_atr_8""]",3.0,382,99.0,2021-09-22T00:00:00+00:00,100.0,25.0,8.0,"[""h3_er_8"", ""h3_atr_change_4"", ""h3_slope_atr_8""]",UNEXPLAINED_DATA_GAP,MIDWEEK_SEGMENT_WARMUP,True,2021-09-23T00:45:00+00:00,2021-09-23T01:15:00+00:00,2021-09-17T21:00:00+00:00,2021-09-24T09:00:00+00:00
2021-09-24T07:56:10+00:00,2021-09-24T07:45:00+00:00,Friday,7,"[""h3_atr_change_4""]",1.0,382,222.0,2021-09-22T00:00:00+00:00,223.0,55.0,18.0,"[""h3_atr_change_4""]",UNEXPLAINED_DATA_GAP,MIDWEEK_SEGMENT_WARMUP,True,2021-09-24T07:30:00+00:00,2021-09-24T08:00:00+00:00,2021-09-17T21:00:00+00:00,2021-09-24T09:00:00+00:00
2021-09-27T22:51:59+00:00,2021-09-27T22:45:00+00:00,Monday,22,"[""h3_atr_change_4""]",1.0,383,186.0,2021-09-26T00:00:00+00:00,187.0,46.0,15.0,"[""h3_atr_change_4""]",UNEXPLAINED_DATA_GAP,WEEKLY_SEGMENT_WARMUP,True,2021-09-27T22:30:00+00:00,2021-09-27T23:00:00+00:00,2021-09-24T21:00:00+00:00,2021-09-28T09:00:00+00:00
2021-10-04T06:37:25+00:00,2021-10-04T06:30:00+00:00,Monday,6,"[""h3_atr_change_4"", ""h3_slope_atr_8""]",2.0,384,121.0,2021-10-03T00:00:00+00:00,122.0,30.0,10.0,"[""h3_atr_change_4"", ""h3_slope_atr_8""]",UNEXPLAINED_DATA_GAP,WEEKLY_SEGMENT_WARMUP,True,2021-10-04T06:15:00+00:00,2021-10-04T06:45:00+00:00,2021-10-01T21:00:00+00:00,2021-10-05T09:00:00+00:00
2021-10-04T22:10:28+00:00,2021-10-04T22:00:00+00:00,Monday,22,"[""h3_atr_change_4""]",1.0,384,183.0,2021-10-03T00:00:00+00:00,184.0,46.0,15.0,"[""h3_atr_change_4""]",UNEXPLAINED_DATA_GAP,WEEKLY_SEGMENT_WARMUP,True,2021-10-04T21:45:00+00:00,2021-10-04T22:15:00+00:00,2021-10-01T21:00:00+00:00,2021-10-05T09:00:00+00:00
2021-10-05T03:24:59+00:00,2021-10-05T03:15:00+00:00,Tuesday,3,"[""h3_atr_change_4""]",1.0,384,204.0,2021-10-03T00:00:00+00:00,205.0,51.0,17.0,"[""h3_atr_change_4""]",UNEXPLAINED_DATA_GAP,WEEKLY_SEGMENT_WARMUP,True,2021-10-05T03:00:00+00:00,2021-10-05T03:30:00+00:00,2021-10-01T21:00:00+00:00,2021-10-05T09:00:00+00:00
2021-10-06T17:00:28+00:00,2021-10-06T17:00:00+00:00,Wednesday,17,,,,,,,,,,,SOURCE_BAR_GAP,True,2021-10-06T00:00:00+00:00,2021-10-07T00:15:00+00:00,2021-10-06T00:00:00+00:00,2021-10-12T09:00:00+00:00
2021-10-06T19:50:54+00:00,2021-10-06T19:45:00+00:00,Wednesday,19,,,,,,,,,,,SOURCE_BAR_GAP,True,2021-10-06T00:00:00+00:00,2021-10-07T00:15:00+00:00,2021-10-06T00:00:00+00:00,2021-10-12T09:00:00+00:00
2021-10-07T04:25:37+00:00,2021-10-07T04:15:00+00:00,Thursday,4,"[""atr_change_8"", ""h1_er_8"", ""h1_atr_change_4"", ""h1_slope_atr_8"", ""h3_er_8"", ""h3_atr_change_4"", ""h3_slope_atr_8""]",7.0,385,16.0,2021-10-07T00:00:00+00:00,17.0,4.0,1.0,"[""atr_change_8"", ""h1_er_8"", ""h1_atr_change_4"", ""h1_slope_atr_8"", ""h3_er_8"", ""h3_atr_change_4"", ""h3_slope_atr_8""]",UNEXPLAINED_DATA_GAP,MIDWEEK_SEGMENT_WARMUP,True,2021-10-07T04:00:00+00:00,2021-10-07T04:30:00+00:00,2021-10-06T00:00:00+00:00,2021-10-12T09:00:00+00:00
2021-10-07T08:29:04+00:00,2021-10-07T08:15:00+00:00,Thursday,8,"[""h1_er_8"", ""h1_atr_change_4"", ""h1_slope_atr_8"", ""h3_er_8"", ""h3_atr_change_4"", ""h3_slope_atr_8""]",6.0,385,32.0,2021-10-07T00:00:00+00:00,33.0,8.0,2.0,"[""h1_er_8"", ""h1_atr_change_4"", ""h1_slope_atr_8"", ""h3_er_8"", ""h3_atr_change_4"", ""h3_slope_atr_8""]",UNEXPLAINED_DATA_GAP,MIDWEEK_SEGMENT_WARMUP,True,2021-10-07T08:00:00+00:00,2021-10-07T08:30:00+00:00,2021-10-06T00:00:00+00:00,2021-10-12T09:00:00+00:00
2021-10-07T15:33:37+00:00,2021-10-07T15:30:00+00:00,Thursday,15,"[""h1_atr_change_4"", ""h3_er_8"", ""h3_atr_change_4"", ""h3_slope_atr_8""]",4.0,385,61.0,2021-10-07T00:00:00+00:00,62.0,15.0,5.0,"[""h1_atr_change_4"", ""h3_er_8"", ""h3_atr_change_4"", ""h3_slope_atr_8""]",UNEXPLAINED_DATA_GAP,MIDWEEK_SEGMENT_WARMUP,True,2021-10-07T15:15:00+00:00,2021-10-07T15:45:00+00:00,2021-10-06T00:00:00+00:00,2021-10-12T09:00:00+00:00
2021-10-07T16:03:34+00:00,2021-10-07T16:00:00+00:00,Thursday,16,"[""h1_atr_change_4"", ""h3_er_8"", ""h3_atr_change_4"", ""h3_slope_atr_8""]",4.0,385,63.0,2021-10-07T00:00:00+00:00,64.0,16.0,5.0,"[""h1_atr_change_4"", ""h3_er_8"", ""h3_atr_change_4"", ""h3_slope_atr_8""]",UNEXPLAINED_DATA_GAP,MIDWEEK_SEGMENT_WARMUP,True,2021-10-07T15:45:00+00:00,2021-10-07T16:15:00+00:00,2021-10-06T00:00:00+00:00,2021-10-12T09:00:00+00:00
2021-10-07T21:31:59+00:00,2021-10-07T21:30:00+00:00,Thursday,21,"[""h3_er_8"", ""h3_atr_change_4"", ""h3_slope_atr_8""]",3.0,385,85.0,2021-10-07T00:00:00+00:00,86.0,21.0,7.0,"[""h3_er_8"", ""h3_atr_change_4"", ""h3_slope_atr_8""]",UNEXPLAINED_DATA_GAP,MIDWEEK_SEGMENT_WARMUP,True,2021-10-07T21:15:00+00:00,2021-10-07T21:45:00+00:00,2021-10-06T00:00:00+00:00,2021-10-12T09:00:00+00:00
2021-10-08T04:23:05+00:00,2021-10-08T04:15:00+00:00,Friday,4,"[""h3_atr_change_4"", ""h3_slope_atr_8""]",2.0,385,112.0,2021-10-07T00:00:00+00:00,113.0,28.0,9.0,"[""h3_atr_change_4"", ""h3_slope_atr_8""]",UNEXPLAINED_DATA_GAP,MIDWEEK_SEGMENT_WARMUP,True,2021-10-08T04:00:00+00:00,2021-10-08T04:30:00+00:00,2021-10-06T00:00:00+00:00,2021-10-12T09:00:00+00:00
2021-10-08T16:20:27+00:00,2021-10-08T16:15:00+00:00,Friday,16,"[""h3_atr_change_4"", ""h3_slope_atr_8""]",2.0,385,160.0,2021-10-07T00:00:00+00:00,161.0,40.0,13.0,"[""h3_atr_change_4"", ""h3_slope_atr_8""]",UNEXPLAINED_DATA_GAP,MIDWEEK_SEGMENT_WARMUP,True,2021-10-08T16:00:00+00:00,2021-10-08T16:30:00+00:00,2021-10-06T00:00:00+00:00,2021-10-12T09:00:00+00:00
2021-10-08T19:01:39+00:00,2021-10-08T19:00:00+00:00,Friday,19,"[""h3_atr_change_4"", ""h3_slope_atr_8""]",2.0,385,171.0,2021-10-07T00:00:00+00:00,172.0,43.0,14.0,"[""h3_atr_change_4"", ""h3_slope_atr_8""]",UNEXPLAINED_DATA_GAP,MIDWEEK_SEGMENT_WARMUP,True,2021-10-08T18:45:00+00:00,2021-10-08T19:15:00+00:00,2021-10-06T00:00:00+00:00,2021-10-12T09:00:00+00:00
2021-10-11T06:02:11+00:00,2021-10-11T06:00:00+00:00,Monday,6,"[""h3_atr_change_4"", ""h3_slope_atr_8""]",2.0,386,119.0,2021-10-10T00:00:00+00:00,120.0,30.0,10.0,"[""h3_atr_change_4"", ""h3_slope_atr_8""]",UNEXPLAINED_DATA_GAP,WEEKLY_SEGMENT_WARMUP,True,2021-10-11T05:45:00+00:00,2021-10-11T06:15:00+00:00,2021-10-06T00:00:00+00:00,2021-10-12T09:00:00+00:00
2021-10-11T12:07:32+00:00,2021-10-11T12:00:00+00:00,Monday,12,"[""h3_atr_change_4"", ""h3_slope_atr_8""]",2.0,386,143.0,2021-10-10T00:00:00+00:00,144.0,36.0,12.0,"[""h3_atr_change_4"", ""h3_slope_atr_8""]",UNEXPLAINED_DATA_GAP,WEEKLY_SEGMENT_WARMUP,True,2021-10-11T11:45:00+00:00,2021-10-11T12:15:00+00:00,2021-10-06T00:00:00+00:00,2021-10-12T09:00:00+00:00
2021-10-12T02:00:14+00:00,2021-10-12T02:00:00+00:00,Tuesday,2,"[""h3_atr_change_4""]",1.0,386,199.0,2021-10-10T00:00:00+00:00,200.0,50.0,16.0,"[""h3_atr_change_4""]",UNEXPLAINED_DATA_GAP,WEEKLY_SEGMENT_WARMUP,True,2021-10-12T01:45:00+00:00,2021-10-12T02:15:00+00:00,2021-10-06T00:00:00+00:00,2021-10-12T09:00:00+00:00
2021-10-18T07:54:05+00:00,2021-10-18T07:45:00+00:00,Monday,7,"[""h3_atr_change_4"", ""h3_slope_atr_8""]",2.0,387,126.0,2021-10-17T00:00:00+00:00,127.0,31.0,10.0,"[""h3_atr_change_4"", ""h3_slope_atr_8""]",UNEXPLAINED_DATA_GAP,WEEKLY_SEGMENT_WARMUP,True,2021-10-18T07:30:00+00:00,2021-10-18T08:00:00+00:00,2021-10-15T21:00:00+00:00,2021-10-19T09:00:00+00:00
2021-10-22T15:00:16+00:00,2021-10-22T15:00:00+00:00,Friday,15,,,,,,,,,,,SOURCE_BAR_GAP,True,2021-10-22T00:00:00+00:00,2021-10-24T00:15:00+00:00,2021-10-22T00:00:00+00:00,2021-10-26T09:00:00+00:00
2021-10-22T18:21:29+00:00,2021-10-22T18:15:00+00:00,Friday,18,,,,,,,,,,,SOURCE_BAR_GAP,True,2021-10-22T00:00:00+00:00,2021-10-24T00:15:00+00:00,2021-10-22T00:00:00+00:00,2021-10-26T09:00:00+00:00
2021-10-22T19:10:25+00:00,2021-10-22T19:00:00+00:00,Friday,19,,,,,,,,,,,SOURCE_BAR_GAP,True,2021-10-22T00:00:00+00:00,2021-10-24T00:15:00+00:00,2021-10-22T00:00:00+00:00,2021-10-26T09:00:00+00:00
2021-10-25T12:39:40+00:00,2021-10-25T12:30:00+00:00,Monday,12,"[""h3_atr_change_4"", ""h3_slope_atr_8""]",2.0,388,145.0,2021-10-24T00:00:00+00:00,146.0,36.0,12.0,"[""h3_atr_change_4"", ""h3_slope_atr_8""]",UNEXPLAINED_DATA_GAP,MIDWEEK_SEGMENT_WARMUP,True,2021-10-25T12:15:00+00:00,2021-10-25T12:45:00+00:00,2021-10-22T00:00:00+00:00,2021-10-26T09:00:00+00:00
2021-11-02T02:32:25+00:00,2021-11-02T02:30:00+00:00,Tuesday,2,,,,,,,,,,,SOURCE_BAR_GAP,True,2021-11-02T00:00:00+00:00,2021-11-05T00:15:00+00:00,2021-10-29T21:00:00+00:00,2021-11-12T09:00:00+00:00
2021-11-02T11:49:34+00:00,2021-11-02T11:45:00+00:00,Tuesday,11,,,,,,,,,,,SOURCE_BAR_GAP,True,2021-11-02T00:00:00+00:00,2021-11-05T00:15:00+00:00,2021-10-29T21:00:00+00:00,2021-11-12T09:00:00+00:00
2021-11-02T13:16:59+00:00,2021-11-02T13:15:00+00:00,Tuesday,13,,,,,,,,,,,SOURCE_BAR_GAP,True,2021-11-02T00:00:00+00:00,2021-11-05T00:15:00+00:00,2021-10-29T21:00:00+00:00,2021-11-12T09:00:00+00:00
2021-11-02T16:56:34+00:00,2021-11-02T16:45:00+00:00,Tuesday,16,,,,,,,,,,,SOURCE_BAR_GAP,True,2021-11-02T00:00:00+00:00,2021-11-05T00:15:00+00:00,2021-10-29T21:00:00+00:00,2021-11-12T09:00:00+00:00
2021-11-02T22:52:16+00:00,2021-11-02T22:45:00+00:00,Tuesday,22,,,,,,,,,,,SOURCE_BAR_GAP,True,2021-11-02T00:00:00+00:00,2021-11-05T00:15:00+00:00,2021-10-29T21:00:00+00:00,2021-11-12T09:00:00+00:00
2021-11-03T10:00:04+00:00,2021-11-03T10:00:00+00:00,Wednesday,10,,,,,,,,,,,SOURCE_BAR_GAP,True,2021-11-02T00:00:00+00:00,2021-11-05T00:15:00+00:00,2021-10-29T21:00:00+00:00,2021-11-12T09:00:00+00:00
2021-11-03T16:15:23+00:00,2021-11-03T16:15:00+00:00,Wednesday,16,,,,,,,,,,,SOURCE_BAR_GAP,True,2021-11-02T00:00:00+00:00,2021-11-05T00:15:00+00:00,2021-10-29T21:00:00+00:00,2021-11-12T09:00:00+00:00
2021-11-03T19:01:27+00:00,2021-11-03T19:00:00+00:00,Wednesday,19,,,,,,,,,,,SOURCE_BAR_GAP,True,2021-11-02T00:00:00+00:00,2021-11-05T00:15:00+00:00,2021-10-29T21:00:00+00:00,2021-11-12T09:00:00+00:00
2021-11-04T04:00:26+00:00,2021-11-04T04:00:00+00:00,Thursday,4,,,,,,,,,,,SOURCE_BAR_GAP,True,2021-11-02T00:00:00+00:00,2021-11-05T00:15:00+00:00,2021-10-29T21:00:00+00:00,2021-11-12T09:00:00+00:00
2021-11-04T17:42:13+00:00,2021-11-04T17:30:00+00:00,Thursday,17,,,,,,,,,,,SOURCE_BAR_GAP,True,2021-11-02T00:00:00+00:00,2021-11-05T00:15:00+00:00,2021-10-29T21:00:00+00:00,2021-11-12T09:00:00+00:00
2021-11-05T02:00:38+00:00,2021-11-05T02:00:00+00:00,Friday,2,"[""er_16"", ""rv_16"", ""atr_change_1"", ""atr_change_8"", ""slope_atr_4"", ""slope_atr_16"", ""range_pos_16"", ""h1_er_8"", ""h1_atr_change_4"", ""h1_slope_atr_8"", ""h3_er_8"", ""h3_atr_change_4"", ""h3_slope_atr_8""]",13.0,390,7.0,2021-11-05T00:00:00+00:00,8.0,2.0,0.0,"[""er_16"", ""rv_16"", ""atr_change_1"", ""atr_change_8"", ""slope_atr_4"", ""slope_atr_16"", ""range_pos_16"", ""h1_er_8"", ""h1_atr_change_4"", ""h1_slope_atr_8"", ""h3_er_8"", ""h3_atr_change_4"", ""h3_slope_atr_8""]",UNEXPLAINED_DATA_GAP,MIDWEEK_SEGMENT_WARMUP,True,2021-11-05T01:45:00+00:00,2021-11-05T02:15:00+00:00,2021-10-29T21:00:00+00:00,2021-11-12T09:00:00+00:00
2021-11-05T14:33:48+00:00,2021-11-05T14:30:00+00:00,Friday,14,"[""h1_atr_change_4"", ""h1_slope_atr_8"", ""h3_er_8"", ""h3_atr_change_4"", ""h3_slope_atr_8""]",5.0,390,57.0,2021-11-05T00:00:00+00:00,58.0,14.0,4.0,"[""h1_atr_change_4"", ""h1_slope_atr_8"", ""h3_er_8"", ""h3_atr_change_4"", ""h3_slope_atr_8""]",UNEXPLAINED_DATA_GAP,MIDWEEK_SEGMENT_WARMUP,True,2021-11-05T14:15:00+00:00,2021-11-05T14:45:00+00:00,2021-10-29T21:00:00+00:00,2021-11-12T09:00:00+00:00
2021-11-08T09:32:37+00:00,2021-11-08T09:30:00+00:00,Monday,9,"[""h3_atr_change_4"", ""h3_slope_atr_8""]",2.0,391,133.0,2021-11-07T00:00:00+00:00,134.0,33.0,11.0,"[""h3_atr_change_4"", ""h3_slope_atr_8""]",UNEXPLAINED_DATA_GAP,WEEKLY_SEGMENT_WARMUP,True,2021-11-08T09:15:00+00:00,2021-11-08T09:45:00+00:00,2021-10-29T21:00:00+00:00,2021-11-12T09:00:00+00:00
2021-11-08T15:47:25+00:00,2021-11-08T15:45:00+00:00,Monday,15,"[""h3_atr_change_4"", ""h3_slope_atr_8""]",2.0,391,158.0,2021-11-07T00:00:00+00:00,159.0,39.0,13.0,"[""h3_atr_change_4"", ""h3_slope_atr_8""]",UNEXPLAINED_DATA_GAP,WEEKLY_SEGMENT_WARMUP,True,2021-11-08T15:30:00+00:00,2021-11-08T16:00:00+00:00,2021-10-29T21:00:00+00:00,2021-11-12T09:00:00+00:00
2021-11-09T02:16:41+00:00,2021-11-09T02:15:00+00:00,Tuesday,2,,,,,,,,,,,SOURCE_BAR_GAP,True,2021-11-09T00:00:00+00:00,2021-11-10T00:15:00+00:00,2021-10-29T21:00:00+00:00,2021-11-12T09:00:00+00:00
2021-11-09T13:57:39+00:00,2021-11-09T13:45:00+00:00,Tuesday,13,,,,,,,,,,,SOURCE_BAR_GAP,True,2021-11-09T00:00:00+00:00,2021-11-10T00:15:00+00:00,2021-10-29T21:00:00+00:00,2021-11-12T09:00:00+00:00
2021-11-10T02:09:59+00:00,2021-11-10T02:00:00+00:00,Wednesday,2,"[""er_16"", ""rv_16"", ""atr_change_1"", ""atr_change_8"", ""slope_atr_4"", ""slope_atr_16"", ""range_pos_16"", ""h1_er_8"", ""h1_atr_change_4"", ""h1_slope_atr_8"", ""h3_er_8"", ""h3_atr_change_4"", ""h3_slope_atr_8""]",13.0,392,7.0,2021-11-10T00:00:00+00:00,8.0,2.0,0.0,"[""er_16"", ""rv_16"", ""atr_change_1"", ""atr_change_8"", ""slope_atr_4"", ""slope_atr_16"", ""range_pos_16"", ""h1_er_8"", ""h1_atr_change_4"", ""h1_slope_atr_8"", ""h3_er_8"", ""h3_atr_change_4"", ""h3_slope_atr_8""]",UNEXPLAINED_DATA_GAP,MIDWEEK_SEGMENT_WARMUP,True,2021-11-10T01:45:00+00:00,2021-11-10T02:15:00+00:00,2021-10-29T21:00:00+00:00,2021-11-12T09:00:00+00:00
2021-11-10T15:30:39+00:00,2021-11-10T15:30:00+00:00,Wednesday,15,"[""h1_atr_change_4"", ""h3_er_8"", ""h3_atr_change_4"", ""h3_slope_atr_8""]",4.0,392,61.0,2021-11-10T00:00:00+00:00,62.0,15.0,5.0,"[""h1_atr_change_4"", ""h3_er_8"", ""h3_atr_change_4"", ""h3_slope_atr_8""]",UNEXPLAINED_DATA_GAP,MIDWEEK_SEGMENT_WARMUP,True,2021-11-10T15:15:00+00:00,2021-11-10T15:45:00+00:00,2021-10-29T21:00:00+00:00,2021-11-12T09:00:00+00:00
2021-11-10T17:23:30+00:00,2021-11-10T17:15:00+00:00,Wednesday,17,"[""h1_atr_change_4"", ""h3_er_8"", ""h3_atr_change_4"", ""h3_slope_atr_8""]",4.0,392,68.0,2021-11-10T00:00:00+00:00,69.0,17.0,5.0,"[""h1_atr_change_4"", ""h3_er_8"", ""h3_atr_change_4"", ""h3_slope_atr_8""]",UNEXPLAINED_DATA_GAP,MIDWEEK_SEGMENT_WARMUP,True,2021-11-10T17:00:00+00:00,2021-11-10T17:30:00+00:00,2021-10-29T21:00:00+00:00,2021-11-12T09:00:00+00:00
2021-11-11T04:55:13+00:00,2021-11-11T04:45:00+00:00,Thursday,4,"[""h3_atr_change_4"", ""h3_slope_atr_8""]",2.0,392,114.0,2021-11-10T00:00:00+00:00,115.0,28.0,9.0,"[""h3_atr_change_4"", ""h3_slope_atr_8""]",UNEXPLAINED_DATA_GAP,MIDWEEK_SEGMENT_WARMUP,True,2021-11-11T04:30:00+00:00,2021-11-11T05:00:00+00:00,2021-10-29T21:00:00+00:00,2021-11-12T09:00:00+00:00
2021-11-11T10:13:04+00:00,2021-11-11T10:00:00+00:00,Thursday,10,"[""h3_atr_change_4"", ""h3_slope_atr_8""]",2.0,392,135.0,2021-11-10T00:00:00+00:00,136.0,34.0,11.0,"[""h3_atr_change_4"", ""h3_slope_atr_8""]",UNEXPLAINED_DATA_GAP,MIDWEEK_SEGMENT_WARMUP,True,2021-11-11T09:45:00+00:00,2021-11-11T10:15:00+00:00,2021-10-29T21:00:00+00:00,2021-11-12T09:00:00+00:00
2021-11-11T11:05:38+00:00,2021-11-11T11:00:00+00:00,Thursday,11,"[""h3_atr_change_4"", ""h3_slope_atr_8""]",2.0,392,139.0,2021-11-10T00:00:00+00:00,140.0,35.0,11.0,"[""h3_atr_change_4"", ""h3_slope_atr_8""]",UNEXPLAINED_DATA_GAP,MIDWEEK_SEGMENT_WARMUP,True,2021-11-11T10:45:00+00:00,2021-11-11T11:15:00+00:00,2021-10-29T21:00:00+00:00,2021-11-12T09:00:00+00:00
2021-11-11T14:00:24+00:00,2021-11-11T14:00:00+00:00,Thursday,14,"[""h3_atr_change_4"", ""h3_slope_atr_8""]",2.0,392,151.0,2021-11-10T00:00:00+00:00,152.0,38.0,12.0,"[""h3_atr_change_4"", ""h3_slope_atr_8""]",UNEXPLAINED_DATA_GAP,MIDWEEK_SEGMENT_WARMUP,True,2021-11-11T13:45:00+00:00,2021-11-11T14:15:00+00:00,2021-10-29T21:00:00+00:00,2021-11-12T09:00:00+00:00
2021-11-11T17:00:32+00:00,2021-11-11T17:00:00+00:00,Thursday,17,"[""h3_atr_change_4"", ""h3_slope_atr_8""]",2.0,392,163.0,2021-11-10T00:00:00+00:00,164.0,41.0,13.0,"[""h3_atr_change_4"", ""h3_slope_atr_8""]",UNEXPLAINED_DATA_GAP,MIDWEEK_SEGMENT_WARMUP,True,2021-11-11T16:45:00+00:00,2021-11-11T17:15:00+00:00,2021-10-29T21:00:00+00:00,2021-11-12T09:00:00+00:00
2021-11-12T02:02:36+00:00,2021-11-12T02:00:00+00:00,Friday,2,"[""h3_atr_change_4""]",1.0,392,199.0,2021-11-10T00:00:00+00:00,200.0,50.0,16.0,"[""h3_atr_change_4""]",UNEXPLAINED_DATA_GAP,MIDWEEK_SEGMENT_WARMUP,True,2021-11-12T01:45:00+00:00,2021-11-12T02:15:00+00:00,2021-10-29T21:00:00+00:00,2021-11-12T09:00:00+00:00
2021-11-12T23:03:11+00:00,2021-11-12T23:00:00+00:00,Friday,23,,,,,,,,,,,SOURCE_BAR_GAP,True,2021-11-12T22:00:00+00:00,2021-11-14T00:15:00+00:00,2021-11-12T22:00:00+00:00,2021-11-16T09:00:00+00:00
2021-11-15T08:10:25+00:00,2021-11-15T08:00:00+00:00,Monday,8,"[""h3_atr_change_4"", ""h3_slope_atr_8""]",2.0,393,127.0,2021-11-14T00:00:00+00:00,128.0,32.0,10.0,"[""h3_atr_change_4"", ""h3_slope_atr_8""]",UNEXPLAINED_DATA_GAP,WEEKLY_SEGMENT_WARMUP,True,2021-11-15T07:45:00+00:00,2021-11-15T08:15:00+00:00,2021-11-12T22:00:00+00:00,2021-11-16T09:00:00+00:00
2021-11-22T20:51:24+00:00,2021-11-22T20:45:00+00:00,Monday,20,"[""h3_er_8"", ""h3_atr_change_4"", ""h3_slope_atr_8""]",3.0,394,82.0,2021-11-22T00:00:00+00:00,83.0,20.0,6.0,"[""h3_er_8"", ""h3_atr_change_4"", ""h3_slope_atr_8""]",EXPECTED_MARKET_GAP,WEEKLY_SEGMENT_WARMUP,True,2021-11-22T20:30:00+00:00,2021-11-22T21:00:00+00:00,2021-11-19T22:00:00+00:00,2021-11-24T09:00:00+00:00
2021-11-24T01:19:15+00:00,2021-11-24T01:15:00+00:00,Wednesday,1,"[""h3_atr_change_4""]",1.0,394,196.0,2021-11-22T00:00:00+00:00,197.0,49.0,16.0,"[""h3_atr_change_4""]",EXPECTED_MARKET_GAP,WEEKLY_SEGMENT_WARMUP,True,2021-11-24T01:00:00+00:00,2021-11-24T01:30:00+00:00,2021-11-19T22:00:00+00:00,2021-11-24T09:00:00+00:00
2021-11-29T07:00:04+00:00,2021-11-29T07:00:00+00:00,Monday,7,"[""h3_atr_change_4"", ""h3_slope_atr_8""]",2.0,395,123.0,2021-11-28T00:00:00+00:00,124.0,31.0,10.0,"[""h3_atr_change_4"", ""h3_slope_atr_8""]",UNEXPLAINED_DATA_GAP,WEEKLY_SEGMENT_WARMUP,True,2021-11-29T06:45:00+00:00,2021-11-29T07:15:00+00:00,2021-11-26T22:00:00+00:00,2021-11-30T09:00:00+00:00
2021-11-29T08:59:26+00:00,2021-11-29T08:45:00+00:00,Monday,8,"[""h3_atr_change_4"", ""h3_slope_atr_8""]",2.0,395,130.0,2021-11-28T00:00:00+00:00,131.0,32.0,10.0,"[""h3_atr_change_4"", ""h3_slope_atr_8""]",UNEXPLAINED_DATA_GAP,WEEKLY_SEGMENT_WARMUP,True,2021-11-29T08:30:00+00:00,2021-11-29T09:00:00+00:00,2021-11-26T22:00:00+00:00,2021-11-30T09:00:00+00:00
2021-11-29T16:02:27+00:00,2021-11-29T16:00:00+00:00,Monday,16,"[""h3_atr_change_4"", ""h3_slope_atr_8""]",2.0,395,159.0,2021-11-28T00:00:00+00:00,160.0,40.0,13.0,"[""h3_atr_change_4"", ""h3_slope_atr_8""]",UNEXPLAINED_DATA_GAP,WEEKLY_SEGMENT_WARMUP,True,2021-11-29T15:45:00+00:00,2021-11-29T16:15:00+00:00,2021-11-26T22:00:00+00:00,2021-11-30T09:00:00+00:00
2021-12-03T23:04:50+00:00,2021-12-03T23:00:00+00:00,Friday,23,,,,,,,,,,,SOURCE_BAR_GAP,True,2021-12-03T22:00:00+00:00,2021-12-05T00:15:00+00:00,2021-12-03T22:00:00+00:00,2021-12-07T09:00:00+00:00
2021-12-07T02:02:27+00:00,2021-12-07T02:00:00+00:00,Tuesday,2,"[""h3_atr_change_4""]",1.0,396,199.0,2021-12-05T00:00:00+00:00,200.0,50.0,16.0,"[""h3_atr_change_4""]",UNEXPLAINED_DATA_GAP,WEEKLY_SEGMENT_WARMUP,True,2021-12-07T01:45:00+00:00,2021-12-07T02:15:00+00:00,2021-12-03T22:00:00+00:00,2021-12-07T09:00:00+00:00
2021-12-10T23:12:08+00:00,2021-12-10T23:00:00+00:00,Friday,23,,,,,,,,,,,SOURCE_BAR_GAP,True,2021-12-10T22:00:00+00:00,2021-12-12T00:15:00+00:00,2021-12-10T22:00:00+00:00,2021-12-14T09:00:00+00:00
2021-12-13T14:00:01+00:00,2021-12-13T14:00:00+00:00,Monday,14,"[""h3_atr_change_4"", ""h3_slope_atr_8""]",2.0,397,151.0,2021-12-12T00:00:00+00:00,152.0,38.0,12.0,"[""h3_atr_change_4"", ""h3_slope_atr_8""]",UNEXPLAINED_DATA_GAP,WEEKLY_SEGMENT_WARMUP,True,2021-12-13T13:45:00+00:00,2021-12-13T14:15:00+00:00,2021-12-10T22:00:00+00:00,2021-12-14T09:00:00+00:00
2021-12-14T02:00:15+00:00,2021-12-14T02:00:00+00:00,Tuesday,2,"[""h3_atr_change_4""]",1.0,397,199.0,2021-12-12T00:00:00+00:00,200.0,50.0,16.0,"[""h3_atr_change_4""]",UNEXPLAINED_DATA_GAP,WEEKLY_SEGMENT_WARMUP,True,2021-12-14T01:45:00+00:00,2021-12-14T02:15:00+00:00,2021-12-10T22:00:00+00:00,2021-12-14T09:00:00+00:00
2021-12-21T02:00:34+00:00,2021-12-21T02:00:00+00:00,Tuesday,2,"[""er_16"", ""rv_16"", ""atr_change_1"", ""atr_change_8"", ""slope_atr_4"", ""slope_atr_16"", ""range_pos_16"", ""h1_er_8"", ""h1_atr_change_4"", ""h1_slope_atr_8"", ""h3_er_8"", ""h3_atr_change_4"", ""h3_slope_atr_8""]",13.0,399,7.0,2021-12-21T00:00:00+00:00,8.0,2.0,0.0,"[""er_16"", ""rv_16"", ""atr_change_1"", ""atr_change_8"", ""slope_atr_4"", ""slope_atr_16"", ""range_pos_16"", ""h1_er_8"", ""h1_atr_change_4"", ""h1_slope_atr_8"", ""h3_er_8"", ""h3_atr_change_4"", ""h3_slope_atr_8""]",UNEXPLAINED_DATA_GAP,MIDWEEK_SEGMENT_WARMUP,True,2021-12-21T01:45:00+00:00,2021-12-21T02:15:00+00:00,2021-12-17T22:00:00+00:00,2021-12-23T09:00:00+00:00
2021-12-22T04:35:25+00:00,2021-12-22T04:30:00+00:00,Wednesday,4,"[""h3_atr_change_4"", ""h3_slope_atr_8""]",2.0,399,113.0,2021-12-21T00:00:00+00:00,114.0,28.0,9.0,"[""h3_atr_change_4"", ""h3_slope_atr_8""]",UNEXPLAINED_DATA_GAP,MIDWEEK_SEGMENT_WARMUP,True,2021-12-22T04:15:00+00:00,2021-12-22T04:45:00+00:00,2021-12-17T22:00:00+00:00,2021-12-23T09:00:00+00:00
2021-12-23T00:49:35+00:00,2021-12-23T00:45:00+00:00,Thursday,0,"[""h3_atr_change_4""]",1.0,399,194.0,2021-12-21T00:00:00+00:00,195.0,48.0,16.0,"[""h3_atr_change_4""]",UNEXPLAINED_DATA_GAP,MIDWEEK_SEGMENT_WARMUP,True,2021-12-23T00:30:00+00:00,2021-12-23T01:00:00+00:00,2021-12-17T22:00:00+00:00,2021-12-23T09:00:00+00:00
2021-12-27T07:55:06+00:00,2021-12-27T07:45:00+00:00,Monday,7,"[""h3_atr_change_4"", ""h3_slope_atr_8""]",2.0,400,126.0,2021-12-26T00:00:00+00:00,127.0,31.0,10.0,"[""h3_atr_change_4"", ""h3_slope_atr_8""]",UNEXPLAINED_DATA_GAP,WEEKLY_SEGMENT_WARMUP,True,2021-12-27T07:30:00+00:00,2021-12-27T08:00:00+00:00,2021-12-24T22:00:00+00:00,2021-12-28T09:00:00+00:00
2021-12-27T11:01:23+00:00,2021-12-27T11:00:00+00:00,Monday,11,"[""h3_atr_change_4"", ""h3_slope_atr_8""]",2.0,400,139.0,2021-12-26T00:00:00+00:00,140.0,35.0,11.0,"[""h3_atr_change_4"", ""h3_slope_atr_8""]",UNEXPLAINED_DATA_GAP,WEEKLY_SEGMENT_WARMUP,True,2021-12-27T10:45:00+00:00,2021-12-27T11:15:00+00:00,2021-12-24T22:00:00+00:00,2021-12-28T09:00:00+00:00
2021-12-27T14:01:32+00:00,2021-12-27T14:00:00+00:00,Monday,14,"[""h3_atr_change_4"", ""h3_slope_atr_8""]",2.0,400,151.0,2021-12-26T00:00:00+00:00,152.0,38.0,12.0,"[""h3_atr_change_4"", ""h3_slope_atr_8""]",UNEXPLAINED_DATA_GAP,WEEKLY_SEGMENT_WARMUP,True,2021-12-27T13:45:00+00:00,2021-12-27T14:15:00+00:00,2021-12-24T22:00:00+00:00,2021-12-28T09:00:00+00:00
2021-12-27T21:12:59+00:00,2021-12-27T21:00:00+00:00,Monday,21,"[""h3_atr_change_4""]",1.0,400,179.0,2021-12-26T00:00:00+00:00,180.0,45.0,15.0,"[""h3_atr_change_4""]",UNEXPLAINED_DATA_GAP,WEEKLY_SEGMENT_WARMUP,True,2021-12-27T20:45:00+00:00,2021-12-27T21:15:00+00:00,2021-12-24T22:00:00+00:00,2021-12-28T09:00:00+00:00
2021-12-27T23:06:59+00:00,2021-12-27T23:00:00+00:00,Monday,23,"[""h3_atr_change_4""]",1.0,400,187.0,2021-12-26T00:00:00+00:00,188.0,47.0,15.0,"[""h3_atr_change_4""]",UNEXPLAINED_DATA_GAP,WEEKLY_SEGMENT_WARMUP,True,2021-12-27T22:45:00+00:00,2021-12-27T23:15:00+00:00,2021-12-24T22:00:00+00:00,2021-12-28T09:00:00+00:00
2022-01-03T16:15:25+00:00,2022-01-03T16:15:00+00:00,Monday,16,"[""h3_atr_change_4"", ""h3_slope_atr_8""]",2.0,401,160.0,2022-01-02T00:00:00+00:00,161.0,40.0,13.0,"[""h3_atr_change_4"", ""h3_slope_atr_8""]",UNEXPLAINED_DATA_GAP,WEEKLY_SEGMENT_WARMUP,True,2022-01-03T16:00:00+00:00,2022-01-03T16:30:00+00:00,2021-12-31T22:00:00+00:00,2022-01-11T09:00:00+00:00
2022-01-04T05:05:37+00:00,2022-01-04T05:00:00+00:00,Tuesday,5,,,,,,,,,,,SOURCE_BAR_GAP,True,2022-01-04T00:00:00+00:00,2022-01-06T00:15:00+00:00,2021-12-31T22:00:00+00:00,2022-01-11T09:00:00+00:00
2022-01-05T02:35:03+00:00,2022-01-05T02:30:00+00:00,Wednesday,2,,,,,,,,,,,SOURCE_BAR_GAP,True,2022-01-04T00:00:00+00:00,2022-01-06T00:15:00+00:00,2021-12-31T22:00:00+00:00,2022-01-11T09:00:00+00:00
2022-01-05T21:05:31+00:00,2022-01-05T21:00:00+00:00,Wednesday,21,,,,,,,,,,,SOURCE_BAR_GAP,True,2022-01-04T00:00:00+00:00,2022-01-06T00:15:00+00:00,2021-12-31T22:00:00+00:00,2022-01-11T09:00:00+00:00
2022-01-06T17:26:19+00:00,2022-01-06T17:15:00+00:00,Thursday,17,"[""h1_atr_change_4"", ""h3_er_8"", ""h3_atr_change_4"", ""h3_slope_atr_8""]",4.0,402,68.0,2022-01-06T00:00:00+00:00,69.0,17.0,5.0,"[""h1_atr_change_4"", ""h3_er_8"", ""h3_atr_change_4"", ""h3_slope_atr_8""]",UNEXPLAINED_DATA_GAP,MIDWEEK_SEGMENT_WARMUP,True,2022-01-06T17:00:00+00:00,2022-01-06T17:30:00+00:00,2021-12-31T22:00:00+00:00,2022-01-11T09:00:00+00:00
2022-01-07T14:35:36+00:00,2022-01-07T14:30:00+00:00,Friday,14,"[""h3_atr_change_4"", ""h3_slope_atr_8""]",2.0,402,153.0,2022-01-06T00:00:00+00:00,154.0,38.0,12.0,"[""h3_atr_change_4"", ""h3_slope_atr_8""]",UNEXPLAINED_DATA_GAP,MIDWEEK_SEGMENT_WARMUP,True,2022-01-07T14:15:00+00:00,2022-01-07T14:45:00+00:00,2021-12-31T22:00:00+00:00,2022-01-11T09:00:00+00:00
2022-01-10T08:09:33+00:00,2022-01-10T08:00:00+00:00,Monday,8,"[""h3_atr_change_4"", ""h3_slope_atr_8""]",2.0,403,127.0,2022-01-09T00:00:00+00:00,128.0,32.0,10.0,"[""h3_atr_change_4"", ""h3_slope_atr_8""]",UNEXPLAINED_DATA_GAP,WEEKLY_SEGMENT_WARMUP,True,2022-01-10T07:45:00+00:00,2022-01-10T08:15:00+00:00,2021-12-31T22:00:00+00:00,2022-01-11T09:00:00+00:00
2022-01-10T11:01:04+00:00,2022-01-10T11:00:00+00:00,Monday,11,"[""h3_atr_change_4"", ""h3_slope_atr_8""]",2.0,403,139.0,2022-01-09T00:00:00+00:00,140.0,35.0,11.0,"[""h3_atr_change_4"", ""h3_slope_atr_8""]",UNEXPLAINED_DATA_GAP,WEEKLY_SEGMENT_WARMUP,True,2022-01-10T10:45:00+00:00,2022-01-10T11:15:00+00:00,2021-12-31T22:00:00+00:00,2022-01-11T09:00:00+00:00
2022-01-10T14:43:37+00:00,2022-01-10T14:30:00+00:00,Monday,14,"[""h3_atr_change_4"", ""h3_slope_atr_8""]",2.0,403,153.0,2022-01-09T00:00:00+00:00,154.0,38.0,12.0,"[""h3_atr_change_4"", ""h3_slope_atr_8""]",UNEXPLAINED_DATA_GAP,WEEKLY_SEGMENT_WARMUP,True,2022-01-10T14:15:00+00:00,2022-01-10T14:45:00+00:00,2021-12-31T22:00:00+00:00,2022-01-11T09:00:00+00:00
2022-01-11T00:05:04+00:00,2022-01-11T00:00:00+00:00,Tuesday,0,"[""h3_atr_change_4""]",1.0,403,191.0,2022-01-09T00:00:00+00:00,192.0,48.0,16.0,"[""h3_atr_change_4""]",UNEXPLAINED_DATA_GAP,WEEKLY_SEGMENT_WARMUP,True,2022-01-10T23:45:00+00:00,2022-01-11T00:15:00+00:00,2021-12-31T22:00:00+00:00,2022-01-11T09:00:00+00:00
2022-01-11T08:41:26+00:00,2022-01-11T08:30:00+00:00,Tuesday,8,"[""h3_atr_change_4""]",1.0,403,225.0,2022-01-09T00:00:00+00:00,226.0,56.0,18.0,"[""h3_atr_change_4""]",UNEXPLAINED_DATA_GAP,WEEKLY_SEGMENT_WARMUP,True,2022-01-11T08:15:00+00:00,2022-01-11T08:45:00+00:00,2021-12-31T22:00:00+00:00,2022-01-11T09:00:00+00:00
2022-01-17T08:50:36+00:00,2022-01-17T08:45:00+00:00,Monday,8,"[""h3_atr_change_4"", ""h3_slope_atr_8""]",2.0,404,130.0,2022-01-16T00:00:00+00:00,131.0,32.0,10.0,"[""h3_atr_change_4"", ""h3_slope_atr_8""]",UNEXPLAINED_DATA_GAP,WEEKLY_SEGMENT_WARMUP,True,2022-01-17T08:30:00+00:00,2022-01-17T09:00:00+00:00,2022-01-14T22:00:00+00:00,2022-01-18T09:00:00+00:00
2022-01-17T13:42:36+00:00,2022-01-17T13:30:00+00:00,Monday,13,"[""h3_atr_change_4"", ""h3_slope_atr_8""]",2.0,404,149.0,2022-01-16T00:00:00+00:00,150.0,37.0,12.0,"[""h3_atr_change_4"", ""h3_slope_atr_8""]",UNEXPLAINED_DATA_GAP,WEEKLY_SEGMENT_WARMUP,True,2022-01-17T13:15:00+00:00,2022-01-17T13:45:00+00:00,2022-01-14T22:00:00+00:00,2022-01-18T09:00:00+00:00
2022-01-17T14:57:26+00:00,2022-01-17T14:45:00+00:00,Monday,14,"[""h3_atr_change_4"", ""h3_slope_atr_8""]",2.0,404,154.0,2022-01-16T00:00:00+00:00,155.0,38.0,12.0,"[""h3_atr_change_4"", ""h3_slope_atr_8""]",UNEXPLAINED_DATA_GAP,WEEKLY_SEGMENT_WARMUP,True,2022-01-17T14:30:00+00:00,2022-01-17T15:00:00+00:00,2022-01-14T22:00:00+00:00,2022-01-18T09:00:00+00:00
2022-01-17T17:00:41+00:00,2022-01-17T17:00:00+00:00,Monday,17,"[""h3_atr_change_4"", ""h3_slope_atr_8""]",2.0,404,163.0,2022-01-16T00:00:00+00:00,164.0,41.0,13.0,"[""h3_atr_change_4"", ""h3_slope_atr_8""]",UNEXPLAINED_DATA_GAP,WEEKLY_SEGMENT_WARMUP,True,2022-01-17T16:45:00+00:00,2022-01-17T17:15:00+00:00,2022-01-14T22:00:00+00:00,2022-01-18T09:00:00+00:00
2022-01-17T20:15:37+00:00,2022-01-17T20:15:00+00:00,Monday,20,"[""h3_atr_change_4"", ""h3_slope_atr_8""]",2.0,404,176.0,2022-01-16T00:00:00+00:00,177.0,44.0,14.0,"[""h3_atr_change_4"", ""h3_slope_atr_8""]",UNEXPLAINED_DATA_GAP,WEEKLY_SEGMENT_WARMUP,True,2022-01-17T20:00:00+00:00,2022-01-17T20:30:00+00:00,2022-01-14T22:00:00+00:00,2022-01-18T09:00:00+00:00
2022-01-18T05:39:16+00:00,2022-01-18T05:30:00+00:00,Tuesday,5,"[""h3_atr_change_4""]",1.0,404,213.0,2022-01-16T00:00:00+00:00,214.0,53.0,17.0,"[""h3_atr_change_4""]",UNEXPLAINED_DATA_GAP,WEEKLY_SEGMENT_WARMUP,True,2022-01-18T05:15:00+00:00,2022-01-18T05:45:00+00:00,2022-01-14T22:00:00+00:00,2022-01-18T09:00:00+00:00
2022-01-19T20:00:18+00:00,2022-01-19T20:00:00+00:00,Wednesday,20,,,,,,,,,,,SOURCE_BAR_GAP,True,2022-01-19T00:00:00+00:00,2022-01-20T00:15:00+00:00,2022-01-19T00:00:00+00:00,2022-01-25T09:00:00+00:00
2022-01-19T23:57:39+00:00,2022-01-19T23:45:00+00:00,Wednesday,23,,,,,,,,,,,SOURCE_BAR_GAP,True,2022-01-19T00:00:00+00:00,2022-01-20T00:15:00+00:00,2022-01-19T00:00:00+00:00,2022-01-25T09:00:00+00:00
2022-01-20T11:50:41+00:00,2022-01-20T11:45:00+00:00,Thursday,11,"[""h1_atr_change_4"", ""h1_slope_atr_8"", ""h3_er_8"", ""h3_atr_change_4"", ""h3_slope_atr_8""]",5.0,405,46.0,2022-01-20T00:00:00+00:00,47.0,11.0,3.0,"[""h1_atr_change_4"", ""h1_slope_atr_8"", ""h3_er_8"", ""h3_atr_change_4"", ""h3_slope_atr_8""]",UNEXPLAINED_DATA_GAP,MIDWEEK_SEGMENT_WARMUP,True,2022-01-20T11:30:00+00:00,2022-01-20T12:00:00+00:00,2022-01-19T00:00:00+00:00,2022-01-25T09:00:00+00:00
2022-01-20T17:15:43+00:00,2022-01-20T17:15:00+00:00,Thursday,17,"[""h1_atr_change_4"", ""h3_er_8"", ""h3_atr_change_4"", ""h3_slope_atr_8""]",4.0,405,68.0,2022-01-20T00:00:00+00:00,69.0,17.0,5.0,"[""h1_atr_change_4"", ""h3_er_8"", ""h3_atr_change_4"", ""h3_slope_atr_8""]",UNEXPLAINED_DATA_GAP,MIDWEEK_SEGMENT_WARMUP,True,2022-01-20T17:00:00+00:00,2022-01-20T17:30:00+00:00,2022-01-19T00:00:00+00:00,2022-01-25T09:00:00+00:00
2022-01-20T22:39:17+00:00,2022-01-20T22:30:00+00:00,Thursday,22,"[""h3_er_8"", ""h3_atr_change_4"", ""h3_slope_atr_8""]",3.0,405,89.0,2022-01-20T00:00:00+00:00,90.0,22.0,7.0,"[""h3_er_8"", ""h3_atr_change_4"", ""h3_slope_atr_8""]",UNEXPLAINED_DATA_GAP,MIDWEEK_SEGMENT_WARMUP,True,2022-01-20T22:15:00+00:00,2022-01-20T22:45:00+00:00,2022-01-19T00:00:00+00:00,2022-01-25T09:00:00+00:00
2022-01-21T21:59:28+00:00,2022-01-21T21:45:00+00:00,Friday,21,"[""h3_atr_change_4""]",1.0,405,182.0,2022-01-20T00:00:00+00:00,183.0,45.0,15.0,"[""h3_atr_change_4""]",UNEXPLAINED_DATA_GAP,MIDWEEK_SEGMENT_WARMUP,True,2022-01-21T21:30:00+00:00,2022-01-21T22:00:00+00:00,2022-01-19T00:00:00+00:00,2022-01-25T09:00:00+00:00
2022-01-24T17:01:26+00:00,2022-01-24T17:00:00+00:00,Monday,17,"[""h3_atr_change_4"", ""h3_slope_atr_8""]",2.0,406,163.0,2022-01-23T00:00:00+00:00,164.0,41.0,13.0,"[""h3_atr_change_4"", ""h3_slope_atr_8""]",UNEXPLAINED_DATA_GAP,WEEKLY_SEGMENT_WARMUP,True,2022-01-24T16:45:00+00:00,2022-01-24T17:15:00+00:00,2022-01-19T00:00:00+00:00,2022-01-25T09:00:00+00:00
2022-01-25T03:52:33+00:00,2022-01-25T03:45:00+00:00,Tuesday,3,"[""h3_atr_change_4""]",1.0,406,206.0,2022-01-23T00:00:00+00:00,207.0,51.0,17.0,"[""h3_atr_change_4""]",UNEXPLAINED_DATA_GAP,WEEKLY_SEGMENT_WARMUP,True,2022-01-25T03:30:00+00:00,2022-01-25T04:00:00+00:00,2022-01-19T00:00:00+00:00,2022-01-25T09:00:00+00:00
2022-01-28T23:01:26+00:00,2022-01-28T23:00:00+00:00,Friday,23,,,,,,,,,,,SOURCE_BAR_GAP,True,2022-01-28T22:00:00+00:00,2022-01-30T00:15:00+00:00,2022-01-28T22:00:00+00:00,2022-02-01T09:00:00+00:00
2022-01-31T13:16:54+00:00,2022-01-31T13:15:00+00:00,Monday,13,"[""h3_atr_change_4"", ""h3_slope_atr_8""]",2.0,407,148.0,2022-01-30T00:00:00+00:00,149.0,37.0,12.0,"[""h3_atr_change_4"", ""h3_slope_atr_8""]",UNEXPLAINED_DATA_GAP,WEEKLY_SEGMENT_WARMUP,True,2022-01-31T13:00:00+00:00,2022-01-31T13:30:00+00:00,2022-01-28T22:00:00+00:00,2022-02-01T09:00:00+00:00
2022-02-01T02:48:41+00:00,2022-02-01T02:45:00+00:00,Tuesday,2,"[""h3_atr_change_4""]",1.0,407,202.0,2022-01-30T00:00:00+00:00,203.0,50.0,16.0,"[""h3_atr_change_4""]",UNEXPLAINED_DATA_GAP,WEEKLY_SEGMENT_WARMUP,True,2022-02-01T02:30:00+00:00,2022-02-01T03:00:00+00:00,2022-01-28T22:00:00+00:00,2022-02-01T09:00:00+00:00
2022-02-02T08:33:38+00:00,2022-02-02T08:30:00+00:00,Wednesday,8,,,,,,,,,,,SOURCE_BAR_GAP,True,2022-02-02T00:00:00+00:00,2022-02-03T00:15:00+00:00,2022-02-02T00:00:00+00:00,2022-02-09T09:00:00+00:00
2022-02-02T17:18:35+00:00,2022-02-02T17:15:00+00:00,Wednesday,17,,,,,,,,,,,SOURCE_BAR_GAP,True,2022-02-02T00:00:00+00:00,2022-02-03T00:15:00+00:00,2022-02-02T00:00:00+00:00,2022-02-09T09:00:00+00:00
2022-02-03T01:16:19+00:00,2022-02-03T01:15:00+00:00,Thursday,1,"[""er_16"", ""rv_16"", ""atr_change_1"", ""atr_change_8"", ""slope_atr_4"", ""slope_atr_16"", ""range_pos_16"", ""h1_er_8"", ""h1_atr_change_4"", ""h1_slope_atr_8"", ""h3_er_8"", ""h3_atr_change_4"", ""h3_slope_atr_8""]",13.0,408,4.0,2022-02-03T00:00:00+00:00,5.0,1.0,0.0,"[""er_16"", ""rv_16"", ""atr_change_1"", ""atr_change_8"", ""slope_atr_4"", ""slope_atr_16"", ""range_pos_16"", ""h1_er_8"", ""h1_atr_change_4"", ""h1_slope_atr_8"", ""h3_er_8"", ""h3_atr_change_4"", ""h3_slope_atr_8""]",UNEXPLAINED_DATA_GAP,MIDWEEK_SEGMENT_WARMUP,True,2022-02-03T01:00:00+00:00,2022-02-03T01:30:00+00:00,2022-02-02T00:00:00+00:00,2022-02-09T09:00:00+00:00
2022-02-03T08:21:51+00:00,2022-02-03T08:15:00+00:00,Thursday,8,"[""h1_er_8"", ""h1_atr_change_4"", ""h1_slope_atr_8"", ""h3_er_8"", ""h3_atr_change_4"", ""h3_slope_atr_8""]",6.0,408,32.0,2022-02-03T00:00:00+00:00,33.0,8.0,2.0,"[""h1_er_8"", ""h1_atr_change_4"", ""h1_slope_atr_8"", ""h3_er_8"", ""h3_atr_change_4"", ""h3_slope_atr_8""]",UNEXPLAINED_DATA_GAP,MIDWEEK_SEGMENT_WARMUP,True,2022-02-03T08:00:00+00:00,2022-02-03T08:30:00+00:00,2022-02-02T00:00:00+00:00,2022-02-09T09:00:00+00:00
2022-02-03T11:14:29+00:00,2022-02-03T11:00:00+00:00,Thursday,11,"[""h1_atr_change_4"", ""h1_slope_atr_8"", ""h3_er_8"", ""h3_atr_change_4"", ""h3_slope_atr_8""]",5.0,408,43.0,2022-02-03T00:00:00+00:00,44.0,11.0,3.0,"[""h1_atr_change_4"", ""h1_slope_atr_8"", ""h3_er_8"", ""h3_atr_change_4"", ""h3_slope_atr_8""]",UNEXPLAINED_DATA_GAP,MIDWEEK_SEGMENT_WARMUP,True,2022-02-03T10:45:00+00:00,2022-02-03T11:15:00+00:00,2022-02-02T00:00:00+00:00,2022-02-09T09:00:00+00:00
2022-02-04T08:10:32+00:00,2022-02-04T08:00:00+00:00,Friday,8,"[""h3_atr_change_4"", ""h3_slope_atr_8""]",2.0,408,127.0,2022-02-03T00:00:00+00:00,128.0,32.0,10.0,"[""h3_atr_change_4"", ""h3_slope_atr_8""]",UNEXPLAINED_DATA_GAP,MIDWEEK_SEGMENT_WARMUP,True,2022-02-04T07:45:00+00:00,2022-02-04T08:15:00+00:00,2022-02-02T00:00:00+00:00,2022-02-09T09:00:00+00:00
2022-02-04T11:00:02+00:00,2022-02-04T11:00:00+00:00,Friday,11,"[""h3_atr_change_4"", ""h3_slope_atr_8""]",2.0,408,139.0,2022-02-03T00:00:00+00:00,140.0,35.0,11.0,"[""h3_atr_change_4"", ""h3_slope_atr_8""]",UNEXPLAINED_DATA_GAP,MIDWEEK_SEGMENT_WARMUP,True,2022-02-04T10:45:00+00:00,2022-02-04T11:15:00+00:00,2022-02-02T00:00:00+00:00,2022-02-09T09:00:00+00:00
2022-02-04T15:30:29+00:00,2022-02-04T15:30:00+00:00,Friday,15,"[""h3_atr_change_4"", ""h3_slope_atr_8""]",2.0,408,157.0,2022-02-03T00:00:00+00:00,158.0,39.0,13.0,"[""h3_atr_change_4"", ""h3_slope_atr_8""]",UNEXPLAINED_DATA_GAP,MIDWEEK_SEGMENT_WARMUP,True,2022-02-04T15:15:00+00:00,2022-02-04T15:45:00+00:00,2022-02-02T00:00:00+00:00,2022-02-09T09:00:00+00:00
2022-02-04T23:00:00+00:00,2022-02-04T23:00:00+00:00,Friday,23,,,,,,,,,,,SOURCE_BAR_GAP,True,2022-02-04T22:00:00+00:00,2022-02-07T00:15:00+00:00,2022-02-02T00:00:00+00:00,2022-02-09T09:00:00+00:00
2022-02-07T11:05:26+00:00,2022-02-07T11:00:00+00:00,Monday,11,"[""h1_atr_change_4"", ""h1_slope_atr_8"", ""h3_er_8"", ""h3_atr_change_4"", ""h3_slope_atr_8""]",5.0,409,43.0,2022-02-07T00:00:00+00:00,44.0,11.0,3.0,"[""h1_atr_change_4"", ""h1_slope_atr_8"", ""h3_er_8"", ""h3_atr_change_4"", ""h3_slope_atr_8""]",EXPECTED_MARKET_GAP,WEEKLY_SEGMENT_WARMUP,True,2022-02-07T10:45:00+00:00,2022-02-07T11:15:00+00:00,2022-02-02T00:00:00+00:00,2022-02-09T09:00:00+00:00
2022-02-07T16:19:56+00:00,2022-02-07T16:15:00+00:00,Monday,16,"[""h1_atr_change_4"", ""h3_er_8"", ""h3_atr_change_4"", ""h3_slope_atr_8""]",4.0,409,64.0,2022-02-07T00:00:00+00:00,65.0,16.0,5.0,"[""h1_atr_change_4"", ""h3_er_8"", ""h3_atr_change_4"", ""h3_slope_atr_8""]",EXPECTED_MARKET_GAP,WEEKLY_SEGMENT_WARMUP,True,2022-02-07T16:00:00+00:00,2022-02-07T16:30:00+00:00,2022-02-02T00:00:00+00:00,2022-02-09T09:00:00+00:00
2022-02-07T17:39:34+00:00,2022-02-07T17:30:00+00:00,Monday,17,"[""h1_atr_change_4"", ""h3_er_8"", ""h3_atr_change_4"", ""h3_slope_atr_8""]",4.0,409,69.0,2022-02-07T00:00:00+00:00,70.0,17.0,5.0,"[""h1_atr_change_4"", ""h3_er_8"", ""h3_atr_change_4"", ""h3_slope_atr_8""]",EXPECTED_MARKET_GAP,WEEKLY_SEGMENT_WARMUP,True,2022-02-07T17:15:00+00:00,2022-02-07T17:45:00+00:00,2022-02-02T00:00:00+00:00,2022-02-09T09:00:00+00:00
2022-02-08T04:00:18+00:00,2022-02-08T04:00:00+00:00,Tuesday,4,"[""h3_atr_change_4"", ""h3_slope_atr_8""]",2.0,409,111.0,2022-02-07T00:00:00+00:00,112.0,28.0,9.0,"[""h3_atr_change_4"", ""h3_slope_atr_8""]",EXPECTED_MARKET_GAP,WEEKLY_SEGMENT_WARMUP,True,2022-02-08T03:45:00+00:00,2022-02-08T04:15:00+00:00,2022-02-02T00:00:00+00:00,2022-02-09T09:00:00+00:00
2022-02-10T08:25:02+00:00,2022-02-10T08:15:00+00:00,Thursday,8,,,,,,,,,,,SOURCE_BAR_GAP,True,2022-02-10T00:00:00+00:00,2022-02-11T00:15:00+00:00,2022-02-10T00:00:00+00:00,2022-02-15T09:00:00+00:00
2022-02-10T14:14:16+00:00,2022-02-10T14:00:00+00:00,Thursday,14,,,,,,,,,,,SOURCE_BAR_GAP,True,2022-02-10T00:00:00+00:00,2022-02-11T00:15:00+00:00,2022-02-10T00:00:00+00:00,2022-02-15T09:00:00+00:00
2022-02-11T02:22:23+00:00,2022-02-11T02:15:00+00:00,Friday,2,"[""er_16"", ""rv_16"", ""atr_change_1"", ""atr_change_8"", ""slope_atr_4"", ""slope_atr_16"", ""range_pos_16"", ""h1_er_8"", ""h1_atr_change_4"", ""h1_slope_atr_8"", ""h3_er_8"", ""h3_atr_change_4"", ""h3_slope_atr_8""]",13.0,410,8.0,2022-02-11T00:00:00+00:00,9.0,2.0,0.0,"[""er_16"", ""rv_16"", ""atr_change_1"", ""atr_change_8"", ""slope_atr_4"", ""slope_atr_16"", ""range_pos_16"", ""h1_er_8"", ""h1_atr_change_4"", ""h1_slope_atr_8"", ""h3_er_8"", ""h3_atr_change_4"", ""h3_slope_atr_8""]",UNEXPLAINED_DATA_GAP,MIDWEEK_SEGMENT_WARMUP,True,2022-02-11T02:00:00+00:00,2022-02-11T02:30:00+00:00,2022-02-10T00:00:00+00:00,2022-02-15T09:00:00+00:00
2022-02-11T05:46:21+00:00,2022-02-11T05:45:00+00:00,Friday,5,"[""h1_er_8"", ""h1_atr_change_4"", ""h1_slope_atr_8"", ""h3_er_8"", ""h3_atr_change_4"", ""h3_slope_atr_8""]",6.0,410,22.0,2022-02-11T00:00:00+00:00,23.0,5.0,1.0,"[""h1_er_8"", ""h1_atr_change_4"", ""h1_slope_atr_8"", ""h3_er_8"", ""h3_atr_change_4"", ""h3_slope_atr_8""]",UNEXPLAINED_DATA_GAP,MIDWEEK_SEGMENT_WARMUP,True,2022-02-11T05:30:00+00:00,2022-02-11T06:00:00+00:00,2022-02-10T00:00:00+00:00,2022-02-15T09:00:00+00:00
2022-02-11T20:36:37+00:00,2022-02-11T20:30:00+00:00,Friday,20,"[""h3_er_8"", ""h3_atr_change_4"", ""h3_slope_atr_8""]",3.0,410,81.0,2022-02-11T00:00:00+00:00,82.0,20.0,6.0,"[""h3_er_8"", ""h3_atr_change_4"", ""h3_slope_atr_8""]",UNEXPLAINED_DATA_GAP,MIDWEEK_SEGMENT_WARMUP,True,2022-02-11T20:15:00+00:00,2022-02-11T20:45:00+00:00,2022-02-10T00:00:00+00:00,2022-02-15T09:00:00+00:00
2022-02-14T10:04:36+00:00,2022-02-14T10:00:00+00:00,Monday,10,"[""h3_atr_change_4"", ""h3_slope_atr_8""]",2.0,411,135.0,2022-02-13T00:00:00+00:00,136.0,34.0,11.0,"[""h3_atr_change_4"", ""h3_slope_atr_8""]",UNEXPLAINED_DATA_GAP,WEEKLY_SEGMENT_WARMUP,True,2022-02-14T09:45:00+00:00,2022-02-14T10:15:00+00:00,2022-02-10T00:00:00+00:00,2022-02-15T09:00:00+00:00
2022-02-14T14:02:34+00:00,2022-02-14T14:00:00+00:00,Monday,14,"[""h3_atr_change_4"", ""h3_slope_atr_8""]",2.0,411,151.0,2022-02-13T00:00:00+00:00,152.0,38.0,12.0,"[""h3_atr_change_4"", ""h3_slope_atr_8""]",UNEXPLAINED_DATA_GAP,WEEKLY_SEGMENT_WARMUP,True,2022-02-14T13:45:00+00:00,2022-02-14T14:15:00+00:00,2022-02-10T00:00:00+00:00,2022-02-15T09:00:00+00:00
2022-02-14T17:21:04+00:00,2022-02-14T17:15:00+00:00,Monday,17,"[""h3_atr_change_4"", ""h3_slope_atr_8""]",2.0,411,164.0,2022-02-13T00:00:00+00:00,165.0,41.0,13.0,"[""h3_atr_change_4"", ""h3_slope_atr_8""]",UNEXPLAINED_DATA_GAP,WEEKLY_SEGMENT_WARMUP,True,2022-02-14T17:00:00+00:00,2022-02-14T17:30:00+00:00,2022-02-10T00:00:00+00:00,2022-02-15T09:00:00+00:00
2022-02-14T20:54:28+00:00,2022-02-14T20:45:00+00:00,Monday,20,"[""h3_atr_change_4"", ""h3_slope_atr_8""]",2.0,411,178.0,2022-02-13T00:00:00+00:00,179.0,44.0,14.0,"[""h3_atr_change_4"", ""h3_slope_atr_8""]",UNEXPLAINED_DATA_GAP,WEEKLY_SEGMENT_WARMUP,True,2022-02-14T20:30:00+00:00,2022-02-14T21:00:00+00:00,2022-02-10T00:00:00+00:00,2022-02-15T09:00:00+00:00
2022-02-15T08:01:23+00:00,2022-02-15T08:00:00+00:00,Tuesday,8,"[""h3_atr_change_4""]",1.0,411,223.0,2022-02-13T00:00:00+00:00,224.0,56.0,18.0,"[""h3_atr_change_4""]",UNEXPLAINED_DATA_GAP,WEEKLY_SEGMENT_WARMUP,True,2022-02-15T07:45:00+00:00,2022-02-15T08:15:00+00:00,2022-02-10T00:00:00+00:00,2022-02-15T09:00:00+00:00
2022-02-18T13:13:35+00:00,2022-02-18T13:00:00+00:00,Friday,13,,,,,,,,,,,SOURCE_BAR_GAP,True,2022-02-18T00:00:00+00:00,2022-02-20T00:15:00+00:00,2022-02-18T00:00:00+00:00,2022-02-22T09:00:00+00:00
2022-02-18T15:59:27+00:00,2022-02-18T15:45:00+00:00,Friday,15,,,,,,,,,,,SOURCE_BAR_GAP,True,2022-02-18T00:00:00+00:00,2022-02-20T00:15:00+00:00,2022-02-18T00:00:00+00:00,2022-02-22T09:00:00+00:00
2022-02-21T13:24:54+00:00,2022-02-21T13:15:00+00:00,Monday,13,"[""h3_atr_change_4"", ""h3_slope_atr_8""]",2.0,412,148.0,2022-02-20T00:00:00+00:00,149.0,37.0,12.0,"[""h3_atr_change_4"", ""h3_slope_atr_8""]",UNEXPLAINED_DATA_GAP,MIDWEEK_SEGMENT_WARMUP,True,2022-02-21T13:00:00+00:00,2022-02-21T13:30:00+00:00,2022-02-18T00:00:00+00:00,2022-02-22T09:00:00+00:00
2022-02-22T03:15:37+00:00,2022-02-22T03:15:00+00:00,Tuesday,3,"[""h3_atr_change_4""]",1.0,412,204.0,2022-02-20T00:00:00+00:00,205.0,51.0,17.0,"[""h3_atr_change_4""]",UNEXPLAINED_DATA_GAP,MIDWEEK_SEGMENT_WARMUP,True,2022-02-22T03:00:00+00:00,2022-02-22T03:30:00+00:00,2022-02-18T00:00:00+00:00,2022-02-22T09:00:00+00:00
2022-02-22T05:12:59+00:00,2022-02-22T05:00:00+00:00,Tuesday,5,"[""h3_atr_change_4""]",1.0,412,211.0,2022-02-20T00:00:00+00:00,212.0,53.0,17.0,"[""h3_atr_change_4""]",UNEXPLAINED_DATA_GAP,MIDWEEK_SEGMENT_WARMUP,True,2022-02-22T04:45:00+00:00,2022-02-22T05:15:00+00:00,2022-02-18T00:00:00+00:00,2022-02-22T09:00:00+00:00
2022-02-22T08:03:36+00:00,2022-02-22T08:00:00+00:00,Tuesday,8,"[""h3_atr_change_4""]",1.0,412,223.0,2022-02-20T00:00:00+00:00,224.0,56.0,18.0,"[""h3_atr_change_4""]",UNEXPLAINED_DATA_GAP,MIDWEEK_SEGMENT_WARMUP,True,2022-02-22T07:45:00+00:00,2022-02-22T08:15:00+00:00,2022-02-18T00:00:00+00:00,2022-02-22T09:00:00+00:00
2022-02-28T00:01:00+00:00,2022-02-28T00:00:00+00:00,Monday,0,"[""atr_change_8"", ""h1_atr_change_4"", ""h3_er_8"", ""h3_atr_change_4"", ""h3_slope_atr_8""]",5.0,413,95.0,2022-02-27T00:00:00+00:00,96.0,24.0,8.0,"[""h3_er_8"", ""h3_atr_change_4"", ""h3_slope_atr_8""]",UNEXPLAINED_DATA_GAP,SPECIFIC_FEATURE_INCOMPLETE,False,2022-02-27T23:45:00+00:00,2022-02-28T00:15:00+00:00,2022-02-25T22:00:00+00:00,2022-03-01T09:00:00+00:00
2022-02-28T08:00:02+00:00,2022-02-28T08:00:00+00:00,Monday,8,"[""h3_atr_change_4"", ""h3_slope_atr_8""]",2.0,413,127.0,2022-02-27T00:00:00+00:00,128.0,32.0,10.0,"[""h3_atr_change_4"", ""h3_slope_atr_8""]",UNEXPLAINED_DATA_GAP,WEEKLY_SEGMENT_WARMUP,True,2022-02-28T07:45:00+00:00,2022-02-28T08:15:00+00:00,2022-02-25T22:00:00+00:00,2022-03-01T09:00:00+00:00
2022-03-01T02:49:26+00:00,2022-03-01T02:45:00+00:00,Tuesday,2,"[""h3_atr_change_4""]",1.0,413,202.0,2022-02-27T00:00:00+00:00,203.0,50.0,16.0,"[""h3_atr_change_4""]",UNEXPLAINED_DATA_GAP,WEEKLY_SEGMENT_WARMUP,True,2022-03-01T02:30:00+00:00,2022-03-01T03:00:00+00:00,2022-02-25T22:00:00+00:00,2022-03-01T09:00:00+00:00
2022-03-01T08:01:04+00:00,2022-03-01T08:00:00+00:00,Tuesday,8,"[""h3_atr_change_4""]",1.0,413,223.0,2022-02-27T00:00:00+00:00,224.0,56.0,18.0,"[""h3_atr_change_4""]",UNEXPLAINED_DATA_GAP,WEEKLY_SEGMENT_WARMUP,True,2022-03-01T07:45:00+00:00,2022-03-01T08:15:00+00:00,2022-02-25T22:00:00+00:00,2022-03-01T09:00:00+00:00
2022-03-07T12:07:38+00:00,2022-03-07T12:00:00+00:00,Monday,12,"[""h3_atr_change_4"", ""h3_slope_atr_8""]",2.0,414,143.0,2022-03-06T00:00:00+00:00,144.0,36.0,12.0,"[""h3_atr_change_4"", ""h3_slope_atr_8""]",UNEXPLAINED_DATA_GAP,WEEKLY_SEGMENT_WARMUP,True,2022-03-07T11:45:00+00:00,2022-03-07T12:15:00+00:00,2022-03-04T22:00:00+00:00,2022-03-08T09:00:00+00:00
2022-03-07T14:00:40+00:00,2022-03-07T14:00:00+00:00,Monday,14,"[""h3_atr_change_4"", ""h3_slope_atr_8""]",2.0,414,151.0,2022-03-06T00:00:00+00:00,152.0,38.0,12.0,"[""h3_atr_change_4"", ""h3_slope_atr_8""]",UNEXPLAINED_DATA_GAP,WEEKLY_SEGMENT_WARMUP,True,2022-03-07T13:45:00+00:00,2022-03-07T14:15:00+00:00,2022-03-04T22:00:00+00:00,2022-03-08T09:00:00+00:00
2022-03-07T21:33:29+00:00,2022-03-07T21:30:00+00:00,Monday,21,"[""h3_atr_change_4""]",1.0,414,181.0,2022-03-06T00:00:00+00:00,182.0,45.0,15.0,"[""h3_atr_change_4""]",UNEXPLAINED_DATA_GAP,WEEKLY_SEGMENT_WARMUP,True,2022-03-07T21:15:00+00:00,2022-03-07T21:45:00+00:00,2022-03-04T22:00:00+00:00,2022-03-08T09:00:00+00:00
2022-03-07T23:06:22+00:00,2022-03-07T23:00:00+00:00,Monday,23,"[""h3_atr_change_4""]",1.0,414,187.0,2022-03-06T00:00:00+00:00,188.0,47.0,15.0,"[""h3_atr_change_4""]",UNEXPLAINED_DATA_GAP,WEEKLY_SEGMENT_WARMUP,True,2022-03-07T22:45:00+00:00,2022-03-07T23:15:00+00:00,2022-03-04T22:00:00+00:00,2022-03-08T09:00:00+00:00
2022-03-08T07:46:04+00:00,2022-03-08T07:45:00+00:00,Tuesday,7,"[""h3_atr_change_4""]",1.0,414,222.0,2022-03-06T00:00:00+00:00,223.0,55.0,18.0,"[""h3_atr_change_4""]",UNEXPLAINED_DATA_GAP,WEEKLY_SEGMENT_WARMUP,True,2022-03-08T07:30:00+00:00,2022-03-08T08:00:00+00:00,2022-03-04T22:00:00+00:00,2022-03-08T09:00:00+00:00
2022-03-14T05:35:19+00:00,2022-03-14T05:30:00+00:00,Monday,5,"[""h3_atr_change_4"", ""h3_slope_atr_8""]",2.0,415,117.0,2022-03-13T00:00:00+00:00,118.0,29.0,9.0,"[""h3_atr_change_4"", ""h3_slope_atr_8""]",UNEXPLAINED_DATA_GAP,WEEKLY_SEGMENT_WARMUP,True,2022-03-14T05:15:00+00:00,2022-03-14T05:45:00+00:00,2022-03-11T22:00:00+00:00,2022-03-15T09:00:00+00:00
2022-03-15T00:16:26+00:00,2022-03-15T00:15:00+00:00,Tuesday,0,"[""h3_atr_change_4""]",1.0,415,192.0,2022-03-13T00:00:00+00:00,193.0,48.0,16.0,"[""h3_atr_change_4""]",UNEXPLAINED_DATA_GAP,WEEKLY_SEGMENT_WARMUP,True,2022-03-15T00:00:00+00:00,2022-03-15T00:30:00+00:00,2022-03-11T22:00:00+00:00,2022-03-15T09:00:00+00:00
2022-03-18T22:00:04+00:00,2022-03-18T22:00:00+00:00,Friday,22,,,,,,,,,,,SOURCE_BAR_GAP,True,2022-03-18T21:00:00+00:00,2022-03-20T00:15:00+00:00,2022-03-18T21:00:00+00:00,2022-03-22T09:00:00+00:00
2022-03-21T07:00:37+00:00,2022-03-21T07:00:00+00:00,Monday,7,"[""h3_atr_change_4"", ""h3_slope_atr_8""]",2.0,416,123.0,2022-03-20T00:00:00+00:00,124.0,31.0,10.0,"[""h3_atr_change_4"", ""h3_slope_atr_8""]",UNEXPLAINED_DATA_GAP,WEEKLY_SEGMENT_WARMUP,True,2022-03-21T06:45:00+00:00,2022-03-21T07:15:00+00:00,2022-03-18T21:00:00+00:00,2022-03-22T09:00:00+00:00
2022-03-21T20:19:00+00:00,2022-03-21T20:15:00+00:00,Monday,20,"[""h3_atr_change_4"", ""h3_slope_atr_8""]",2.0,416,176.0,2022-03-20T00:00:00+00:00,177.0,44.0,14.0,"[""h3_atr_change_4"", ""h3_slope_atr_8""]",UNEXPLAINED_DATA_GAP,WEEKLY_SEGMENT_WARMUP,True,2022-03-21T20:00:00+00:00,2022-03-21T20:30:00+00:00,2022-03-18T21:00:00+00:00,2022-03-22T09:00:00+00:00
2022-03-22T03:09:42+00:00,2022-03-22T03:00:00+00:00,Tuesday,3,"[""h3_atr_change_4""]",1.0,416,203.0,2022-03-20T00:00:00+00:00,204.0,51.0,17.0,"[""h3_atr_change_4""]",UNEXPLAINED_DATA_GAP,WEEKLY_SEGMENT_WARMUP,True,2022-03-22T02:45:00+00:00,2022-03-22T03:15:00+00:00,2022-03-18T21:00:00+00:00,2022-03-22T09:00:00+00:00
2022-03-23T10:14:38+00:00,2022-03-23T10:00:00+00:00,Wednesday,10,,,,,,,,,,,SOURCE_BAR_GAP,True,2022-03-23T00:00:00+00:00,2022-03-24T00:15:00+00:00,2022-03-23T00:00:00+00:00,2022-03-30T09:00:00+00:00
2022-03-23T16:24:38+00:00,2022-03-23T16:15:00+00:00,Wednesday,16,,,,,,,,,,,SOURCE_BAR_GAP,True,2022-03-23T00:00:00+00:00,2022-03-24T00:15:00+00:00,2022-03-23T00:00:00+00:00,2022-03-30T09:00:00+00:00
2022-03-24T01:16:36+00:00,2022-03-24T01:15:00+00:00,Thursday,1,"[""er_16"", ""rv_16"", ""atr_change_1"", ""atr_change_8"", ""slope_atr_4"", ""slope_atr_16"", ""range_pos_16"", ""h1_er_8"", ""h1_atr_change_4"", ""h1_slope_atr_8"", ""h3_er_8"", ""h3_atr_change_4"", ""h3_slope_atr_8""]",13.0,417,4.0,2022-03-24T00:00:00+00:00,5.0,1.0,0.0,"[""er_16"", ""rv_16"", ""atr_change_1"", ""atr_change_8"", ""slope_atr_4"", ""slope_atr_16"", ""range_pos_16"", ""h1_er_8"", ""h1_atr_change_4"", ""h1_slope_atr_8"", ""h3_er_8"", ""h3_atr_change_4"", ""h3_slope_atr_8""]",UNEXPLAINED_DATA_GAP,MIDWEEK_SEGMENT_WARMUP,True,2022-03-24T01:00:00+00:00,2022-03-24T01:30:00+00:00,2022-03-23T00:00:00+00:00,2022-03-30T09:00:00+00:00
2022-03-24T04:02:36+00:00,2022-03-24T04:00:00+00:00,Thursday,4,"[""er_16"", ""rv_16"", ""atr_change_8"", ""range_pos_16"", ""h1_er_8"", ""h1_atr_change_4"", ""h1_slope_atr_8"", ""h3_er_8"", ""h3_atr_change_4"", ""h3_slope_atr_8""]",10.0,417,15.0,2022-03-24T00:00:00+00:00,16.0,4.0,1.0,"[""er_16"", ""rv_16"", ""atr_change_8"", ""range_pos_16"", ""h1_er_8"", ""h1_atr_change_4"", ""h1_slope_atr_8"", ""h3_er_8"", ""h3_atr_change_4"", ""h3_slope_atr_8""]",UNEXPLAINED_DATA_GAP,MIDWEEK_SEGMENT_WARMUP,True,2022-03-24T03:45:00+00:00,2022-03-24T04:15:00+00:00,2022-03-23T00:00:00+00:00,2022-03-30T09:00:00+00:00
2022-03-25T10:01:04+00:00,2022-03-25T10:00:00+00:00,Friday,10,,,,,,,,,,,SOURCE_BAR_GAP,True,2022-03-25T00:00:00+00:00,2022-03-28T00:15:00+00:00,2022-03-23T00:00:00+00:00,2022-03-30T09:00:00+00:00
2022-03-28T04:26:40+00:00,2022-03-28T04:15:00+00:00,Monday,4,"[""atr_change_8"", ""h1_er_8"", ""h1_atr_change_4"", ""h1_slope_atr_8"", ""h3_er_8"", ""h3_atr_change_4"", ""h3_slope_atr_8""]",7.0,418,16.0,2022-03-28T00:00:00+00:00,17.0,4.0,1.0,"[""atr_change_8"", ""h1_er_8"", ""h1_atr_change_4"", ""h1_slope_atr_8"", ""h3_er_8"", ""h3_atr_change_4"", ""h3_slope_atr_8""]",UNEXPLAINED_DATA_GAP,MIDWEEK_SEGMENT_WARMUP,True,2022-03-28T04:00:00+00:00,2022-03-28T04:30:00+00:00,2022-03-23T00:00:00+00:00,2022-03-30T09:00:00+00:00
2022-03-28T10:00:04+00:00,2022-03-28T10:00:00+00:00,Monday,10,"[""h1_atr_change_4"", ""h1_slope_atr_8"", ""h3_er_8"", ""h3_atr_change_4"", ""h3_slope_atr_8""]",5.0,418,39.0,2022-03-28T00:00:00+00:00,40.0,10.0,3.0,"[""h1_atr_change_4"", ""h1_slope_atr_8"", ""h3_er_8"", ""h3_atr_change_4"", ""h3_slope_atr_8""]",UNEXPLAINED_DATA_GAP,MIDWEEK_SEGMENT_WARMUP,True,2022-03-28T09:45:00+00:00,2022-03-28T10:15:00+00:00,2022-03-23T00:00:00+00:00,2022-03-30T09:00:00+00:00
2022-03-29T03:51:28+00:00,2022-03-29T03:45:00+00:00,Tuesday,3,"[""h3_atr_change_4"", ""h3_slope_atr_8""]",2.0,418,110.0,2022-03-28T00:00:00+00:00,111.0,27.0,9.0,"[""h3_atr_change_4"", ""h3_slope_atr_8""]",UNEXPLAINED_DATA_GAP,MIDWEEK_SEGMENT_WARMUP,True,2022-03-29T03:30:00+00:00,2022-03-29T04:00:00+00:00,2022-03-23T00:00:00+00:00,2022-03-30T09:00:00+00:00
2022-03-29T11:53:03+00:00,2022-03-29T11:45:00+00:00,Tuesday,11,"[""h3_atr_change_4"", ""h3_slope_atr_8""]",2.0,418,142.0,2022-03-28T00:00:00+00:00,143.0,35.0,11.0,"[""h3_atr_change_4"", ""h3_slope_atr_8""]",UNEXPLAINED_DATA_GAP,MIDWEEK_SEGMENT_WARMUP,True,2022-03-29T11:30:00+00:00,2022-03-29T12:00:00+00:00,2022-03-23T00:00:00+00:00,2022-03-30T09:00:00+00:00
2022-03-29T19:01:36+00:00,2022-03-29T19:00:00+00:00,Tuesday,19,"[""h3_atr_change_4"", ""h3_slope_atr_8""]",2.0,418,171.0,2022-03-28T00:00:00+00:00,172.0,43.0,14.0,"[""h3_atr_change_4"", ""h3_slope_atr_8""]",UNEXPLAINED_DATA_GAP,MIDWEEK_SEGMENT_WARMUP,True,2022-03-29T18:45:00+00:00,2022-03-29T19:15:00+00:00,2022-03-23T00:00:00+00:00,2022-03-30T09:00:00+00:00
2022-04-04T07:07:05+00:00,2022-04-04T07:00:00+00:00,Monday,7,"[""h3_atr_change_4"", ""h3_slope_atr_8""]",2.0,419,123.0,2022-04-03T00:00:00+00:00,124.0,31.0,10.0,"[""h3_atr_change_4"", ""h3_slope_atr_8""]",UNEXPLAINED_DATA_GAP,WEEKLY_SEGMENT_WARMUP,True,2022-04-04T06:45:00+00:00,2022-04-04T07:15:00+00:00,2022-04-01T21:00:00+00:00,2022-04-05T09:00:00+00:00
2022-04-04T10:47:23+00:00,2022-04-04T10:45:00+00:00,Monday,10,"[""h3_atr_change_4"", ""h3_slope_atr_8""]",2.0,419,138.0,2022-04-03T00:00:00+00:00,139.0,34.0,11.0,"[""h3_atr_change_4"", ""h3_slope_atr_8""]",UNEXPLAINED_DATA_GAP,WEEKLY_SEGMENT_WARMUP,True,2022-04-04T10:30:00+00:00,2022-04-04T11:00:00+00:00,2022-04-01T21:00:00+00:00,2022-04-05T09:00:00+00:00
2022-04-04T16:27:18+00:00,2022-04-04T16:15:00+00:00,Monday,16,"[""h3_atr_change_4"", ""h3_slope_atr_8""]",2.0,419,160.0,2022-04-03T00:00:00+00:00,161.0,40.0,13.0,"[""h3_atr_change_4"", ""h3_slope_atr_8""]",UNEXPLAINED_DATA_GAP,WEEKLY_SEGMENT_WARMUP,True,2022-04-04T16:00:00+00:00,2022-04-04T16:30:00+00:00,2022-04-01T21:00:00+00:00,2022-04-05T09:00:00+00:00
2022-04-04T19:05:36+00:00,2022-04-04T19:00:00+00:00,Monday,19,"[""h3_atr_change_4"", ""h3_slope_atr_8""]",2.0,419,171.0,2022-04-03T00:00:00+00:00,172.0,43.0,14.0,"[""h3_atr_change_4"", ""h3_slope_atr_8""]",UNEXPLAINED_DATA_GAP,WEEKLY_SEGMENT_WARMUP,True,2022-04-04T18:45:00+00:00,2022-04-04T19:15:00+00:00,2022-04-01T21:00:00+00:00,2022-04-05T09:00:00+00:00
2022-04-11T09:28:41+00:00,2022-04-11T09:15:00+00:00,Monday,9,"[""h3_atr_change_4"", ""h3_slope_atr_8""]",2.0,420,132.0,2022-04-10T00:00:00+00:00,133.0,33.0,11.0,"[""h3_atr_change_4"", ""h3_slope_atr_8""]",UNEXPLAINED_DATA_GAP,WEEKLY_SEGMENT_WARMUP,True,2022-04-11T09:00:00+00:00,2022-04-11T09:30:00+00:00,2022-04-08T21:00:00+00:00,2022-04-12T09:00:00+00:00
2022-04-11T16:32:26+00:00,2022-04-11T16:30:00+00:00,Monday,16,"[""h3_atr_change_4"", ""h3_slope_atr_8""]",2.0,420,161.0,2022-04-10T00:00:00+00:00,162.0,40.0,13.0,"[""h3_atr_change_4"", ""h3_slope_atr_8""]",UNEXPLAINED_DATA_GAP,WEEKLY_SEGMENT_WARMUP,True,2022-04-11T16:15:00+00:00,2022-04-11T16:45:00+00:00,2022-04-08T21:00:00+00:00,2022-04-12T09:00:00+00:00
2022-04-12T03:35:59+00:00,2022-04-12T03:30:00+00:00,Tuesday,3,"[""h3_atr_change_4""]",1.0,420,205.0,2022-04-10T00:00:00+00:00,206.0,51.0,17.0,"[""h3_atr_change_4""]",UNEXPLAINED_DATA_GAP,WEEKLY_SEGMENT_WARMUP,True,2022-04-12T03:15:00+00:00,2022-04-12T03:45:00+00:00,2022-04-08T21:00:00+00:00,2022-04-12T09:00:00+00:00
2022-04-18T22:01:38+00:00,2022-04-18T22:00:00+00:00,Monday,22,"[""h3_atr_change_4""]",1.0,421,183.0,2022-04-17T00:00:00+00:00,184.0,46.0,15.0,"[""h3_atr_change_4""]",UNEXPLAINED_DATA_GAP,WEEKLY_SEGMENT_WARMUP,True,2022-04-18T21:45:00+00:00,2022-04-18T22:15:00+00:00,2022-04-15T21:00:00+00:00,2022-04-19T09:00:00+00:00
2022-04-19T05:09:59+00:00,2022-04-19T05:00:00+00:00,Tuesday,5,"[""h3_atr_change_4""]",1.0,421,211.0,2022-04-17T00:00:00+00:00,212.0,53.0,17.0,"[""h3_atr_change_4""]",UNEXPLAINED_DATA_GAP,WEEKLY_SEGMENT_WARMUP,True,2022-04-19T04:45:00+00:00,2022-04-19T05:15:00+00:00,2022-04-15T21:00:00+00:00,2022-04-19T09:00:00+00:00
2022-04-25T04:07:39+00:00,2022-04-25T04:00:00+00:00,Monday,4,"[""h3_atr_change_4"", ""h3_slope_atr_8""]",2.0,422,111.0,2022-04-24T00:00:00+00:00,112.0,28.0,9.0,"[""h3_atr_change_4"", ""h3_slope_atr_8""]",UNEXPLAINED_DATA_GAP,WEEKLY_SEGMENT_WARMUP,True,2022-04-25T03:45:00+00:00,2022-04-25T04:15:00+00:00,2022-04-22T21:00:00+00:00,2022-04-26T09:00:00+00:00
2022-04-25T09:13:27+00:00,2022-04-25T09:00:00+00:00,Monday,9,"[""h3_atr_change_4"", ""h3_slope_atr_8""]",2.0,422,131.0,2022-04-24T00:00:00+00:00,132.0,33.0,11.0,"[""h3_atr_change_4"", ""h3_slope_atr_8""]",UNEXPLAINED_DATA_GAP,WEEKLY_SEGMENT_WARMUP,True,2022-04-25T08:45:00+00:00,2022-04-25T09:15:00+00:00,2022-04-22T21:00:00+00:00,2022-04-26T09:00:00+00:00
2022-04-25T16:31:40+00:00,2022-04-25T16:30:00+00:00,Monday,16,"[""h3_atr_change_4"", ""h3_slope_atr_8""]",2.0,422,161.0,2022-04-24T00:00:00+00:00,162.0,40.0,13.0,"[""h3_atr_change_4"", ""h3_slope_atr_8""]",UNEXPLAINED_DATA_GAP,WEEKLY_SEGMENT_WARMUP,True,2022-04-25T16:15:00+00:00,2022-04-25T16:45:00+00:00,2022-04-22T21:00:00+00:00,2022-04-26T09:00:00+00:00
2022-04-26T07:30:29+00:00,2022-04-26T07:30:00+00:00,Tuesday,7,"[""h3_atr_change_4""]",1.0,422,221.0,2022-04-24T00:00:00+00:00,222.0,55.0,18.0,"[""h3_atr_change_4""]",UNEXPLAINED_DATA_GAP,WEEKLY_SEGMENT_WARMUP,True,2022-04-26T07:15:00+00:00,2022-04-26T07:45:00+00:00,2022-04-22T21:00:00+00:00,2022-04-26T09:00:00+00:00
2022-04-27T07:03:38+00:00,2022-04-27T07:00:00+00:00,Wednesday,7,,,,,,,,,,,SOURCE_BAR_GAP,True,2022-04-27T00:00:00+00:00,2022-04-28T00:15:00+00:00,2022-04-27T00:00:00+00:00,2022-05-03T09:00:00+00:00
2022-04-27T10:22:28+00:00,2022-04-27T10:15:00+00:00,Wednesday,10,,,,,,,,,,,SOURCE_BAR_GAP,True,2022-04-27T00:00:00+00:00,2022-04-28T00:15:00+00:00,2022-04-27T00:00:00+00:00,2022-05-03T09:00:00+00:00
2022-04-27T13:18:34+00:00,2022-04-27T13:15:00+00:00,Wednesday,13,,,,,,,,,,,SOURCE_BAR_GAP,True,2022-04-27T00:00:00+00:00,2022-04-28T00:15:00+00:00,2022-04-27T00:00:00+00:00,2022-05-03T09:00:00+00:00
2022-04-28T03:19:04+00:00,2022-04-28T03:15:00+00:00,Thursday,3,"[""er_16"", ""rv_16"", ""atr_change_1"", ""atr_change_8"", ""slope_atr_4"", ""slope_atr_16"", ""range_pos_16"", ""h1_er_8"", ""h1_atr_change_4"", ""h1_slope_atr_8"", ""h3_er_8"", ""h3_atr_change_4"", ""h3_slope_atr_8""]",13.0,423,12.0,2022-04-28T00:00:00+00:00,13.0,3.0,1.0,"[""er_16"", ""rv_16"", ""atr_change_1"", ""atr_change_8"", ""slope_atr_4"", ""slope_atr_16"", ""range_pos_16"", ""h1_er_8"", ""h1_atr_change_4"", ""h1_slope_atr_8"", ""h3_er_8"", ""h3_atr_change_4"", ""h3_slope_atr_8""]",UNEXPLAINED_DATA_GAP,MIDWEEK_SEGMENT_WARMUP,True,2022-04-28T03:00:00+00:00,2022-04-28T03:30:00+00:00,2022-04-27T00:00:00+00:00,2022-05-03T09:00:00+00:00
2022-04-28T13:13:48+00:00,2022-04-28T13:00:00+00:00,Thursday,13,"[""h1_atr_change_4"", ""h1_slope_atr_8"", ""h3_er_8"", ""h3_atr_change_4"", ""h3_slope_atr_8""]",5.0,423,51.0,2022-04-28T00:00:00+00:00,52.0,13.0,4.0,"[""h1_atr_change_4"", ""h1_slope_atr_8"", ""h3_er_8"", ""h3_atr_change_4"", ""h3_slope_atr_8""]",UNEXPLAINED_DATA_GAP,MIDWEEK_SEGMENT_WARMUP,True,2022-04-28T12:45:00+00:00,2022-04-28T13:15:00+00:00,2022-04-27T00:00:00+00:00,2022-05-03T09:00:00+00:00
2022-04-29T01:53:32+00:00,2022-04-29T01:45:00+00:00,Friday,1,"[""h3_er_8"", ""h3_atr_change_4"", ""h3_slope_atr_8""]",3.0,423,102.0,2022-04-28T00:00:00+00:00,103.0,25.0,8.0,"[""h3_er_8"", ""h3_atr_change_4"", ""h3_slope_atr_8""]",UNEXPLAINED_DATA_GAP,MIDWEEK_SEGMENT_WARMUP,True,2022-04-29T01:30:00+00:00,2022-04-29T02:00:00+00:00,2022-04-27T00:00:00+00:00,2022-05-03T09:00:00+00:00
2022-04-29T07:00:38+00:00,2022-04-29T07:00:00+00:00,Friday,7,"[""h3_atr_change_4"", ""h3_slope_atr_8""]",2.0,423,123.0,2022-04-28T00:00:00+00:00,124.0,31.0,10.0,"[""h3_atr_change_4"", ""h3_slope_atr_8""]",UNEXPLAINED_DATA_GAP,MIDWEEK_SEGMENT_WARMUP,True,2022-04-29T06:45:00+00:00,2022-04-29T07:15:00+00:00,2022-04-27T00:00:00+00:00,2022-05-03T09:00:00+00:00
2022-05-02T07:07:25+00:00,2022-05-02T07:00:00+00:00,Monday,7,"[""h3_atr_change_4"", ""h3_slope_atr_8""]",2.0,424,123.0,2022-05-01T00:00:00+00:00,124.0,31.0,10.0,"[""h3_atr_change_4"", ""h3_slope_atr_8""]",UNEXPLAINED_DATA_GAP,WEEKLY_SEGMENT_WARMUP,True,2022-05-02T06:45:00+00:00,2022-05-02T07:15:00+00:00,2022-04-27T00:00:00+00:00,2022-05-03T09:00:00+00:00
2022-05-02T20:47:36+00:00,2022-05-02T20:45:00+00:00,Monday,20,"[""h3_atr_change_4"", ""h3_slope_atr_8""]",2.0,424,178.0,2022-05-01T00:00:00+00:00,179.0,44.0,14.0,"[""h3_atr_change_4"", ""h3_slope_atr_8""]",UNEXPLAINED_DATA_GAP,WEEKLY_SEGMENT_WARMUP,True,2022-05-02T20:30:00+00:00,2022-05-02T21:00:00+00:00,2022-04-27T00:00:00+00:00,2022-05-03T09:00:00+00:00
2022-05-03T07:41:38+00:00,2022-05-03T07:30:00+00:00,Tuesday,7,"[""h3_atr_change_4""]",1.0,424,221.0,2022-05-01T00:00:00+00:00,222.0,55.0,18.0,"[""h3_atr_change_4""]",UNEXPLAINED_DATA_GAP,WEEKLY_SEGMENT_WARMUP,True,2022-05-03T07:15:00+00:00,2022-05-03T07:45:00+00:00,2022-04-27T00:00:00+00:00,2022-05-03T09:00:00+00:00
2022-05-09T09:51:01+00:00,2022-05-09T09:45:00+00:00,Monday,9,"[""h3_atr_change_4"", ""h3_slope_atr_8""]",2.0,425,134.0,2022-05-08T00:00:00+00:00,135.0,33.0,11.0,"[""h3_atr_change_4"", ""h3_slope_atr_8""]",UNEXPLAINED_DATA_GAP,WEEKLY_SEGMENT_WARMUP,True,2022-05-09T09:30:00+00:00,2022-05-09T10:00:00+00:00,2022-05-06T21:00:00+00:00,2022-05-10T09:00:00+00:00
2022-05-09T21:32:59+00:00,2022-05-09T21:30:00+00:00,Monday,21,"[""h3_atr_change_4""]",1.0,425,181.0,2022-05-08T00:00:00+00:00,182.0,45.0,15.0,"[""h3_atr_change_4""]",UNEXPLAINED_DATA_GAP,WEEKLY_SEGMENT_WARMUP,True,2022-05-09T21:15:00+00:00,2022-05-09T21:45:00+00:00,2022-05-06T21:00:00+00:00,2022-05-10T09:00:00+00:00
2022-05-10T04:02:05+00:00,2022-05-10T04:00:00+00:00,Tuesday,4,"[""h3_atr_change_4""]",1.0,425,207.0,2022-05-08T00:00:00+00:00,208.0,52.0,17.0,"[""h3_atr_change_4""]",UNEXPLAINED_DATA_GAP,WEEKLY_SEGMENT_WARMUP,True,2022-05-10T03:45:00+00:00,2022-05-10T04:15:00+00:00,2022-05-06T21:00:00+00:00,2022-05-10T09:00:00+00:00
2022-05-12T16:38:28+00:00,2022-05-12T16:30:00+00:00,Thursday,16,,,,,,,,,,,SOURCE_BAR_GAP,True,2022-05-12T00:00:00+00:00,2022-05-15T00:15:00+00:00,2022-05-12T00:00:00+00:00,2022-05-17T09:00:00+00:00
2022-05-13T04:00:02+00:00,2022-05-13T04:00:00+00:00,Friday,4,,,,,,,,,,,SOURCE_BAR_GAP,True,2022-05-12T00:00:00+00:00,2022-05-15T00:15:00+00:00,2022-05-12T00:00:00+00:00,2022-05-17T09:00:00+00:00
2022-05-13T10:00:40+00:00,2022-05-13T10:00:00+00:00,Friday,10,,,,,,,,,,,SOURCE_BAR_GAP,True,2022-05-12T00:00:00+00:00,2022-05-15T00:15:00+00:00,2022-05-12T00:00:00+00:00,2022-05-17T09:00:00+00:00
2022-05-13T16:08:41+00:00,2022-05-13T16:00:00+00:00,Friday,16,,,,,,,,,,,SOURCE_BAR_GAP,True,2022-05-12T00:00:00+00:00,2022-05-15T00:15:00+00:00,2022-05-12T00:00:00+00:00,2022-05-17T09:00:00+00:00
2022-05-13T22:39:31+00:00,2022-05-13T22:30:00+00:00,Friday,22,,,,,,,,,,,SOURCE_BAR_GAP,True,2022-05-12T00:00:00+00:00,2022-05-15T00:15:00+00:00,2022-05-12T00:00:00+00:00,2022-05-17T09:00:00+00:00
2022-05-16T16:51:05+00:00,2022-05-16T16:45:00+00:00,Monday,16,"[""h3_atr_change_4"", ""h3_slope_atr_8""]",2.0,426,162.0,2022-05-15T00:00:00+00:00,163.0,40.0,13.0,"[""h3_atr_change_4"", ""h3_slope_atr_8""]",UNEXPLAINED_DATA_GAP,MIDWEEK_SEGMENT_WARMUP,True,2022-05-16T16:30:00+00:00,2022-05-16T17:00:00+00:00,2022-05-12T00:00:00+00:00,2022-05-17T09:00:00+00:00
2022-05-16T19:12:59+00:00,2022-05-16T19:00:00+00:00,Monday,19,"[""h3_atr_change_4"", ""h3_slope_atr_8""]",2.0,426,171.0,2022-05-15T00:00:00+00:00,172.0,43.0,14.0,"[""h3_atr_change_4"", ""h3_slope_atr_8""]",UNEXPLAINED_DATA_GAP,MIDWEEK_SEGMENT_WARMUP,True,2022-05-16T18:45:00+00:00,2022-05-16T19:15:00+00:00,2022-05-12T00:00:00+00:00,2022-05-17T09:00:00+00:00
2022-05-17T01:13:36+00:00,2022-05-17T01:00:00+00:00,Tuesday,1,"[""h3_atr_change_4""]",1.0,426,195.0,2022-05-15T00:00:00+00:00,196.0,49.0,16.0,"[""h3_atr_change_4""]",UNEXPLAINED_DATA_GAP,MIDWEEK_SEGMENT_WARMUP,True,2022-05-17T00:45:00+00:00,2022-05-17T01:15:00+00:00,2022-05-12T00:00:00+00:00,2022-05-17T09:00:00+00:00
2022-05-24T01:13:25+00:00,2022-05-24T01:00:00+00:00,Tuesday,1,"[""h3_atr_change_4""]",1.0,427,195.0,2022-05-22T00:00:00+00:00,196.0,49.0,16.0,"[""h3_atr_change_4""]",UNEXPLAINED_DATA_GAP,WEEKLY_SEGMENT_WARMUP,True,2022-05-24T00:45:00+00:00,2022-05-24T01:15:00+00:00,2022-05-20T21:00:00+00:00,2022-05-24T09:00:00+00:00
2022-05-30T04:09:05+00:00,2022-05-30T04:00:00+00:00,Monday,4,"[""h3_atr_change_4"", ""h3_slope_atr_8""]",2.0,428,111.0,2022-05-29T00:00:00+00:00,112.0,28.0,9.0,"[""h3_atr_change_4"", ""h3_slope_atr_8""]",UNEXPLAINED_DATA_GAP,WEEKLY_SEGMENT_WARMUP,True,2022-05-30T03:45:00+00:00,2022-05-30T04:15:00+00:00,2022-05-27T21:00:00+00:00,2022-05-31T09:00:00+00:00
2022-05-31T00:03:59+00:00,2022-05-31T00:00:00+00:00,Tuesday,0,"[""h3_atr_change_4""]",1.0,428,191.0,2022-05-29T00:00:00+00:00,192.0,48.0,16.0,"[""h3_atr_change_4""]",UNEXPLAINED_DATA_GAP,WEEKLY_SEGMENT_WARMUP,True,2022-05-30T23:45:00+00:00,2022-05-31T00:15:00+00:00,2022-05-27T21:00:00+00:00,2022-05-31T09:00:00+00:00
2022-06-06T04:33:03+00:00,2022-06-06T04:30:00+00:00,Monday,4,"[""h3_atr_change_4"", ""h3_slope_atr_8""]",2.0,429,113.0,2022-06-05T00:00:00+00:00,114.0,28.0,9.0,"[""h3_atr_change_4"", ""h3_slope_atr_8""]",UNEXPLAINED_DATA_GAP,WEEKLY_SEGMENT_WARMUP,True,2022-06-06T04:15:00+00:00,2022-06-06T04:45:00+00:00,2022-06-03T21:00:00+00:00,2022-06-07T09:00:00+00:00
2022-06-06T17:37:20+00:00,2022-06-06T17:30:00+00:00,Monday,17,"[""h3_atr_change_4"", ""h3_slope_atr_8""]",2.0,429,165.0,2022-06-05T00:00:00+00:00,166.0,41.0,13.0,"[""h3_atr_change_4"", ""h3_slope_atr_8""]",UNEXPLAINED_DATA_GAP,WEEKLY_SEGMENT_WARMUP,True,2022-06-06T17:15:00+00:00,2022-06-06T17:45:00+00:00,2022-06-03T21:00:00+00:00,2022-06-07T09:00:00+00:00
2022-06-07T02:25:27+00:00,2022-06-07T02:15:00+00:00,Tuesday,2,"[""h3_atr_change_4""]",1.0,429,200.0,2022-06-05T00:00:00+00:00,201.0,50.0,16.0,"[""h3_atr_change_4""]",UNEXPLAINED_DATA_GAP,WEEKLY_SEGMENT_WARMUP,True,2022-06-07T02:00:00+00:00,2022-06-07T02:30:00+00:00,2022-06-03T21:00:00+00:00,2022-06-07T09:00:00+00:00
2022-06-07T04:26:40+00:00,2022-06-07T04:15:00+00:00,Tuesday,4,"[""h3_atr_change_4""]",1.0,429,208.0,2022-06-05T00:00:00+00:00,209.0,52.0,17.0,"[""h3_atr_change_4""]",UNEXPLAINED_DATA_GAP,WEEKLY_SEGMENT_WARMUP,True,2022-06-07T04:00:00+00:00,2022-06-07T04:30:00+00:00,2022-06-03T21:00:00+00:00,2022-06-07T09:00:00+00:00
2022-06-07T07:46:36+00:00,2022-06-07T07:45:00+00:00,Tuesday,7,"[""h3_atr_change_4""]",1.0,429,222.0,2022-06-05T00:00:00+00:00,223.0,55.0,18.0,"[""h3_atr_change_4""]",UNEXPLAINED_DATA_GAP,WEEKLY_SEGMENT_WARMUP,True,2022-06-07T07:30:00+00:00,2022-06-07T08:00:00+00:00,2022-06-03T21:00:00+00:00,2022-06-07T09:00:00+00:00
2022-06-10T23:02:04+00:00,2022-06-10T23:00:00+00:00,Friday,23,,,,,,,,,,,SOURCE_BAR_GAP,True,2022-06-10T21:00:00+00:00,2022-06-12T00:15:00+00:00,2022-06-10T21:00:00+00:00,2022-06-14T09:00:00+00:00
2022-06-13T09:06:41+00:00,2022-06-13T09:00:00+00:00,Monday,9,"[""h3_atr_change_4"", ""h3_slope_atr_8""]",2.0,430,131.0,2022-06-12T00:00:00+00:00,132.0,33.0,11.0,"[""h3_atr_change_4"", ""h3_slope_atr_8""]",UNEXPLAINED_DATA_GAP,WEEKLY_SEGMENT_WARMUP,True,2022-06-13T08:45:00+00:00,2022-06-13T09:15:00+00:00,2022-06-10T21:00:00+00:00,2022-06-14T09:00:00+00:00
2022-06-13T14:29:02+00:00,2022-06-13T14:15:00+00:00,Monday,14,"[""h3_atr_change_4"", ""h3_slope_atr_8""]",2.0,430,152.0,2022-06-12T00:00:00+00:00,153.0,38.0,12.0,"[""h3_atr_change_4"", ""h3_slope_atr_8""]",UNEXPLAINED_DATA_GAP,WEEKLY_SEGMENT_WARMUP,True,2022-06-13T14:00:00+00:00,2022-06-13T14:30:00+00:00,2022-06-10T21:00:00+00:00,2022-06-14T09:00:00+00:00
2022-06-13T16:05:38+00:00,2022-06-13T16:00:00+00:00,Monday,16,"[""h3_atr_change_4"", ""h3_slope_atr_8""]",2.0,430,159.0,2022-06-12T00:00:00+00:00,160.0,40.0,13.0,"[""h3_atr_change_4"", ""h3_slope_atr_8""]",UNEXPLAINED_DATA_GAP,WEEKLY_SEGMENT_WARMUP,True,2022-06-13T15:45:00+00:00,2022-06-13T16:15:00+00:00,2022-06-10T21:00:00+00:00,2022-06-14T09:00:00+00:00
2022-06-13T22:24:39+00:00,2022-06-13T22:15:00+00:00,Monday,22,"[""h3_atr_change_4""]",1.0,430,184.0,2022-06-12T00:00:00+00:00,185.0,46.0,15.0,"[""h3_atr_change_4""]",UNEXPLAINED_DATA_GAP,WEEKLY_SEGMENT_WARMUP,True,2022-06-13T22:00:00+00:00,2022-06-13T22:30:00+00:00,2022-06-10T21:00:00+00:00,2022-06-14T09:00:00+00:00
2022-06-20T10:11:28+00:00,2022-06-20T10:00:00+00:00,Monday,10,"[""h3_atr_change_4"", ""h3_slope_atr_8""]",2.0,431,135.0,2022-06-19T00:00:00+00:00,136.0,34.0,11.0,"[""h3_atr_change_4"", ""h3_slope_atr_8""]",UNEXPLAINED_DATA_GAP,WEEKLY_SEGMENT_WARMUP,True,2022-06-20T09:45:00+00:00,2022-06-20T10:15:00+00:00,2022-06-17T21:00:00+00:00,2022-06-21T09:00:00+00:00
2022-06-20T15:14:33+00:00,2022-06-20T15:00:00+00:00,Monday,15,"[""h3_atr_change_4"", ""h3_slope_atr_8""]",2.0,431,155.0,2022-06-19T00:00:00+00:00,156.0,39.0,13.0,"[""h3_atr_change_4"", ""h3_slope_atr_8""]",UNEXPLAINED_DATA_GAP,WEEKLY_SEGMENT_WARMUP,True,2022-06-20T14:45:00+00:00,2022-06-20T15:15:00+00:00,2022-06-17T21:00:00+00:00,2022-06-21T09:00:00+00:00
2022-06-21T07:03:54+00:00,2022-06-21T07:00:00+00:00,Tuesday,7,"[""h3_atr_change_4""]",1.0,431,219.0,2022-06-19T00:00:00+00:00,220.0,55.0,18.0,"[""h3_atr_change_4""]",UNEXPLAINED_DATA_GAP,WEEKLY_SEGMENT_WARMUP,True,2022-06-21T06:45:00+00:00,2022-06-21T07:15:00+00:00,2022-06-17T21:00:00+00:00,2022-06-21T09:00:00+00:00
2022-06-27T07:00:28+00:00,2022-06-27T07:00:00+00:00,Monday,7,"[""h3_atr_change_4"", ""h3_slope_atr_8""]",2.0,432,123.0,2022-06-26T00:00:00+00:00,124.0,31.0,10.0,"[""h3_atr_change_4"", ""h3_slope_atr_8""]",UNEXPLAINED_DATA_GAP,WEEKLY_SEGMENT_WARMUP,True,2022-06-27T06:45:00+00:00,2022-06-27T07:15:00+00:00,2022-06-24T21:00:00+00:00,2022-06-28T09:00:00+00:00
2022-06-27T14:48:38+00:00,2022-06-27T14:45:00+00:00,Monday,14,"[""h3_atr_change_4"", ""h3_slope_atr_8""]",2.0,432,154.0,2022-06-26T00:00:00+00:00,155.0,38.0,12.0,"[""h3_atr_change_4"", ""h3_slope_atr_8""]",UNEXPLAINED_DATA_GAP,WEEKLY_SEGMENT_WARMUP,True,2022-06-27T14:30:00+00:00,2022-06-27T15:00:00+00:00,2022-06-24T21:00:00+00:00,2022-06-28T09:00:00+00:00
2022-06-28T01:19:05+00:00,2022-06-28T01:15:00+00:00,Tuesday,1,"[""h3_atr_change_4""]",1.0,432,196.0,2022-06-26T00:00:00+00:00,197.0,49.0,16.0,"[""h3_atr_change_4""]",UNEXPLAINED_DATA_GAP,WEEKLY_SEGMENT_WARMUP,True,2022-06-28T01:00:00+00:00,2022-06-28T01:30:00+00:00,2022-06-24T21:00:00+00:00,2022-06-28T09:00:00+00:00
2022-07-04T11:04:21+00:00,2022-07-04T11:00:00+00:00,Monday,11,,,,,,,,,,,SOURCE_BAR_GAP,True,2022-07-04T00:00:00+00:00,2022-07-05T00:15:00+00:00,2022-07-01T21:00:00+00:00,2022-07-07T09:00:00+00:00
2022-07-04T17:24:39+00:00,2022-07-04T17:15:00+00:00,Monday,17,,,,,,,,,,,SOURCE_BAR_GAP,True,2022-07-04T00:00:00+00:00,2022-07-05T00:15:00+00:00,2022-07-01T21:00:00+00:00,2022-07-07T09:00:00+00:00
2022-07-05T07:01:59+00:00,2022-07-05T07:00:00+00:00,Tuesday,7,"[""h1_er_8"", ""h1_atr_change_4"", ""h1_slope_atr_8"", ""h3_er_8"", ""h3_atr_change_4"", ""h3_slope_atr_8""]",6.0,434,27.0,2022-07-05T00:00:00+00:00,28.0,7.0,2.0,"[""h1_er_8"", ""h1_atr_change_4"", ""h1_slope_atr_8"", ""h3_er_8"", ""h3_atr_change_4"", ""h3_slope_atr_8""]",UNEXPLAINED_DATA_GAP,MIDWEEK_SEGMENT_WARMUP,True,2022-07-05T06:45:00+00:00,2022-07-05T07:15:00+00:00,2022-07-01T21:00:00+00:00,2022-07-07T09:00:00+00:00
2022-07-05T10:04:40+00:00,2022-07-05T10:00:00+00:00,Tuesday,10,"[""h1_atr_change_4"", ""h1_slope_atr_8"", ""h3_er_8"", ""h3_atr_change_4"", ""h3_slope_atr_8""]",5.0,434,39.0,2022-07-05T00:00:00+00:00,40.0,10.0,3.0,"[""h1_atr_change_4"", ""h1_slope_atr_8"", ""h3_er_8"", ""h3_atr_change_4"", ""h3_slope_atr_8""]",UNEXPLAINED_DATA_GAP,MIDWEEK_SEGMENT_WARMUP,True,2022-07-05T09:45:00+00:00,2022-07-05T10:15:00+00:00,2022-07-01T21:00:00+00:00,2022-07-07T09:00:00+00:00
2022-07-05T16:01:36+00:00,2022-07-05T16:00:00+00:00,Tuesday,16,"[""h1_atr_change_4"", ""h3_er_8"", ""h3_atr_change_4"", ""h3_slope_atr_8""]",4.0,434,63.0,2022-07-05T00:00:00+00:00,64.0,16.0,5.0,"[""h1_atr_change_4"", ""h3_er_8"", ""h3_atr_change_4"", ""h3_slope_atr_8""]",UNEXPLAINED_DATA_GAP,MIDWEEK_SEGMENT_WARMUP,True,2022-07-05T15:45:00+00:00,2022-07-05T16:15:00+00:00,2022-07-01T21:00:00+00:00,2022-07-07T09:00:00+00:00
2022-07-06T02:55:32+00:00,2022-07-06T02:45:00+00:00,Wednesday,2,"[""h3_er_8"", ""h3_atr_change_4"", ""h3_slope_atr_8""]",3.0,434,106.0,2022-07-05T00:00:00+00:00,107.0,26.0,8.0,"[""h3_er_8"", ""h3_atr_change_4"", ""h3_slope_atr_8""]",UNEXPLAINED_DATA_GAP,MIDWEEK_SEGMENT_WARMUP,True,2022-07-06T02:30:00+00:00,2022-07-06T03:00:00+00:00,2022-07-01T21:00:00+00:00,2022-07-07T09:00:00+00:00
2022-07-06T07:13:56+00:00,2022-07-06T07:00:00+00:00,Wednesday,7,"[""h3_atr_change_4"", ""h3_slope_atr_8""]",2.0,434,123.0,2022-07-05T00:00:00+00:00,124.0,31.0,10.0,"[""h3_atr_change_4"", ""h3_slope_atr_8""]",UNEXPLAINED_DATA_GAP,MIDWEEK_SEGMENT_WARMUP,True,2022-07-06T06:45:00+00:00,2022-07-06T07:15:00+00:00,2022-07-01T21:00:00+00:00,2022-07-07T09:00:00+00:00
2022-07-06T10:04:29+00:00,2022-07-06T10:00:00+00:00,Wednesday,10,"[""h3_atr_change_4"", ""h3_slope_atr_8""]",2.0,434,135.0,2022-07-05T00:00:00+00:00,136.0,34.0,11.0,"[""h3_atr_change_4"", ""h3_slope_atr_8""]",UNEXPLAINED_DATA_GAP,MIDWEEK_SEGMENT_WARMUP,True,2022-07-06T09:45:00+00:00,2022-07-06T10:15:00+00:00,2022-07-01T21:00:00+00:00,2022-07-07T09:00:00+00:00
2022-07-06T15:13:38+00:00,2022-07-06T15:00:00+00:00,Wednesday,15,"[""h3_atr_change_4"", ""h3_slope_atr_8""]",2.0,434,155.0,2022-07-05T00:00:00+00:00,156.0,39.0,13.0,"[""h3_atr_change_4"", ""h3_slope_atr_8""]",UNEXPLAINED_DATA_GAP,MIDWEEK_SEGMENT_WARMUP,True,2022-07-06T14:45:00+00:00,2022-07-06T15:15:00+00:00,2022-07-01T21:00:00+00:00,2022-07-07T09:00:00+00:00
2022-07-07T01:14:59+00:00,2022-07-07T01:00:00+00:00,Thursday,1,"[""h3_atr_change_4""]",1.0,434,195.0,2022-07-05T00:00:00+00:00,196.0,49.0,16.0,"[""h3_atr_change_4""]",UNEXPLAINED_DATA_GAP,MIDWEEK_SEGMENT_WARMUP,True,2022-07-07T00:45:00+00:00,2022-07-07T01:15:00+00:00,2022-07-01T21:00:00+00:00,2022-07-07T09:00:00+00:00
2022-07-11T08:35:34+00:00,2022-07-11T08:30:00+00:00,Monday,8,"[""h3_atr_change_4"", ""h3_slope_atr_8""]",2.0,435,129.0,2022-07-10T00:00:00+00:00,130.0,32.0,10.0,"[""h3_atr_change_4"", ""h3_slope_atr_8""]",UNEXPLAINED_DATA_GAP,WEEKLY_SEGMENT_WARMUP,True,2022-07-11T08:15:00+00:00,2022-07-11T08:45:00+00:00,2022-07-08T21:00:00+00:00,2022-07-12T09:00:00+00:00
2022-07-11T15:39:29+00:00,2022-07-11T15:30:00+00:00,Monday,15,"[""h3_atr_change_4"", ""h3_slope_atr_8""]",2.0,435,157.0,2022-07-10T00:00:00+00:00,158.0,39.0,13.0,"[""h3_atr_change_4"", ""h3_slope_atr_8""]",UNEXPLAINED_DATA_GAP,WEEKLY_SEGMENT_WARMUP,True,2022-07-11T15:15:00+00:00,2022-07-11T15:45:00+00:00,2022-07-08T21:00:00+00:00,2022-07-12T09:00:00+00:00
2022-07-11T16:10:27+00:00,2022-07-11T16:00:00+00:00,Monday,16,"[""h3_atr_change_4"", ""h3_slope_atr_8""]",2.0,435,159.0,2022-07-10T00:00:00+00:00,160.0,40.0,13.0,"[""h3_atr_change_4"", ""h3_slope_atr_8""]",UNEXPLAINED_DATA_GAP,WEEKLY_SEGMENT_WARMUP,True,2022-07-11T15:45:00+00:00,2022-07-11T16:15:00+00:00,2022-07-08T21:00:00+00:00,2022-07-12T09:00:00+00:00
2022-07-11T19:16:19+00:00,2022-07-11T19:15:00+00:00,Monday,19,"[""h3_atr_change_4"", ""h3_slope_atr_8""]",2.0,435,172.0,2022-07-10T00:00:00+00:00,173.0,43.0,14.0,"[""h3_atr_change_4"", ""h3_slope_atr_8""]",UNEXPLAINED_DATA_GAP,WEEKLY_SEGMENT_WARMUP,True,2022-07-11T19:00:00+00:00,2022-07-11T19:30:00+00:00,2022-07-08T21:00:00+00:00,2022-07-12T09:00:00+00:00
2022-07-12T04:02:02+00:00,2022-07-12T04:00:00+00:00,Tuesday,4,"[""h3_atr_change_4""]",1.0,435,207.0,2022-07-10T00:00:00+00:00,208.0,52.0,17.0,"[""h3_atr_change_4""]",UNEXPLAINED_DATA_GAP,WEEKLY_SEGMENT_WARMUP,True,2022-07-12T03:45:00+00:00,2022-07-12T04:15:00+00:00,2022-07-08T21:00:00+00:00,2022-07-12T09:00:00+00:00
2022-07-13T01:20:07+00:00,2022-07-13T01:15:00+00:00,Wednesday,1,,,,,,,,,,,SOURCE_BAR_GAP,True,2022-07-13T00:00:00+00:00,2022-07-14T00:15:00+00:00,2022-07-13T00:00:00+00:00,2022-07-19T09:00:00+00:00
2022-07-13T04:43:26+00:00,2022-07-13T04:30:00+00:00,Wednesday,4,,,,,,,,,,,SOURCE_BAR_GAP,True,2022-07-13T00:00:00+00:00,2022-07-14T00:15:00+00:00,2022-07-13T00:00:00+00:00,2022-07-19T09:00:00+00:00
2022-07-13T10:20:40+00:00,2022-07-13T10:15:00+00:00,Wednesday,10,,,,,,,,,,,SOURCE_BAR_GAP,True,2022-07-13T00:00:00+00:00,2022-07-14T00:15:00+00:00,2022-07-13T00:00:00+00:00,2022-07-19T09:00:00+00:00
2022-07-13T15:30:39+00:00,2022-07-13T15:30:00+00:00,Wednesday,15,,,,,,,,,,,SOURCE_BAR_GAP,True,2022-07-13T00:00:00+00:00,2022-07-14T00:15:00+00:00,2022-07-13T00:00:00+00:00,2022-07-19T09:00:00+00:00
2022-07-14T02:26:28+00:00,2022-07-14T02:15:00+00:00,Thursday,2,"[""er_16"", ""rv_16"", ""atr_change_1"", ""atr_change_8"", ""slope_atr_4"", ""slope_atr_16"", ""range_pos_16"", ""h1_er_8"", ""h1_atr_change_4"", ""h1_slope_atr_8"", ""h3_er_8"", ""h3_atr_change_4"", ""h3_slope_atr_8""]",13.0,436,8.0,2022-07-14T00:00:00+00:00,9.0,2.0,0.0,"[""er_16"", ""rv_16"", ""atr_change_1"", ""atr_change_8"", ""slope_atr_4"", ""slope_atr_16"", ""range_pos_16"", ""h1_er_8"", ""h1_atr_change_4"", ""h1_slope_atr_8"", ""h3_er_8"", ""h3_atr_change_4"", ""h3_slope_atr_8""]",UNEXPLAINED_DATA_GAP,MIDWEEK_SEGMENT_WARMUP,True,2022-07-14T02:00:00+00:00,2022-07-14T02:30:00+00:00,2022-07-13T00:00:00+00:00,2022-07-19T09:00:00+00:00
2022-07-14T16:40:31+00:00,2022-07-14T16:30:00+00:00,Thursday,16,"[""h1_atr_change_4"", ""h3_er_8"", ""h3_atr_change_4"", ""h3_slope_atr_8""]",4.0,436,65.0,2022-07-14T00:00:00+00:00,66.0,16.0,5.0,"[""h1_atr_change_4"", ""h3_er_8"", ""h3_atr_change_4"", ""h3_slope_atr_8""]",UNEXPLAINED_DATA_GAP,MIDWEEK_SEGMENT_WARMUP,True,2022-07-14T16:15:00+00:00,2022-07-14T16:45:00+00:00,2022-07-13T00:00:00+00:00,2022-07-19T09:00:00+00:00
2022-07-14T22:03:38+00:00,2022-07-14T22:00:00+00:00,Thursday,22,"[""h3_er_8"", ""h3_atr_change_4"", ""h3_slope_atr_8""]",3.0,436,87.0,2022-07-14T00:00:00+00:00,88.0,22.0,7.0,"[""h3_er_8"", ""h3_atr_change_4"", ""h3_slope_atr_8""]",UNEXPLAINED_DATA_GAP,MIDWEEK_SEGMENT_WARMUP,True,2022-07-14T21:45:00+00:00,2022-07-14T22:15:00+00:00,2022-07-13T00:00:00+00:00,2022-07-19T09:00:00+00:00
2022-07-15T09:07:29+00:00,2022-07-15T09:00:00+00:00,Friday,9,"[""h3_atr_change_4"", ""h3_slope_atr_8""]",2.0,436,131.0,2022-07-14T00:00:00+00:00,132.0,33.0,11.0,"[""h3_atr_change_4"", ""h3_slope_atr_8""]",UNEXPLAINED_DATA_GAP,MIDWEEK_SEGMENT_WARMUP,True,2022-07-15T08:45:00+00:00,2022-07-15T09:15:00+00:00,2022-07-13T00:00:00+00:00,2022-07-19T09:00:00+00:00
2022-07-18T22:44:37+00:00,2022-07-18T22:30:00+00:00,Monday,22,"[""h3_atr_change_4""]",1.0,437,185.0,2022-07-17T00:00:00+00:00,186.0,46.0,15.0,"[""h3_atr_change_4""]",UNEXPLAINED_DATA_GAP,WEEKLY_SEGMENT_WARMUP,True,2022-07-18T22:15:00+00:00,2022-07-18T22:45:00+00:00,2022-07-13T00:00:00+00:00,2022-07-19T09:00:00+00:00
2022-07-19T03:18:18+00:00,2022-07-19T03:15:00+00:00,Tuesday,3,"[""h3_atr_change_4""]",1.0,437,204.0,2022-07-17T00:00:00+00:00,205.0,51.0,17.0,"[""h3_atr_change_4""]",UNEXPLAINED_DATA_GAP,WEEKLY_SEGMENT_WARMUP,True,2022-07-19T03:00:00+00:00,2022-07-19T03:30:00+00:00,2022-07-13T00:00:00+00:00,2022-07-19T09:00:00+00:00
2022-07-25T11:00:28+00:00,2022-07-25T11:00:00+00:00,Monday,11,"[""h3_atr_change_4"", ""h3_slope_atr_8""]",2.0,438,139.0,2022-07-24T00:00:00+00:00,140.0,35.0,11.0,"[""h3_atr_change_4"", ""h3_slope_atr_8""]",UNEXPLAINED_DATA_GAP,WEEKLY_SEGMENT_WARMUP,True,2022-07-25T10:45:00+00:00,2022-07-25T11:15:00+00:00,2022-07-22T21:00:00+00:00,2022-07-26T09:00:00+00:00
2022-07-25T16:12:59+00:00,2022-07-25T16:00:00+00:00,Monday,16,"[""h3_atr_change_4"", ""h3_slope_atr_8""]",2.0,438,159.0,2022-07-24T00:00:00+00:00,160.0,40.0,13.0,"[""h3_atr_change_4"", ""h3_slope_atr_8""]",UNEXPLAINED_DATA_GAP,WEEKLY_SEGMENT_WARMUP,True,2022-07-25T15:45:00+00:00,2022-07-25T16:15:00+00:00,2022-07-22T21:00:00+00:00,2022-07-26T09:00:00+00:00
2022-07-26T02:30:15+00:00,2022-07-26T02:30:00+00:00,Tuesday,2,"[""h3_atr_change_4""]",1.0,438,201.0,2022-07-24T00:00:00+00:00,202.0,50.0,16.0,"[""h3_atr_change_4""]",UNEXPLAINED_DATA_GAP,WEEKLY_SEGMENT_WARMUP,True,2022-07-26T02:15:00+00:00,2022-07-26T02:45:00+00:00,2022-07-22T21:00:00+00:00,2022-07-26T09:00:00+00:00
2022-07-26T07:00:15+00:00,2022-07-26T07:00:00+00:00,Tuesday,7,"[""h3_atr_change_4""]",1.0,438,219.0,2022-07-24T00:00:00+00:00,220.0,55.0,18.0,"[""h3_atr_change_4""]",UNEXPLAINED_DATA_GAP,WEEKLY_SEGMENT_WARMUP,True,2022-07-26T06:45:00+00:00,2022-07-26T07:15:00+00:00,2022-07-22T21:00:00+00:00,2022-07-26T09:00:00+00:00
2022-07-28T01:04:04+00:00,2022-07-28T01:00:00+00:00,Thursday,1,,,,,,,,,,,SOURCE_BAR_GAP,True,2022-07-28T00:00:00+00:00,2022-07-29T00:15:00+00:00,2022-07-28T00:00:00+00:00,2022-08-02T09:00:00+00:00
2022-07-28T10:13:38+00:00,2022-07-28T10:00:00+00:00,Thursday,10,,,,,,,,,,,SOURCE_BAR_GAP,True,2022-07-28T00:00:00+00:00,2022-07-29T00:15:00+00:00,2022-07-28T00:00:00+00:00,2022-08-02T09:00:00+00:00
2022-07-28T16:47:28+00:00,2022-07-28T16:45:00+00:00,Thursday,16,,,,,,,,,,,SOURCE_BAR_GAP,True,2022-07-28T00:00:00+00:00,2022-07-29T00:15:00+00:00,2022-07-28T00:00:00+00:00,2022-08-02T09:00:00+00:00
2022-07-28T19:00:37+00:00,2022-07-28T19:00:00+00:00,Thursday,19,,,,,,,,,,,SOURCE_BAR_GAP,True,2022-07-28T00:00:00+00:00,2022-07-29T00:15:00+00:00,2022-07-28T00:00:00+00:00,2022-08-02T09:00:00+00:00
2022-07-29T05:42:54+00:00,2022-07-29T05:30:00+00:00,Friday,5,"[""atr_change_8"", ""h1_er_8"", ""h1_atr_change_4"", ""h1_slope_atr_8"", ""h3_er_8"", ""h3_atr_change_4"", ""h3_slope_atr_8""]",7.0,439,21.0,2022-07-29T00:00:00+00:00,22.0,5.0,1.0,"[""atr_change_8"", ""h1_er_8"", ""h1_atr_change_4"", ""h1_slope_atr_8"", ""h3_er_8"", ""h3_atr_change_4"", ""h3_slope_atr_8""]",UNEXPLAINED_DATA_GAP,MIDWEEK_SEGMENT_WARMUP,True,2022-07-29T05:15:00+00:00,2022-07-29T05:45:00+00:00,2022-07-28T00:00:00+00:00,2022-08-02T09:00:00+00:00
2022-07-29T16:15:36+00:00,2022-07-29T16:15:00+00:00,Friday,16,"[""h1_atr_change_4"", ""h3_er_8"", ""h3_atr_change_4"", ""h3_slope_atr_8""]",4.0,439,64.0,2022-07-29T00:00:00+00:00,65.0,16.0,5.0,"[""h1_atr_change_4"", ""h3_er_8"", ""h3_atr_change_4"", ""h3_slope_atr_8""]",UNEXPLAINED_DATA_GAP,MIDWEEK_SEGMENT_WARMUP,True,2022-07-29T16:00:00+00:00,2022-07-29T16:30:00+00:00,2022-07-28T00:00:00+00:00,2022-08-02T09:00:00+00:00
2022-08-01T08:57:33+00:00,2022-08-01T08:45:00+00:00,Monday,8,"[""h3_atr_change_4"", ""h3_slope_atr_8""]",2.0,440,130.0,2022-07-31T00:00:00+00:00,131.0,32.0,10.0,"[""h3_atr_change_4"", ""h3_slope_atr_8""]",UNEXPLAINED_DATA_GAP,WEEKLY_SEGMENT_WARMUP,True,2022-08-01T08:30:00+00:00,2022-08-01T09:00:00+00:00,2022-07-28T00:00:00+00:00,2022-08-02T09:00:00+00:00
2022-08-08T21:17:28+00:00,2022-08-08T21:15:00+00:00,Monday,21,"[""h3_atr_change_4""]",1.0,441,180.0,2022-08-07T00:00:00+00:00,181.0,45.0,15.0,"[""h3_atr_change_4""]",UNEXPLAINED_DATA_GAP,WEEKLY_SEGMENT_WARMUP,True,2022-08-08T21:00:00+00:00,2022-08-08T21:30:00+00:00,2022-08-05T21:00:00+00:00,2022-08-09T09:00:00+00:00
2022-08-09T04:19:27+00:00,2022-08-09T04:15:00+00:00,Tuesday,4,"[""h3_atr_change_4""]",1.0,441,208.0,2022-08-07T00:00:00+00:00,209.0,52.0,17.0,"[""h3_atr_change_4""]",UNEXPLAINED_DATA_GAP,WEEKLY_SEGMENT_WARMUP,True,2022-08-09T04:00:00+00:00,2022-08-09T04:30:00+00:00,2022-08-05T21:00:00+00:00,2022-08-09T09:00:00+00:00
2022-08-15T05:05:12+00:00,2022-08-15T05:00:00+00:00,Monday,5,"[""h3_atr_change_4"", ""h3_slope_atr_8""]",2.0,442,115.0,2022-08-14T00:00:00+00:00,116.0,29.0,9.0,"[""h3_atr_change_4"", ""h3_slope_atr_8""]",UNEXPLAINED_DATA_GAP,WEEKLY_SEGMENT_WARMUP,True,2022-08-15T04:45:00+00:00,2022-08-15T05:15:00+00:00,2022-08-12T21:00:00+00:00,2022-08-16T09:00:00+00:00
2022-08-15T11:42:32+00:00,2022-08-15T11:30:00+00:00,Monday,11,"[""h3_atr_change_4"", ""h3_slope_atr_8""]",2.0,442,141.0,2022-08-14T00:00:00+00:00,142.0,35.0,11.0,"[""h3_atr_change_4"", ""h3_slope_atr_8""]",UNEXPLAINED_DATA_GAP,WEEKLY_SEGMENT_WARMUP,True,2022-08-15T11:15:00+00:00,2022-08-15T11:45:00+00:00,2022-08-12T21:00:00+00:00,2022-08-16T09:00:00+00:00
2022-08-16T03:38:17+00:00,2022-08-16T03:30:00+00:00,Tuesday,3,"[""h3_atr_change_4""]",1.0,442,205.0,2022-08-14T00:00:00+00:00,206.0,51.0,17.0,"[""h3_atr_change_4""]",UNEXPLAINED_DATA_GAP,WEEKLY_SEGMENT_WARMUP,True,2022-08-16T03:15:00+00:00,2022-08-16T03:45:00+00:00,2022-08-12T21:00:00+00:00,2022-08-16T09:00:00+00:00
2022-08-22T10:53:01+00:00,2022-08-22T10:45:00+00:00,Monday,10,"[""h3_atr_change_4"", ""h3_slope_atr_8""]",2.0,443,138.0,2022-08-21T00:00:00+00:00,139.0,34.0,11.0,"[""h3_atr_change_4"", ""h3_slope_atr_8""]",UNEXPLAINED_DATA_GAP,WEEKLY_SEGMENT_WARMUP,True,2022-08-22T10:30:00+00:00,2022-08-22T11:00:00+00:00,2022-08-19T21:00:00+00:00,2022-08-23T09:00:00+00:00
2022-08-22T13:04:39+00:00,2022-08-22T13:00:00+00:00,Monday,13,"[""h3_atr_change_4"", ""h3_slope_atr_8""]",2.0,443,147.0,2022-08-21T00:00:00+00:00,148.0,37.0,12.0,"[""h3_atr_change_4"", ""h3_slope_atr_8""]",UNEXPLAINED_DATA_GAP,WEEKLY_SEGMENT_WARMUP,True,2022-08-22T12:45:00+00:00,2022-08-22T13:15:00+00:00,2022-08-19T21:00:00+00:00,2022-08-23T09:00:00+00:00
2022-08-22T16:35:42+00:00,2022-08-22T16:30:00+00:00,Monday,16,"[""h3_atr_change_4"", ""h3_slope_atr_8""]",2.0,443,161.0,2022-08-21T00:00:00+00:00,162.0,40.0,13.0,"[""h3_atr_change_4"", ""h3_slope_atr_8""]",UNEXPLAINED_DATA_GAP,WEEKLY_SEGMENT_WARMUP,True,2022-08-22T16:15:00+00:00,2022-08-22T16:45:00+00:00,2022-08-19T21:00:00+00:00,2022-08-23T09:00:00+00:00
2022-08-23T05:04:59+00:00,2022-08-23T05:00:00+00:00,Tuesday,5,"[""h3_atr_change_4""]",1.0,443,211.0,2022-08-21T00:00:00+00:00,212.0,53.0,17.0,"[""h3_atr_change_4""]",UNEXPLAINED_DATA_GAP,WEEKLY_SEGMENT_WARMUP,True,2022-08-23T04:45:00+00:00,2022-08-23T05:15:00+00:00,2022-08-19T21:00:00+00:00,2022-08-23T09:00:00+00:00
2022-08-23T07:52:06+00:00,2022-08-23T07:45:00+00:00,Tuesday,7,"[""h3_atr_change_4""]",1.0,443,222.0,2022-08-21T00:00:00+00:00,223.0,55.0,18.0,"[""h3_atr_change_4""]",UNEXPLAINED_DATA_GAP,WEEKLY_SEGMENT_WARMUP,True,2022-08-23T07:30:00+00:00,2022-08-23T08:00:00+00:00,2022-08-19T21:00:00+00:00,2022-08-23T09:00:00+00:00
2022-08-29T07:35:39+00:00,2022-08-29T07:30:00+00:00,Monday,7,"[""h3_atr_change_4"", ""h3_slope_atr_8""]",2.0,444,125.0,2022-08-28T00:00:00+00:00,126.0,31.0,10.0,"[""h3_atr_change_4"", ""h3_slope_atr_8""]",UNEXPLAINED_DATA_GAP,WEEKLY_SEGMENT_WARMUP,True,2022-08-29T07:15:00+00:00,2022-08-29T07:45:00+00:00,2022-08-26T21:00:00+00:00,2022-08-30T09:00:00+00:00
2022-08-30T05:02:18+00:00,2022-08-30T05:00:00+00:00,Tuesday,5,"[""h3_atr_change_4""]",1.0,444,211.0,2022-08-28T00:00:00+00:00,212.0,53.0,17.0,"[""h3_atr_change_4""]",UNEXPLAINED_DATA_GAP,WEEKLY_SEGMENT_WARMUP,True,2022-08-30T04:45:00+00:00,2022-08-30T05:15:00+00:00,2022-08-26T21:00:00+00:00,2022-08-30T09:00:00+00:00
2022-09-05T07:03:33+00:00,2022-09-05T07:00:00+00:00,Monday,7,"[""h3_atr_change_4"", ""h3_slope_atr_8""]",2.0,445,123.0,2022-09-04T00:00:00+00:00,124.0,31.0,10.0,"[""h3_atr_change_4"", ""h3_slope_atr_8""]",UNEXPLAINED_DATA_GAP,WEEKLY_SEGMENT_WARMUP,True,2022-09-05T06:45:00+00:00,2022-09-05T07:15:00+00:00,2022-09-02T21:00:00+00:00,2022-09-06T09:00:00+00:00
2022-09-05T22:00:59+00:00,2022-09-05T22:00:00+00:00,Monday,22,"[""h3_atr_change_4""]",1.0,445,183.0,2022-09-04T00:00:00+00:00,184.0,46.0,15.0,"[""h3_atr_change_4""]",UNEXPLAINED_DATA_GAP,WEEKLY_SEGMENT_WARMUP,True,2022-09-05T21:45:00+00:00,2022-09-05T22:15:00+00:00,2022-09-02T21:00:00+00:00,2022-09-06T09:00:00+00:00
2022-09-09T10:00:00+00:00,2022-09-09T10:00:00+00:00,Friday,10,,,,,,,,,,,SOURCE_BAR_GAP,True,2022-09-09T00:00:00+00:00,2022-09-11T00:15:00+00:00,2022-09-09T00:00:00+00:00,2022-09-13T09:00:00+00:00
2022-09-09T14:33:29+00:00,2022-09-09T14:30:00+00:00,Friday,14,,,,,,,,,,,SOURCE_BAR_GAP,True,2022-09-09T00:00:00+00:00,2022-09-11T00:15:00+00:00,2022-09-09T00:00:00+00:00,2022-09-13T09:00:00+00:00
2022-09-09T19:01:19+00:00,2022-09-09T19:00:00+00:00,Friday,19,,,,,,,,,,,SOURCE_BAR_GAP,True,2022-09-09T00:00:00+00:00,2022-09-11T00:15:00+00:00,2022-09-09T00:00:00+00:00,2022-09-13T09:00:00+00:00
2022-09-09T23:32:27+00:00,2022-09-09T23:30:00+00:00,Friday,23,,,,,,,,,,,SOURCE_BAR_GAP,True,2022-09-09T00:00:00+00:00,2022-09-11T00:15:00+00:00,2022-09-09T00:00:00+00:00,2022-09-13T09:00:00+00:00
2022-09-12T13:00:37+00:00,2022-09-12T13:00:00+00:00,Monday,13,"[""h3_atr_change_4"", ""h3_slope_atr_8""]",2.0,446,147.0,2022-09-11T00:00:00+00:00,148.0,37.0,12.0,"[""h3_atr_change_4"", ""h3_slope_atr_8""]",UNEXPLAINED_DATA_GAP,MIDWEEK_SEGMENT_WARMUP,True,2022-09-12T12:45:00+00:00,2022-09-12T13:15:00+00:00,2022-09-09T00:00:00+00:00,2022-09-13T09:00:00+00:00
2022-09-12T16:00:52+00:00,2022-09-12T16:00:00+00:00,Monday,16,"[""h3_atr_change_4"", ""h3_slope_atr_8""]",2.0,446,159.0,2022-09-11T00:00:00+00:00,160.0,40.0,13.0,"[""h3_atr_change_4"", ""h3_slope_atr_8""]",UNEXPLAINED_DATA_GAP,MIDWEEK_SEGMENT_WARMUP,True,2022-09-12T15:45:00+00:00,2022-09-12T16:15:00+00:00,2022-09-09T00:00:00+00:00,2022-09-13T09:00:00+00:00
2022-09-13T07:42:16+00:00,2022-09-13T07:30:00+00:00,Tuesday,7,"[""h3_atr_change_4""]",1.0,446,221.0,2022-09-11T00:00:00+00:00,222.0,55.0,18.0,"[""h3_atr_change_4""]",UNEXPLAINED_DATA_GAP,MIDWEEK_SEGMENT_WARMUP,True,2022-09-13T07:15:00+00:00,2022-09-13T07:45:00+00:00,2022-09-09T00:00:00+00:00,2022-09-13T09:00:00+00:00
2022-09-16T02:16:04+00:00,2022-09-16T02:15:00+00:00,Friday,2,,,,,,,,,,,SOURCE_BAR_GAP,True,2022-09-16T00:00:00+00:00,2022-09-19T00:15:00+00:00,2022-09-16T00:00:00+00:00,2022-09-21T09:00:00+00:00
2022-09-16T08:13:34+00:00,2022-09-16T08:00:00+00:00,Friday,8,,,,,,,,,,,SOURCE_BAR_GAP,True,2022-09-16T00:00:00+00:00,2022-09-19T00:15:00+00:00,2022-09-16T00:00:00+00:00,2022-09-21T09:00:00+00:00
2022-09-16T10:19:59+00:00,2022-09-16T10:15:00+00:00,Friday,10,,,,,,,,,,,SOURCE_BAR_GAP,True,2022-09-16T00:00:00+00:00,2022-09-19T00:15:00+00:00,2022-09-16T00:00:00+00:00,2022-09-21T09:00:00+00:00
2022-09-19T05:03:11+00:00,2022-09-19T05:00:00+00:00,Monday,5,"[""atr_change_8"", ""h1_er_8"", ""h1_atr_change_4"", ""h1_slope_atr_8"", ""h3_er_8"", ""h3_atr_change_4"", ""h3_slope_atr_8""]",7.0,447,19.0,2022-09-19T00:00:00+00:00,20.0,5.0,1.0,"[""atr_change_8"", ""h1_er_8"", ""h1_atr_change_4"", ""h1_slope_atr_8"", ""h3_er_8"", ""h3_atr_change_4"", ""h3_slope_atr_8""]",UNEXPLAINED_DATA_GAP,MIDWEEK_SEGMENT_WARMUP,True,2022-09-19T04:45:00+00:00,2022-09-19T05:15:00+00:00,2022-09-16T00:00:00+00:00,2022-09-21T09:00:00+00:00
2022-09-20T07:22:20+00:00,2022-09-20T07:15:00+00:00,Tuesday,7,"[""h3_atr_change_4"", ""h3_slope_atr_8""]",2.0,447,124.0,2022-09-19T00:00:00+00:00,125.0,31.0,10.0,"[""h3_atr_change_4"", ""h3_slope_atr_8""]",UNEXPLAINED_DATA_GAP,MIDWEEK_SEGMENT_WARMUP,True,2022-09-20T07:00:00+00:00,2022-09-20T07:30:00+00:00,2022-09-16T00:00:00+00:00,2022-09-21T09:00:00+00:00
2022-09-20T10:16:39+00:00,2022-09-20T10:15:00+00:00,Tuesday,10,"[""h3_atr_change_4"", ""h3_slope_atr_8""]",2.0,447,136.0,2022-09-19T00:00:00+00:00,137.0,34.0,11.0,"[""h3_atr_change_4"", ""h3_slope_atr_8""]",UNEXPLAINED_DATA_GAP,MIDWEEK_SEGMENT_WARMUP,True,2022-09-20T10:00:00+00:00,2022-09-20T10:30:00+00:00,2022-09-16T00:00:00+00:00,2022-09-21T09:00:00+00:00
2022-09-20T14:58:26+00:00,2022-09-20T14:45:00+00:00,Tuesday,14,"[""h3_atr_change_4"", ""h3_slope_atr_8""]",2.0,447,154.0,2022-09-19T00:00:00+00:00,155.0,38.0,12.0,"[""h3_atr_change_4"", ""h3_slope_atr_8""]",UNEXPLAINED_DATA_GAP,MIDWEEK_SEGMENT_WARMUP,True,2022-09-20T14:30:00+00:00,2022-09-20T15:00:00+00:00,2022-09-16T00:00:00+00:00,2022-09-21T09:00:00+00:00
2022-09-21T01:19:41+00:00,2022-09-21T01:15:00+00:00,Wednesday,1,"[""h3_atr_change_4""]",1.0,447,196.0,2022-09-19T00:00:00+00:00,197.0,49.0,16.0,"[""h3_atr_change_4""]",UNEXPLAINED_DATA_GAP,MIDWEEK_SEGMENT_WARMUP,True,2022-09-21T01:00:00+00:00,2022-09-21T01:30:00+00:00,2022-09-16T00:00:00+00:00,2022-09-21T09:00:00+00:00
2022-09-21T07:57:00+00:00,2022-09-21T07:45:00+00:00,Wednesday,7,"[""h3_atr_change_4""]",1.0,447,222.0,2022-09-19T00:00:00+00:00,223.0,55.0,18.0,"[""h3_atr_change_4""]",UNEXPLAINED_DATA_GAP,MIDWEEK_SEGMENT_WARMUP,True,2022-09-21T07:30:00+00:00,2022-09-21T08:00:00+00:00,2022-09-16T00:00:00+00:00,2022-09-21T09:00:00+00:00
2022-09-23T21:31:40+00:00,2022-09-23T21:30:00+00:00,Friday,21,,,,,,,,,,,SOURCE_BAR_GAP,True,2022-09-23T21:00:00+00:00,2022-09-26T00:15:00+00:00,2022-09-23T21:00:00+00:00,2022-09-28T09:00:00+00:00
2022-09-26T13:11:40+00:00,2022-09-26T13:00:00+00:00,Monday,13,"[""h1_atr_change_4"", ""h1_slope_atr_8"", ""h3_er_8"", ""h3_atr_change_4"", ""h3_slope_atr_8""]",5.0,448,51.0,2022-09-26T00:00:00+00:00,52.0,13.0,4.0,"[""h1_atr_change_4"", ""h1_slope_atr_8"", ""h3_er_8"", ""h3_atr_change_4"", ""h3_slope_atr_8""]",EXPECTED_MARKET_GAP,WEEKLY_SEGMENT_WARMUP,True,2022-09-26T12:45:00+00:00,2022-09-26T13:15:00+00:00,2022-09-23T21:00:00+00:00,2022-09-28T09:00:00+00:00
2022-09-26T18:34:35+00:00,2022-09-26T18:30:00+00:00,Monday,18,"[""h1_atr_change_4"", ""h3_er_8"", ""h3_atr_change_4"", ""h3_slope_atr_8""]",4.0,448,73.0,2022-09-26T00:00:00+00:00,74.0,18.0,6.0,"[""h1_atr_change_4"", ""h3_er_8"", ""h3_atr_change_4"", ""h3_slope_atr_8""]",EXPECTED_MARKET_GAP,WEEKLY_SEGMENT_WARMUP,True,2022-09-26T18:15:00+00:00,2022-09-26T18:45:00+00:00,2022-09-23T21:00:00+00:00,2022-09-28T09:00:00+00:00
2022-09-27T01:14:38+00:00,2022-09-27T01:00:00+00:00,Tuesday,1,"[""h3_er_8"", ""h3_atr_change_4"", ""h3_slope_atr_8""]",3.0,448,99.0,2022-09-26T00:00:00+00:00,100.0,25.0,8.0,"[""h3_er_8"", ""h3_atr_change_4"", ""h3_slope_atr_8""]",EXPECTED_MARKET_GAP,WEEKLY_SEGMENT_WARMUP,True,2022-09-27T00:45:00+00:00,2022-09-27T01:15:00+00:00,2022-09-23T21:00:00+00:00,2022-09-28T09:00:00+00:00
2022-09-27T11:03:27+00:00,2022-09-27T11:00:00+00:00,Tuesday,11,"[""h3_atr_change_4"", ""h3_slope_atr_8""]",2.0,448,139.0,2022-09-26T00:00:00+00:00,140.0,35.0,11.0,"[""h3_atr_change_4"", ""h3_slope_atr_8""]",EXPECTED_MARKET_GAP,WEEKLY_SEGMENT_WARMUP,True,2022-09-27T10:45:00+00:00,2022-09-27T11:15:00+00:00,2022-09-23T21:00:00+00:00,2022-09-28T09:00:00+00:00
2022-09-27T19:10:15+00:00,2022-09-27T19:00:00+00:00,Tuesday,19,"[""h3_atr_change_4"", ""h3_slope_atr_8""]",2.0,448,171.0,2022-09-26T00:00:00+00:00,172.0,43.0,14.0,"[""h3_atr_change_4"", ""h3_slope_atr_8""]",EXPECTED_MARKET_GAP,WEEKLY_SEGMENT_WARMUP,True,2022-09-27T18:45:00+00:00,2022-09-27T19:15:00+00:00,2022-09-23T21:00:00+00:00,2022-09-28T09:00:00+00:00
2022-09-28T07:55:37+00:00,2022-09-28T07:45:00+00:00,Wednesday,7,"[""h3_atr_change_4""]",1.0,448,222.0,2022-09-26T00:00:00+00:00,223.0,55.0,18.0,"[""h3_atr_change_4""]",EXPECTED_MARKET_GAP,WEEKLY_SEGMENT_WARMUP,True,2022-09-28T07:30:00+00:00,2022-09-28T08:00:00+00:00,2022-09-23T21:00:00+00:00,2022-09-28T09:00:00+00:00
2022-09-30T04:44:05+00:00,2022-09-30T04:30:00+00:00,Friday,4,,,,,,,,,,,SOURCE_BAR_GAP,True,2022-09-30T00:00:00+00:00,2022-10-03T00:15:00+00:00,2022-09-30T00:00:00+00:00,2022-10-05T09:00:00+00:00
2022-09-30T10:01:36+00:00,2022-09-30T10:00:00+00:00,Friday,10,,,,,,,,,,,SOURCE_BAR_GAP,True,2022-09-30T00:00:00+00:00,2022-10-03T00:15:00+00:00,2022-09-30T00:00:00+00:00,2022-10-05T09:00:00+00:00
2022-09-30T13:03:14+00:00,2022-09-30T13:00:00+00:00,Friday,13,,,,,,,,,,,SOURCE_BAR_GAP,True,2022-09-30T00:00:00+00:00,2022-10-03T00:15:00+00:00,2022-09-30T00:00:00+00:00,2022-10-05T09:00:00+00:00
2022-10-03T07:05:39+00:00,2022-10-03T07:00:00+00:00,Monday,7,"[""h1_er_8"", ""h1_atr_change_4"", ""h1_slope_atr_8"", ""h3_er_8"", ""h3_atr_change_4"", ""h3_slope_atr_8""]",6.0,449,27.0,2022-10-03T00:00:00+00:00,28.0,7.0,2.0,"[""h1_er_8"", ""h1_atr_change_4"", ""h1_slope_atr_8"", ""h3_er_8"", ""h3_atr_change_4"", ""h3_slope_atr_8""]",UNEXPLAINED_DATA_GAP,MIDWEEK_SEGMENT_WARMUP,True,2022-10-03T06:45:00+00:00,2022-10-03T07:15:00+00:00,2022-09-30T00:00:00+00:00,2022-10-05T09:00:00+00:00
2022-10-03T10:00:38+00:00,2022-10-03T10:00:00+00:00,Monday,10,"[""h1_atr_change_4"", ""h1_slope_atr_8"", ""h3_er_8"", ""h3_atr_change_4"", ""h3_slope_atr_8""]",5.0,449,39.0,2022-10-03T00:00:00+00:00,40.0,10.0,3.0,"[""h1_atr_change_4"", ""h1_slope_atr_8"", ""h3_er_8"", ""h3_atr_change_4"", ""h3_slope_atr_8""]",UNEXPLAINED_DATA_GAP,MIDWEEK_SEGMENT_WARMUP,True,2022-10-03T09:45:00+00:00,2022-10-03T10:15:00+00:00,2022-09-30T00:00:00+00:00,2022-10-05T09:00:00+00:00
2022-10-03T16:36:39+00:00,2022-10-03T16:30:00+00:00,Monday,16,"[""h1_atr_change_4"", ""h3_er_8"", ""h3_atr_change_4"", ""h3_slope_atr_8""]",4.0,449,65.0,2022-10-03T00:00:00+00:00,66.0,16.0,5.0,"[""h1_atr_change_4"", ""h3_er_8"", ""h3_atr_change_4"", ""h3_slope_atr_8""]",UNEXPLAINED_DATA_GAP,MIDWEEK_SEGMENT_WARMUP,True,2022-10-03T16:15:00+00:00,2022-10-03T16:45:00+00:00,2022-09-30T00:00:00+00:00,2022-10-05T09:00:00+00:00
2022-10-04T04:46:02+00:00,2022-10-04T04:45:00+00:00,Tuesday,4,"[""h3_atr_change_4"", ""h3_slope_atr_8""]",2.0,449,114.0,2022-10-03T00:00:00+00:00,115.0,28.0,9.0,"[""h3_atr_change_4"", ""h3_slope_atr_8""]",UNEXPLAINED_DATA_GAP,MIDWEEK_SEGMENT_WARMUP,True,2022-10-04T04:30:00+00:00,2022-10-04T05:00:00+00:00,2022-09-30T00:00:00+00:00,2022-10-05T09:00:00+00:00
2022-10-05T04:40:34+00:00,2022-10-05T04:30:00+00:00,Wednesday,4,"[""h3_atr_change_4""]",1.0,449,209.0,2022-10-03T00:00:00+00:00,210.0,52.0,17.0,"[""h3_atr_change_4""]",UNEXPLAINED_DATA_GAP,MIDWEEK_SEGMENT_WARMUP,True,2022-10-05T04:15:00+00:00,2022-10-05T04:45:00+00:00,2022-09-30T00:00:00+00:00,2022-10-05T09:00:00+00:00
2022-10-05T07:17:35+00:00,2022-10-05T07:15:00+00:00,Wednesday,7,"[""h3_atr_change_4""]",1.0,449,220.0,2022-10-03T00:00:00+00:00,221.0,55.0,18.0,"[""h3_atr_change_4""]",UNEXPLAINED_DATA_GAP,MIDWEEK_SEGMENT_WARMUP,True,2022-10-05T07:00:00+00:00,2022-10-05T07:30:00+00:00,2022-09-30T00:00:00+00:00,2022-10-05T09:00:00+00:00
2022-10-06T07:00:20+00:00,2022-10-06T07:00:00+00:00,Thursday,7,,,,,,,,,,,SOURCE_BAR_GAP,True,2022-10-06T00:00:00+00:00,2022-10-07T00:15:00+00:00,2022-10-06T00:00:00+00:00,2022-10-11T09:00:00+00:00
2022-10-06T11:44:38+00:00,2022-10-06T11:30:00+00:00,Thursday,11,,,,,,,,,,,SOURCE_BAR_GAP,True,2022-10-06T00:00:00+00:00,2022-10-07T00:15:00+00:00,2022-10-06T00:00:00+00:00,2022-10-11T09:00:00+00:00
2022-10-06T13:24:02+00:00,2022-10-06T13:15:00+00:00,Thursday,13,,,,,,,,,,,SOURCE_BAR_GAP,True,2022-10-06T00:00:00+00:00,2022-10-07T00:15:00+00:00,2022-10-06T00:00:00+00:00,2022-10-11T09:00:00+00:00
2022-10-06T16:13:36+00:00,2022-10-06T16:00:00+00:00,Thursday,16,,,,,,,,,,,SOURCE_BAR_GAP,True,2022-10-06T00:00:00+00:00,2022-10-07T00:15:00+00:00,2022-10-06T00:00:00+00:00,2022-10-11T09:00:00+00:00
2022-10-07T02:08:24+00:00,2022-10-07T02:00:00+00:00,Friday,2,"[""er_16"", ""rv_16"", ""atr_change_1"", ""atr_change_8"", ""slope_atr_4"", ""slope_atr_16"", ""range_pos_16"", ""h1_er_8"", ""h1_atr_change_4"", ""h1_slope_atr_8"", ""h3_er_8"", ""h3_atr_change_4"", ""h3_slope_atr_8""]",13.0,450,7.0,2022-10-07T00:00:00+00:00,8.0,2.0,0.0,"[""er_16"", ""rv_16"", ""atr_change_1"", ""atr_change_8"", ""slope_atr_4"", ""slope_atr_16"", ""range_pos_16"", ""h1_er_8"", ""h1_atr_change_4"", ""h1_slope_atr_8"", ""h3_er_8"", ""h3_atr_change_4"", ""h3_slope_atr_8""]",UNEXPLAINED_DATA_GAP,MIDWEEK_SEGMENT_WARMUP,True,2022-10-07T01:45:00+00:00,2022-10-07T02:15:00+00:00,2022-10-06T00:00:00+00:00,2022-10-11T09:00:00+00:00
2022-10-07T04:16:26+00:00,2022-10-07T04:15:00+00:00,Friday,4,"[""atr_change_8"", ""h1_er_8"", ""h1_atr_change_4"", ""h1_slope_atr_8"", ""h3_er_8"", ""h3_atr_change_4"", ""h3_slope_atr_8""]",7.0,450,16.0,2022-10-07T00:00:00+00:00,17.0,4.0,1.0,"[""atr_change_8"", ""h1_er_8"", ""h1_atr_change_4"", ""h1_slope_atr_8"", ""h3_er_8"", ""h3_atr_change_4"", ""h3_slope_atr_8""]",UNEXPLAINED_DATA_GAP,MIDWEEK_SEGMENT_WARMUP,True,2022-10-07T04:00:00+00:00,2022-10-07T04:30:00+00:00,2022-10-06T00:00:00+00:00,2022-10-11T09:00:00+00:00
2022-10-07T09:15:40+00:00,2022-10-07T09:15:00+00:00,Friday,9,"[""h1_atr_change_4"", ""h1_slope_atr_8"", ""h3_er_8"", ""h3_atr_change_4"", ""h3_slope_atr_8""]",5.0,450,36.0,2022-10-07T00:00:00+00:00,37.0,9.0,3.0,"[""h1_atr_change_4"", ""h1_slope_atr_8"", ""h3_er_8"", ""h3_atr_change_4"", ""h3_slope_atr_8""]",UNEXPLAINED_DATA_GAP,MIDWEEK_SEGMENT_WARMUP,True,2022-10-07T09:00:00+00:00,2022-10-07T09:30:00+00:00,2022-10-06T00:00:00+00:00,2022-10-11T09:00:00+00:00
2022-10-07T15:30:39+00:00,2022-10-07T15:30:00+00:00,Friday,15,"[""h1_atr_change_4"", ""h3_er_8"", ""h3_atr_change_4"", ""h3_slope_atr_8""]",4.0,450,61.0,2022-10-07T00:00:00+00:00,62.0,15.0,5.0,"[""h1_atr_change_4"", ""h3_er_8"", ""h3_atr_change_4"", ""h3_slope_atr_8""]",UNEXPLAINED_DATA_GAP,MIDWEEK_SEGMENT_WARMUP,True,2022-10-07T15:15:00+00:00,2022-10-07T15:45:00+00:00,2022-10-06T00:00:00+00:00,2022-10-11T09:00:00+00:00
2022-10-10T04:00:03+00:00,2022-10-10T04:00:00+00:00,Monday,4,"[""h3_atr_change_4"", ""h3_slope_atr_8""]",2.0,451,111.0,2022-10-09T00:00:00+00:00,112.0,28.0,9.0,"[""h3_atr_change_4"", ""h3_slope_atr_8""]",UNEXPLAINED_DATA_GAP,WEEKLY_SEGMENT_WARMUP,True,2022-10-10T03:45:00+00:00,2022-10-10T04:15:00+00:00,2022-10-06T00:00:00+00:00,2022-10-11T09:00:00+00:00
2022-10-10T07:00:16+00:00,2022-10-10T07:00:00+00:00,Monday,7,"[""h3_atr_change_4"", ""h3_slope_atr_8""]",2.0,451,123.0,2022-10-09T00:00:00+00:00,124.0,31.0,10.0,"[""h3_atr_change_4"", ""h3_slope_atr_8""]",UNEXPLAINED_DATA_GAP,WEEKLY_SEGMENT_WARMUP,True,2022-10-10T06:45:00+00:00,2022-10-10T07:15:00+00:00,2022-10-06T00:00:00+00:00,2022-10-11T09:00:00+00:00
2022-10-10T10:55:04+00:00,2022-10-10T10:45:00+00:00,Monday,10,"[""h3_atr_change_4"", ""h3_slope_atr_8""]",2.0,451,138.0,2022-10-09T00:00:00+00:00,139.0,34.0,11.0,"[""h3_atr_change_4"", ""h3_slope_atr_8""]",UNEXPLAINED_DATA_GAP,WEEKLY_SEGMENT_WARMUP,True,2022-10-10T10:30:00+00:00,2022-10-10T11:00:00+00:00,2022-10-06T00:00:00+00:00,2022-10-11T09:00:00+00:00
2022-10-10T13:51:27+00:00,2022-10-10T13:45:00+00:00,Monday,13,"[""h3_atr_change_4"", ""h3_slope_atr_8""]",2.0,451,150.0,2022-10-09T00:00:00+00:00,151.0,37.0,12.0,"[""h3_atr_change_4"", ""h3_slope_atr_8""]",UNEXPLAINED_DATA_GAP,WEEKLY_SEGMENT_WARMUP,True,2022-10-10T13:30:00+00:00,2022-10-10T14:00:00+00:00,2022-10-06T00:00:00+00:00,2022-10-11T09:00:00+00:00
2022-10-10T16:35:36+00:00,2022-10-10T16:30:00+00:00,Monday,16,"[""h3_atr_change_4"", ""h3_slope_atr_8""]",2.0,451,161.0,2022-10-09T00:00:00+00:00,162.0,40.0,13.0,"[""h3_atr_change_4"", ""h3_slope_atr_8""]",UNEXPLAINED_DATA_GAP,WEEKLY_SEGMENT_WARMUP,True,2022-10-10T16:15:00+00:00,2022-10-10T16:45:00+00:00,2022-10-06T00:00:00+00:00,2022-10-11T09:00:00+00:00
2022-10-10T19:51:29+00:00,2022-10-10T19:45:00+00:00,Monday,19,"[""h3_atr_change_4"", ""h3_slope_atr_8""]",2.0,451,174.0,2022-10-09T00:00:00+00:00,175.0,43.0,14.0,"[""h3_atr_change_4"", ""h3_slope_atr_8""]",UNEXPLAINED_DATA_GAP,WEEKLY_SEGMENT_WARMUP,True,2022-10-10T19:30:00+00:00,2022-10-10T20:00:00+00:00,2022-10-06T00:00:00+00:00,2022-10-11T09:00:00+00:00
2022-10-10T22:02:01+00:00,2022-10-10T22:00:00+00:00,Monday,22,"[""h3_atr_change_4""]",1.0,451,183.0,2022-10-09T00:00:00+00:00,184.0,46.0,15.0,"[""h3_atr_change_4""]",UNEXPLAINED_DATA_GAP,WEEKLY_SEGMENT_WARMUP,True,2022-10-10T21:45:00+00:00,2022-10-10T22:15:00+00:00,2022-10-06T00:00:00+00:00,2022-10-11T09:00:00+00:00
2022-10-11T03:06:03+00:00,2022-10-11T03:00:00+00:00,Tuesday,3,"[""h3_atr_change_4""]",1.0,451,203.0,2022-10-09T00:00:00+00:00,204.0,51.0,17.0,"[""h3_atr_change_4""]",UNEXPLAINED_DATA_GAP,WEEKLY_SEGMENT_WARMUP,True,2022-10-11T02:45:00+00:00,2022-10-11T03:15:00+00:00,2022-10-06T00:00:00+00:00,2022-10-11T09:00:00+00:00
2022-10-11T05:16:05+00:00,2022-10-11T05:15:00+00:00,Tuesday,5,"[""h3_atr_change_4""]",1.0,451,212.0,2022-10-09T00:00:00+00:00,213.0,53.0,17.0,"[""h3_atr_change_4""]",UNEXPLAINED_DATA_GAP,WEEKLY_SEGMENT_WARMUP,True,2022-10-11T05:00:00+00:00,2022-10-11T05:30:00+00:00,2022-10-06T00:00:00+00:00,2022-10-11T09:00:00+00:00
2022-10-17T07:06:36+00:00,2022-10-17T07:00:00+00:00,Monday,7,"[""h3_atr_change_4"", ""h3_slope_atr_8""]",2.0,452,123.0,2022-10-16T00:00:00+00:00,124.0,31.0,10.0,"[""h3_atr_change_4"", ""h3_slope_atr_8""]",UNEXPLAINED_DATA_GAP,WEEKLY_SEGMENT_WARMUP,True,2022-10-17T06:45:00+00:00,2022-10-17T07:15:00+00:00,2022-10-14T21:00:00+00:00,2022-10-18T09:00:00+00:00
2022-10-17T11:34:41+00:00,2022-10-17T11:30:00+00:00,Monday,11,"[""h3_atr_change_4"", ""h3_slope_atr_8""]",2.0,452,141.0,2022-10-16T00:00:00+00:00,142.0,35.0,11.0,"[""h3_atr_change_4"", ""h3_slope_atr_8""]",UNEXPLAINED_DATA_GAP,WEEKLY_SEGMENT_WARMUP,True,2022-10-17T11:15:00+00:00,2022-10-17T11:45:00+00:00,2022-10-14T21:00:00+00:00,2022-10-18T09:00:00+00:00
2022-10-17T22:12:05+00:00,2022-10-17T22:00:00+00:00,Monday,22,"[""h3_atr_change_4""]",1.0,452,183.0,2022-10-16T00:00:00+00:00,184.0,46.0,15.0,"[""h3_atr_change_4""]",UNEXPLAINED_DATA_GAP,WEEKLY_SEGMENT_WARMUP,True,2022-10-17T21:45:00+00:00,2022-10-17T22:15:00+00:00,2022-10-14T21:00:00+00:00,2022-10-18T09:00:00+00:00
2022-10-18T04:00:02+00:00,2022-10-18T04:00:00+00:00,Tuesday,4,"[""h3_atr_change_4""]",1.0,452,207.0,2022-10-16T00:00:00+00:00,208.0,52.0,17.0,"[""h3_atr_change_4""]",UNEXPLAINED_DATA_GAP,WEEKLY_SEGMENT_WARMUP,True,2022-10-18T03:45:00+00:00,2022-10-18T04:15:00+00:00,2022-10-14T21:00:00+00:00,2022-10-18T09:00:00+00:00
2022-10-19T04:00:39+00:00,2022-10-19T04:00:00+00:00,Wednesday,4,,,,,,,,,,,SOURCE_BAR_GAP,True,2022-10-19T00:00:00+00:00,2022-10-20T00:15:00+00:00,2022-10-19T00:00:00+00:00,2022-10-25T09:00:00+00:00
2022-10-19T13:13:35+00:00,2022-10-19T13:00:00+00:00,Wednesday,13,,,,,,,,,,,SOURCE_BAR_GAP,True,2022-10-19T00:00:00+00:00,2022-10-20T00:15:00+00:00,2022-10-19T00:00:00+00:00,2022-10-25T09:00:00+00:00
2022-10-19T19:00:05+00:00,2022-10-19T19:00:00+00:00,Wednesday,19,,,,,,,,,,,SOURCE_BAR_GAP,True,2022-10-19T00:00:00+00:00,2022-10-20T00:15:00+00:00,2022-10-19T00:00:00+00:00,2022-10-25T09:00:00+00:00
2022-10-20T20:48:38+00:00,2022-10-20T20:45:00+00:00,Thursday,20,"[""h3_er_8"", ""h3_atr_change_4"", ""h3_slope_atr_8""]",3.0,453,82.0,2022-10-20T00:00:00+00:00,83.0,20.0,6.0,"[""h3_er_8"", ""h3_atr_change_4"", ""h3_slope_atr_8""]",UNEXPLAINED_DATA_GAP,MIDWEEK_SEGMENT_WARMUP,True,2022-10-20T20:30:00+00:00,2022-10-20T21:00:00+00:00,2022-10-19T00:00:00+00:00,2022-10-25T09:00:00+00:00
2022-10-21T01:16:10+00:00,2022-10-21T01:15:00+00:00,Friday,1,"[""h3_er_8"", ""h3_atr_change_4"", ""h3_slope_atr_8""]",3.0,453,100.0,2022-10-20T00:00:00+00:00,101.0,25.0,8.0,"[""h3_er_8"", ""h3_atr_change_4"", ""h3_slope_atr_8""]",UNEXPLAINED_DATA_GAP,MIDWEEK_SEGMENT_WARMUP,True,2022-10-21T01:00:00+00:00,2022-10-21T01:30:00+00:00,2022-10-19T00:00:00+00:00,2022-10-25T09:00:00+00:00
2022-10-21T15:18:29+00:00,2022-10-21T15:15:00+00:00,Friday,15,"[""h3_atr_change_4"", ""h3_slope_atr_8""]",2.0,453,156.0,2022-10-20T00:00:00+00:00,157.0,39.0,13.0,"[""h3_atr_change_4"", ""h3_slope_atr_8""]",UNEXPLAINED_DATA_GAP,MIDWEEK_SEGMENT_WARMUP,True,2022-10-21T15:00:00+00:00,2022-10-21T15:30:00+00:00,2022-10-19T00:00:00+00:00,2022-10-25T09:00:00+00:00
2022-10-24T11:08:35+00:00,2022-10-24T11:00:00+00:00,Monday,11,"[""h3_atr_change_4"", ""h3_slope_atr_8""]",2.0,454,139.0,2022-10-23T00:00:00+00:00,140.0,35.0,11.0,"[""h3_atr_change_4"", ""h3_slope_atr_8""]",UNEXPLAINED_DATA_GAP,WEEKLY_SEGMENT_WARMUP,True,2022-10-24T10:45:00+00:00,2022-10-24T11:15:00+00:00,2022-10-19T00:00:00+00:00,2022-10-25T09:00:00+00:00
2022-10-24T13:35:59+00:00,2022-10-24T13:30:00+00:00,Monday,13,"[""h3_atr_change_4"", ""h3_slope_atr_8""]",2.0,454,149.0,2022-10-23T00:00:00+00:00,150.0,37.0,12.0,"[""h3_atr_change_4"", ""h3_slope_atr_8""]",UNEXPLAINED_DATA_GAP,WEEKLY_SEGMENT_WARMUP,True,2022-10-24T13:15:00+00:00,2022-10-24T13:45:00+00:00,2022-10-19T00:00:00+00:00,2022-10-25T09:00:00+00:00
2022-10-24T22:53:25+00:00,2022-10-24T22:45:00+00:00,Monday,22,"[""h3_atr_change_4""]",1.0,454,186.0,2022-10-23T00:00:00+00:00,187.0,46.0,15.0,"[""h3_atr_change_4""]",UNEXPLAINED_DATA_GAP,WEEKLY_SEGMENT_WARMUP,True,2022-10-24T22:30:00+00:00,2022-10-24T23:00:00+00:00,2022-10-19T00:00:00+00:00,2022-10-25T09:00:00+00:00
2022-10-25T08:13:39+00:00,2022-10-25T08:00:00+00:00,Tuesday,8,"[""h3_atr_change_4""]",1.0,454,223.0,2022-10-23T00:00:00+00:00,224.0,56.0,18.0,"[""h3_atr_change_4""]",UNEXPLAINED_DATA_GAP,WEEKLY_SEGMENT_WARMUP,True,2022-10-25T07:45:00+00:00,2022-10-25T08:15:00+00:00,2022-10-19T00:00:00+00:00,2022-10-25T09:00:00+00:00
2022-10-31T04:05:25+00:00,2022-10-31T04:00:00+00:00,Monday,4,,,,,,,,,,,SOURCE_BAR_GAP,True,2022-10-31T00:00:00+00:00,2022-11-01T00:15:00+00:00,2022-10-28T21:00:00+00:00,2022-11-03T09:00:00+00:00
2022-10-31T08:39:27+00:00,2022-10-31T08:30:00+00:00,Monday,8,,,,,,,,,,,SOURCE_BAR_GAP,True,2022-10-31T00:00:00+00:00,2022-11-01T00:15:00+00:00,2022-10-28T21:00:00+00:00,2022-11-03T09:00:00+00:00
2022-10-31T22:18:30+00:00,2022-10-31T22:15:00+00:00,Monday,22,,,,,,,,,,,SOURCE_BAR_GAP,True,2022-10-31T00:00:00+00:00,2022-11-01T00:15:00+00:00,2022-10-28T21:00:00+00:00,2022-11-03T09:00:00+00:00
2022-11-01T13:00:34+00:00,2022-11-01T13:00:00+00:00,Tuesday,13,"[""h1_atr_change_4"", ""h1_slope_atr_8"", ""h3_er_8"", ""h3_atr_change_4"", ""h3_slope_atr_8""]",5.0,456,51.0,2022-11-01T00:00:00+00:00,52.0,13.0,4.0,"[""h1_atr_change_4"", ""h1_slope_atr_8"", ""h3_er_8"", ""h3_atr_change_4"", ""h3_slope_atr_8""]",UNEXPLAINED_DATA_GAP,MIDWEEK_SEGMENT_WARMUP,True,2022-11-01T12:45:00+00:00,2022-11-01T13:15:00+00:00,2022-10-28T21:00:00+00:00,2022-11-03T09:00:00+00:00
2022-11-01T17:00:28+00:00,2022-11-01T17:00:00+00:00,Tuesday,17,"[""h1_atr_change_4"", ""h3_er_8"", ""h3_atr_change_4"", ""h3_slope_atr_8""]",4.0,456,67.0,2022-11-01T00:00:00+00:00,68.0,17.0,5.0,"[""h1_atr_change_4"", ""h3_er_8"", ""h3_atr_change_4"", ""h3_slope_atr_8""]",UNEXPLAINED_DATA_GAP,MIDWEEK_SEGMENT_WARMUP,True,2022-11-01T16:45:00+00:00,2022-11-01T17:15:00+00:00,2022-10-28T21:00:00+00:00,2022-11-03T09:00:00+00:00
2022-11-02T07:48:16+00:00,2022-11-02T07:45:00+00:00,Wednesday,7,"[""h3_atr_change_4"", ""h3_slope_atr_8""]",2.0,456,126.0,2022-11-01T00:00:00+00:00,127.0,31.0,10.0,"[""h3_atr_change_4"", ""h3_slope_atr_8""]",UNEXPLAINED_DATA_GAP,MIDWEEK_SEGMENT_WARMUP,True,2022-11-02T07:30:00+00:00,2022-11-02T08:00:00+00:00,2022-10-28T21:00:00+00:00,2022-11-03T09:00:00+00:00
2022-11-02T10:21:30+00:00,2022-11-02T10:15:00+00:00,Wednesday,10,"[""h3_atr_change_4"", ""h3_slope_atr_8""]",2.0,456,136.0,2022-11-01T00:00:00+00:00,137.0,34.0,11.0,"[""h3_atr_change_4"", ""h3_slope_atr_8""]",UNEXPLAINED_DATA_GAP,MIDWEEK_SEGMENT_WARMUP,True,2022-11-02T10:00:00+00:00,2022-11-02T10:30:00+00:00,2022-10-28T21:00:00+00:00,2022-11-03T09:00:00+00:00
2022-11-02T16:00:38+00:00,2022-11-02T16:00:00+00:00,Wednesday,16,"[""h3_atr_change_4"", ""h3_slope_atr_8""]",2.0,456,159.0,2022-11-01T00:00:00+00:00,160.0,40.0,13.0,"[""h3_atr_change_4"", ""h3_slope_atr_8""]",UNEXPLAINED_DATA_GAP,MIDWEEK_SEGMENT_WARMUP,True,2022-11-02T15:45:00+00:00,2022-11-02T16:15:00+00:00,2022-10-28T21:00:00+00:00,2022-11-03T09:00:00+00:00
2022-11-02T22:19:38+00:00,2022-11-02T22:15:00+00:00,Wednesday,22,"[""h3_atr_change_4""]",1.0,456,184.0,2022-11-01T00:00:00+00:00,185.0,46.0,15.0,"[""h3_atr_change_4""]",UNEXPLAINED_DATA_GAP,MIDWEEK_SEGMENT_WARMUP,True,2022-11-02T22:00:00+00:00,2022-11-02T22:30:00+00:00,2022-10-28T21:00:00+00:00,2022-11-03T09:00:00+00:00
2022-11-07T09:28:32+00:00,2022-11-07T09:15:00+00:00,Monday,9,"[""h3_atr_change_4"", ""h3_slope_atr_8""]",2.0,457,132.0,2022-11-06T00:00:00+00:00,133.0,33.0,11.0,"[""h3_atr_change_4"", ""h3_slope_atr_8""]",UNEXPLAINED_DATA_GAP,WEEKLY_SEGMENT_WARMUP,True,2022-11-07T09:00:00+00:00,2022-11-07T09:30:00+00:00,2022-11-04T21:00:00+00:00,2022-11-08T09:00:00+00:00
2022-11-07T14:08:34+00:00,2022-11-07T14:00:00+00:00,Monday,14,"[""h3_atr_change_4"", ""h3_slope_atr_8""]",2.0,457,151.0,2022-11-06T00:00:00+00:00,152.0,38.0,12.0,"[""h3_atr_change_4"", ""h3_slope_atr_8""]",UNEXPLAINED_DATA_GAP,WEEKLY_SEGMENT_WARMUP,True,2022-11-07T13:45:00+00:00,2022-11-07T14:15:00+00:00,2022-11-04T21:00:00+00:00,2022-11-08T09:00:00+00:00
2022-11-08T00:01:00+00:00,2022-11-08T00:00:00+00:00,Tuesday,0,"[""h3_atr_change_4""]",1.0,457,191.0,2022-11-06T00:00:00+00:00,192.0,48.0,16.0,"[""h3_atr_change_4""]",UNEXPLAINED_DATA_GAP,WEEKLY_SEGMENT_WARMUP,True,2022-11-07T23:45:00+00:00,2022-11-08T00:15:00+00:00,2022-11-04T21:00:00+00:00,2022-11-08T09:00:00+00:00
2022-11-08T07:59:29+00:00,2022-11-08T07:45:00+00:00,Tuesday,7,"[""h3_atr_change_4""]",1.0,457,222.0,2022-11-06T00:00:00+00:00,223.0,55.0,18.0,"[""h3_atr_change_4""]",UNEXPLAINED_DATA_GAP,WEEKLY_SEGMENT_WARMUP,True,2022-11-08T07:30:00+00:00,2022-11-08T08:00:00+00:00,2022-11-04T21:00:00+00:00,2022-11-08T09:00:00+00:00
2022-11-09T02:53:29+00:00,2022-11-09T02:45:00+00:00,Wednesday,2,,,,,,,,,,,SOURCE_BAR_GAP,True,2022-11-09T00:00:00+00:00,2022-11-10T00:15:00+00:00,2022-11-09T00:00:00+00:00,2022-11-18T09:00:00+00:00
2022-11-09T05:14:28+00:00,2022-11-09T05:00:00+00:00,Wednesday,5,,,,,,,,,,,SOURCE_BAR_GAP,True,2022-11-09T00:00:00+00:00,2022-11-10T00:15:00+00:00,2022-11-09T00:00:00+00:00,2022-11-18T09:00:00+00:00
2022-11-09T11:00:35+00:00,2022-11-09T11:00:00+00:00,Wednesday,11,,,,,,,,,,,SOURCE_BAR_GAP,True,2022-11-09T00:00:00+00:00,2022-11-10T00:15:00+00:00,2022-11-09T00:00:00+00:00,2022-11-18T09:00:00+00:00
2022-11-09T20:35:00+00:00,2022-11-09T20:30:00+00:00,Wednesday,20,,,,,,,,,,,SOURCE_BAR_GAP,True,2022-11-09T00:00:00+00:00,2022-11-10T00:15:00+00:00,2022-11-09T00:00:00+00:00,2022-11-18T09:00:00+00:00
2022-11-10T09:58:27+00:00,2022-11-10T09:45:00+00:00,Thursday,9,"[""h1_atr_change_4"", ""h1_slope_atr_8"", ""h3_er_8"", ""h3_atr_change_4"", ""h3_slope_atr_8""]",5.0,458,38.0,2022-11-10T00:00:00+00:00,39.0,9.0,3.0,"[""h1_atr_change_4"", ""h1_slope_atr_8"", ""h3_er_8"", ""h3_atr_change_4"", ""h3_slope_atr_8""]",UNEXPLAINED_DATA_GAP,MIDWEEK_SEGMENT_WARMUP,True,2022-11-10T09:30:00+00:00,2022-11-10T10:00:00+00:00,2022-11-09T00:00:00+00:00,2022-11-18T09:00:00+00:00
2022-11-10T12:23:29+00:00,2022-11-10T12:15:00+00:00,Thursday,12,"[""h1_atr_change_4"", ""h1_slope_atr_8"", ""h3_er_8"", ""h3_atr_change_4"", ""h3_slope_atr_8""]",5.0,458,48.0,2022-11-10T00:00:00+00:00,49.0,12.0,4.0,"[""h1_atr_change_4"", ""h1_slope_atr_8"", ""h3_er_8"", ""h3_atr_change_4"", ""h3_slope_atr_8""]",UNEXPLAINED_DATA_GAP,MIDWEEK_SEGMENT_WARMUP,True,2022-11-10T12:00:00+00:00,2022-11-10T12:30:00+00:00,2022-11-09T00:00:00+00:00,2022-11-18T09:00:00+00:00
2022-11-11T02:34:33+00:00,2022-11-11T02:30:00+00:00,Friday,2,"[""h3_er_8"", ""h3_atr_change_4"", ""h3_slope_atr_8""]",3.0,458,105.0,2022-11-10T00:00:00+00:00,106.0,26.0,8.0,"[""h3_er_8"", ""h3_atr_change_4"", ""h3_slope_atr_8""]",UNEXPLAINED_DATA_GAP,MIDWEEK_SEGMENT_WARMUP,True,2022-11-11T02:15:00+00:00,2022-11-11T02:45:00+00:00,2022-11-09T00:00:00+00:00,2022-11-18T09:00:00+00:00
2022-11-11T05:06:17+00:00,2022-11-11T05:00:00+00:00,Friday,5,"[""h3_atr_change_4"", ""h3_slope_atr_8""]",2.0,458,115.0,2022-11-10T00:00:00+00:00,116.0,29.0,9.0,"[""h3_atr_change_4"", ""h3_slope_atr_8""]",UNEXPLAINED_DATA_GAP,MIDWEEK_SEGMENT_WARMUP,True,2022-11-11T04:45:00+00:00,2022-11-11T05:15:00+00:00,2022-11-09T00:00:00+00:00,2022-11-18T09:00:00+00:00
2022-11-11T17:00:00+00:00,2022-11-11T17:00:00+00:00,Friday,17,"[""h3_atr_change_4"", ""h3_slope_atr_8""]",2.0,458,163.0,2022-11-10T00:00:00+00:00,164.0,41.0,13.0,"[""h3_atr_change_4"", ""h3_slope_atr_8""]",UNEXPLAINED_DATA_GAP,MIDWEEK_SEGMENT_WARMUP,True,2022-11-11T16:45:00+00:00,2022-11-11T17:15:00+00:00,2022-11-09T00:00:00+00:00,2022-11-18T09:00:00+00:00
2022-11-14T06:06:35+00:00,2022-11-14T06:00:00+00:00,Monday,6,"[""h3_atr_change_4"", ""h3_slope_atr_8""]",2.0,459,119.0,2022-11-13T00:00:00+00:00,120.0,30.0,10.0,"[""h3_atr_change_4"", ""h3_slope_atr_8""]",UNEXPLAINED_DATA_GAP,WEEKLY_SEGMENT_WARMUP,True,2022-11-14T05:45:00+00:00,2022-11-14T06:15:00+00:00,2022-11-09T00:00:00+00:00,2022-11-18T09:00:00+00:00
2022-11-15T01:17:32+00:00,2022-11-15T01:15:00+00:00,Tuesday,1,,,,,,,,,,,SOURCE_BAR_GAP,True,2022-11-15T00:00:00+00:00,2022-11-16T00:15:00+00:00,2022-11-09T00:00:00+00:00,2022-11-18T09:00:00+00:00
2022-11-15T05:05:39+00:00,2022-11-15T05:00:00+00:00,Tuesday,5,,,,,,,,,,,SOURCE_BAR_GAP,True,2022-11-15T00:00:00+00:00,2022-11-16T00:15:00+00:00,2022-11-09T00:00:00+00:00,2022-11-18T09:00:00+00:00
2022-11-15T14:14:27+00:00,2022-11-15T14:00:00+00:00,Tuesday,14,,,,,,,,,,,SOURCE_BAR_GAP,True,2022-11-15T00:00:00+00:00,2022-11-16T00:15:00+00:00,2022-11-09T00:00:00+00:00,2022-11-18T09:00:00+00:00
2022-11-15T17:14:37+00:00,2022-11-15T17:00:00+00:00,Tuesday,17,,,,,,,,,,,SOURCE_BAR_GAP,True,2022-11-15T00:00:00+00:00,2022-11-16T00:15:00+00:00,2022-11-09T00:00:00+00:00,2022-11-18T09:00:00+00:00
2022-11-15T20:23:27+00:00,2022-11-15T20:15:00+00:00,Tuesday,20,,,,,,,,,,,SOURCE_BAR_GAP,True,2022-11-15T00:00:00+00:00,2022-11-16T00:15:00+00:00,2022-11-09T00:00:00+00:00,2022-11-18T09:00:00+00:00
2022-11-16T02:09:38+00:00,2022-11-16T02:00:00+00:00,Wednesday,2,"[""er_16"", ""rv_16"", ""atr_change_1"", ""atr_change_8"", ""slope_atr_4"", ""slope_atr_16"", ""range_pos_16"", ""h1_er_8"", ""h1_atr_change_4"", ""h1_slope_atr_8"", ""h3_er_8"", ""h3_atr_change_4"", ""h3_slope_atr_8""]",13.0,460,7.0,2022-11-16T00:00:00+00:00,8.0,2.0,0.0,"[""er_16"", ""rv_16"", ""atr_change_1"", ""atr_change_8"", ""slope_atr_4"", ""slope_atr_16"", ""range_pos_16"", ""h1_er_8"", ""h1_atr_change_4"", ""h1_slope_atr_8"", ""h3_er_8"", ""h3_atr_change_4"", ""h3_slope_atr_8""]",UNEXPLAINED_DATA_GAP,MIDWEEK_SEGMENT_WARMUP,True,2022-11-16T01:45:00+00:00,2022-11-16T02:15:00+00:00,2022-11-09T00:00:00+00:00,2022-11-18T09:00:00+00:00
2022-11-16T06:15:59+00:00,2022-11-16T06:15:00+00:00,Wednesday,6,"[""h1_er_8"", ""h1_atr_change_4"", ""h1_slope_atr_8"", ""h3_er_8"", ""h3_atr_change_4"", ""h3_slope_atr_8""]",6.0,460,24.0,2022-11-16T00:00:00+00:00,25.0,6.0,2.0,"[""h1_er_8"", ""h1_atr_change_4"", ""h1_slope_atr_8"", ""h3_er_8"", ""h3_atr_change_4"", ""h3_slope_atr_8""]",UNEXPLAINED_DATA_GAP,MIDWEEK_SEGMENT_WARMUP,True,2022-11-16T06:00:00+00:00,2022-11-16T06:30:00+00:00,2022-11-09T00:00:00+00:00,2022-11-18T09:00:00+00:00
2022-11-16T08:08:02+00:00,2022-11-16T08:00:00+00:00,Wednesday,8,"[""h1_er_8"", ""h1_atr_change_4"", ""h1_slope_atr_8"", ""h3_er_8"", ""h3_atr_change_4"", ""h3_slope_atr_8""]",6.0,460,31.0,2022-11-16T00:00:00+00:00,32.0,8.0,2.0,"[""h1_er_8"", ""h1_atr_change_4"", ""h1_slope_atr_8"", ""h3_er_8"", ""h3_atr_change_4"", ""h3_slope_atr_8""]",UNEXPLAINED_DATA_GAP,MIDWEEK_SEGMENT_WARMUP,True,2022-11-16T07:45:00+00:00,2022-11-16T08:15:00+00:00,2022-11-09T00:00:00+00:00,2022-11-18T09:00:00+00:00
2022-11-16T15:30:26+00:00,2022-11-16T15:30:00+00:00,Wednesday,15,"[""h1_atr_change_4"", ""h3_er_8"", ""h3_atr_change_4"", ""h3_slope_atr_8""]",4.0,460,61.0,2022-11-16T00:00:00+00:00,62.0,15.0,5.0,"[""h1_atr_change_4"", ""h3_er_8"", ""h3_atr_change_4"", ""h3_slope_atr_8""]",UNEXPLAINED_DATA_GAP,MIDWEEK_SEGMENT_WARMUP,True,2022-11-16T15:15:00+00:00,2022-11-16T15:45:00+00:00,2022-11-09T00:00:00+00:00,2022-11-18T09:00:00+00:00
2022-11-16T20:04:28+00:00,2022-11-16T20:00:00+00:00,Wednesday,20,"[""h3_er_8"", ""h3_atr_change_4"", ""h3_slope_atr_8""]",3.0,460,79.0,2022-11-16T00:00:00+00:00,80.0,20.0,6.0,"[""h3_er_8"", ""h3_atr_change_4"", ""h3_slope_atr_8""]",UNEXPLAINED_DATA_GAP,MIDWEEK_SEGMENT_WARMUP,True,2022-11-16T19:45:00+00:00,2022-11-16T20:15:00+00:00,2022-11-09T00:00:00+00:00,2022-11-18T09:00:00+00:00
2022-11-17T02:40:36+00:00,2022-11-17T02:30:00+00:00,Thursday,2,"[""h3_er_8"", ""h3_atr_change_4"", ""h3_slope_atr_8""]",3.0,460,105.0,2022-11-16T00:00:00+00:00,106.0,26.0,8.0,"[""h3_er_8"", ""h3_atr_change_4"", ""h3_slope_atr_8""]",UNEXPLAINED_DATA_GAP,MIDWEEK_SEGMENT_WARMUP,True,2022-11-17T02:15:00+00:00,2022-11-17T02:45:00+00:00,2022-11-09T00:00:00+00:00,2022-11-18T09:00:00+00:00
2022-11-17T11:32:37+00:00,2022-11-17T11:30:00+00:00,Thursday,11,"[""h3_atr_change_4"", ""h3_slope_atr_8""]",2.0,460,141.0,2022-11-16T00:00:00+00:00,142.0,35.0,11.0,"[""h3_atr_change_4"", ""h3_slope_atr_8""]",UNEXPLAINED_DATA_GAP,MIDWEEK_SEGMENT_WARMUP,True,2022-11-17T11:15:00+00:00,2022-11-17T11:45:00+00:00,2022-11-09T00:00:00+00:00,2022-11-18T09:00:00+00:00
2022-11-17T16:08:03+00:00,2022-11-17T16:00:00+00:00,Thursday,16,"[""h3_atr_change_4"", ""h3_slope_atr_8""]",2.0,460,159.0,2022-11-16T00:00:00+00:00,160.0,40.0,13.0,"[""h3_atr_change_4"", ""h3_slope_atr_8""]",UNEXPLAINED_DATA_GAP,MIDWEEK_SEGMENT_WARMUP,True,2022-11-17T15:45:00+00:00,2022-11-17T16:15:00+00:00,2022-11-09T00:00:00+00:00,2022-11-18T09:00:00+00:00
2022-11-17T17:49:27+00:00,2022-11-17T17:45:00+00:00,Thursday,17,"[""h3_atr_change_4"", ""h3_slope_atr_8""]",2.0,460,166.0,2022-11-16T00:00:00+00:00,167.0,41.0,13.0,"[""h3_atr_change_4"", ""h3_slope_atr_8""]",UNEXPLAINED_DATA_GAP,MIDWEEK_SEGMENT_WARMUP,True,2022-11-17T17:30:00+00:00,2022-11-17T18:00:00+00:00,2022-11-09T00:00:00+00:00,2022-11-18T09:00:00+00:00
2022-11-18T08:20:22+00:00,2022-11-18T08:15:00+00:00,Friday,8,"[""h3_atr_change_4""]",1.0,460,224.0,2022-11-16T00:00:00+00:00,225.0,56.0,18.0,"[""h3_atr_change_4""]",UNEXPLAINED_DATA_GAP,MIDWEEK_SEGMENT_WARMUP,True,2022-11-18T08:00:00+00:00,2022-11-18T08:30:00+00:00,2022-11-09T00:00:00+00:00,2022-11-18T09:00:00+00:00
2022-11-21T08:38:37+00:00,2022-11-21T08:30:00+00:00,Monday,8,"[""h3_atr_change_4"", ""h3_slope_atr_8""]",2.0,461,129.0,2022-11-20T00:00:00+00:00,130.0,32.0,10.0,"[""h3_atr_change_4"", ""h3_slope_atr_8""]",UNEXPLAINED_DATA_GAP,WEEKLY_SEGMENT_WARMUP,True,2022-11-21T08:15:00+00:00,2022-11-21T08:45:00+00:00,2022-11-18T22:00:00+00:00,2022-11-22T09:00:00+00:00
2022-11-25T23:35:13+00:00,2022-11-25T23:30:00+00:00,Friday,23,,,,,,,,,,,SOURCE_BAR_GAP,True,2022-11-25T22:00:00+00:00,2022-11-29T00:15:00+00:00,2022-11-25T22:00:00+00:00,2022-12-01T09:00:00+00:00
2022-11-28T05:10:42+00:00,2022-11-28T05:00:00+00:00,Monday,5,,,,,,,,,,,SOURCE_BAR_GAP,True,2022-11-25T22:00:00+00:00,2022-11-29T00:15:00+00:00,2022-11-25T22:00:00+00:00,2022-12-01T09:00:00+00:00
2022-11-28T18:19:36+00:00,2022-11-28T18:15:00+00:00,Monday,18,,,,,,,,,,,SOURCE_BAR_GAP,True,2022-11-25T22:00:00+00:00,2022-11-29T00:15:00+00:00,2022-11-25T22:00:00+00:00,2022-12-01T09:00:00+00:00
2022-11-29T11:03:39+00:00,2022-11-29T11:00:00+00:00,Tuesday,11,"[""h1_atr_change_4"", ""h1_slope_atr_8"", ""h3_er_8"", ""h3_atr_change_4"", ""h3_slope_atr_8""]",5.0,462,43.0,2022-11-29T00:00:00+00:00,44.0,11.0,3.0,"[""h1_atr_change_4"", ""h1_slope_atr_8"", ""h3_er_8"", ""h3_atr_change_4"", ""h3_slope_atr_8""]",UNEXPLAINED_DATA_GAP,MIDWEEK_SEGMENT_WARMUP,True,2022-11-29T10:45:00+00:00,2022-11-29T11:15:00+00:00,2022-11-25T22:00:00+00:00,2022-12-01T09:00:00+00:00
2022-11-29T14:00:28+00:00,2022-11-29T14:00:00+00:00,Tuesday,14,"[""h1_atr_change_4"", ""h1_slope_atr_8"", ""h3_er_8"", ""h3_atr_change_4"", ""h3_slope_atr_8""]",5.0,462,55.0,2022-11-29T00:00:00+00:00,56.0,14.0,4.0,"[""h1_atr_change_4"", ""h1_slope_atr_8"", ""h3_er_8"", ""h3_atr_change_4"", ""h3_slope_atr_8""]",UNEXPLAINED_DATA_GAP,MIDWEEK_SEGMENT_WARMUP,True,2022-11-29T13:45:00+00:00,2022-11-29T14:15:00+00:00,2022-11-25T22:00:00+00:00,2022-12-01T09:00:00+00:00
2022-11-29T20:00:00+00:00,2022-11-29T20:00:00+00:00,Tuesday,20,"[""h3_er_8"", ""h3_atr_change_4"", ""h3_slope_atr_8""]",3.0,462,79.0,2022-11-29T00:00:00+00:00,80.0,20.0,6.0,"[""h3_er_8"", ""h3_atr_change_4"", ""h3_slope_atr_8""]",UNEXPLAINED_DATA_GAP,MIDWEEK_SEGMENT_WARMUP,True,2022-11-29T19:45:00+00:00,2022-11-29T20:15:00+00:00,2022-11-25T22:00:00+00:00,2022-12-01T09:00:00+00:00
2022-11-30T02:00:25+00:00,2022-11-30T02:00:00+00:00,Wednesday,2,"[""h3_er_8"", ""h3_atr_change_4"", ""h3_slope_atr_8""]",3.0,462,103.0,2022-11-29T00:00:00+00:00,104.0,26.0,8.0,"[""h3_er_8"", ""h3_atr_change_4"", ""h3_slope_atr_8""]",UNEXPLAINED_DATA_GAP,MIDWEEK_SEGMENT_WARMUP,True,2022-11-30T01:45:00+00:00,2022-11-30T02:15:00+00:00,2022-11-25T22:00:00+00:00,2022-12-01T09:00:00+00:00
2022-11-30T08:00:00+00:00,2022-11-30T08:00:00+00:00,Wednesday,8,"[""h3_atr_change_4"", ""h3_slope_atr_8""]",2.0,462,127.0,2022-11-29T00:00:00+00:00,128.0,32.0,10.0,"[""h3_atr_change_4"", ""h3_slope_atr_8""]",UNEXPLAINED_DATA_GAP,MIDWEEK_SEGMENT_WARMUP,True,2022-11-30T07:45:00+00:00,2022-11-30T08:15:00+00:00,2022-11-25T22:00:00+00:00,2022-12-01T09:00:00+00:00
2022-11-30T17:31:30+00:00,2022-11-30T17:30:00+00:00,Wednesday,17,"[""h3_atr_change_4"", ""h3_slope_atr_8""]",2.0,462,165.0,2022-11-29T00:00:00+00:00,166.0,41.0,13.0,"[""h3_atr_change_4"", ""h3_slope_atr_8""]",UNEXPLAINED_DATA_GAP,MIDWEEK_SEGMENT_WARMUP,True,2022-11-30T17:15:00+00:00,2022-11-30T17:45:00+00:00,2022-11-25T22:00:00+00:00,2022-12-01T09:00:00+00:00
2022-12-05T09:11:27+00:00,2022-12-05T09:00:00+00:00,Monday,9,"[""h3_atr_change_4"", ""h3_slope_atr_8""]",2.0,463,131.0,2022-12-04T00:00:00+00:00,132.0,33.0,11.0,"[""h3_atr_change_4"", ""h3_slope_atr_8""]",UNEXPLAINED_DATA_GAP,WEEKLY_SEGMENT_WARMUP,True,2022-12-05T08:45:00+00:00,2022-12-05T09:15:00+00:00,2022-12-02T22:00:00+00:00,2022-12-06T09:00:00+00:00
2022-12-05T12:30:26+00:00,2022-12-05T12:30:00+00:00,Monday,12,"[""h3_atr_change_4"", ""h3_slope_atr_8""]",2.0,463,145.0,2022-12-04T00:00:00+00:00,146.0,36.0,12.0,"[""h3_atr_change_4"", ""h3_slope_atr_8""]",UNEXPLAINED_DATA_GAP,WEEKLY_SEGMENT_WARMUP,True,2022-12-05T12:15:00+00:00,2022-12-05T12:45:00+00:00,2022-12-02T22:00:00+00:00,2022-12-06T09:00:00+00:00
2022-12-05T17:00:16+00:00,2022-12-05T17:00:00+00:00,Monday,17,"[""h3_atr_change_4"", ""h3_slope_atr_8""]",2.0,463,163.0,2022-12-04T00:00:00+00:00,164.0,41.0,13.0,"[""h3_atr_change_4"", ""h3_slope_atr_8""]",UNEXPLAINED_DATA_GAP,WEEKLY_SEGMENT_WARMUP,True,2022-12-05T16:45:00+00:00,2022-12-05T17:15:00+00:00,2022-12-02T22:00:00+00:00,2022-12-06T09:00:00+00:00
2022-12-06T05:49:04+00:00,2022-12-06T05:45:00+00:00,Tuesday,5,"[""h3_atr_change_4""]",1.0,463,214.0,2022-12-04T00:00:00+00:00,215.0,53.0,17.0,"[""h3_atr_change_4""]",UNEXPLAINED_DATA_GAP,WEEKLY_SEGMENT_WARMUP,True,2022-12-06T05:30:00+00:00,2022-12-06T06:00:00+00:00,2022-12-02T22:00:00+00:00,2022-12-06T09:00:00+00:00
2022-12-12T08:25:30+00:00,2022-12-12T08:15:00+00:00,Monday,8,"[""h3_atr_change_4"", ""h3_slope_atr_8""]",2.0,464,128.0,2022-12-11T00:00:00+00:00,129.0,32.0,10.0,"[""h3_atr_change_4"", ""h3_slope_atr_8""]",UNEXPLAINED_DATA_GAP,WEEKLY_SEGMENT_WARMUP,True,2022-12-12T08:00:00+00:00,2022-12-12T08:30:00+00:00,2022-12-09T22:00:00+00:00,2022-12-13T09:00:00+00:00
2022-12-12T17:38:18+00:00,2022-12-12T17:30:00+00:00,Monday,17,"[""h3_atr_change_4"", ""h3_slope_atr_8""]",2.0,464,165.0,2022-12-11T00:00:00+00:00,166.0,41.0,13.0,"[""h3_atr_change_4"", ""h3_slope_atr_8""]",UNEXPLAINED_DATA_GAP,WEEKLY_SEGMENT_WARMUP,True,2022-12-12T17:15:00+00:00,2022-12-12T17:45:00+00:00,2022-12-09T22:00:00+00:00,2022-12-13T09:00:00+00:00
2022-12-13T05:45:59+00:00,2022-12-13T05:45:00+00:00,Tuesday,5,"[""h3_atr_change_4""]",1.0,464,214.0,2022-12-11T00:00:00+00:00,215.0,53.0,17.0,"[""h3_atr_change_4""]",UNEXPLAINED_DATA_GAP,WEEKLY_SEGMENT_WARMUP,True,2022-12-13T05:30:00+00:00,2022-12-13T06:00:00+00:00,2022-12-09T22:00:00+00:00,2022-12-13T09:00:00+00:00
2022-12-19T08:10:09+00:00,2022-12-19T08:00:00+00:00,Monday,8,"[""h3_atr_change_4"", ""h3_slope_atr_8""]",2.0,465,127.0,2022-12-18T00:00:00+00:00,128.0,32.0,10.0,"[""h3_atr_change_4"", ""h3_slope_atr_8""]",UNEXPLAINED_DATA_GAP,WEEKLY_SEGMENT_WARMUP,True,2022-12-19T07:45:00+00:00,2022-12-19T08:15:00+00:00,2022-12-16T22:00:00+00:00,2022-12-20T09:00:00+00:00
2022-12-19T17:42:14+00:00,2022-12-19T17:30:00+00:00,Monday,17,"[""h3_atr_change_4"", ""h3_slope_atr_8""]",2.0,465,165.0,2022-12-18T00:00:00+00:00,166.0,41.0,13.0,"[""h3_atr_change_4"", ""h3_slope_atr_8""]",UNEXPLAINED_DATA_GAP,WEEKLY_SEGMENT_WARMUP,True,2022-12-19T17:15:00+00:00,2022-12-19T17:45:00+00:00,2022-12-16T22:00:00+00:00,2022-12-20T09:00:00+00:00
2022-12-20T05:19:02+00:00,2022-12-20T05:15:00+00:00,Tuesday,5,"[""h3_atr_change_4""]",1.0,465,212.0,2022-12-18T00:00:00+00:00,213.0,53.0,17.0,"[""h3_atr_change_4""]",UNEXPLAINED_DATA_GAP,WEEKLY_SEGMENT_WARMUP,True,2022-12-20T05:00:00+00:00,2022-12-20T05:30:00+00:00,2022-12-16T22:00:00+00:00,2022-12-20T09:00:00+00:00
2022-12-23T23:41:30+00:00,2022-12-23T23:30:00+00:00,Friday,23,,,,,,,,,,,SOURCE_BAR_GAP,True,2022-12-23T22:00:00+00:00,2022-12-25T00:15:00+00:00,2022-12-23T22:00:00+00:00,2022-12-27T09:00:00+00:00
2022-12-30T23:51:24+00:00,2022-12-30T23:45:00+00:00,Friday,23,,,,,,,,,,,NO_FEATURE_ROW_AT_BOUNDARY,False,2022-12-30T22:00:00+00:00,,2022-12-30T22:00:00+00:00,
