entry_time,entry_price,entry_deal,entry_order,exit_time,exit_price,exit_deal,profit,commission,swap,outcome,required_state_timestamp,state_timestamp,continuity_segment_id,state_at_entry,p_S0,p_S1,p_S2,max_posterior,posterior_entropy,posterior_margin,state_age,bars_since_transition,state_match_status,state_diagnostic_reason,missing_features
2025-01-03 05:17:35+00:00,1.02653,2,3,2025-01-03 05:26:16+00:00,1.02703,3,0.49,0.0,0.0,WIN,2025-01-03 05:15:00+00:00,,,,,,,,,,,,NO_COMPLETE_VECTOR_AT_BOUNDARY,SEGMENT_WARMUP,"[""h3_atr_change_4""]"
2025-01-06 05:58:10+00:00,1.03095,4,11,2025-01-06 06:41:51+00:00,1.03146,5,0.49,0.0,0.0,WIN,2025-01-06 05:45:00+00:00,,,,,,,,,,,,NO_COMPLETE_VECTOR_AT_BOUNDARY,SEGMENT_WARMUP,"[""h3_atr_change_4"", ""h3_slope_atr_8""]"
2025-01-06 23:01:43+00:00,1.03876,6,18,2025-01-07 03:42:42+00:00,1.03926,7,0.4,0.0,-0.08,WIN,2025-01-06 23:00:00+00:00,,,,,,,,,,,,NO_COMPLETE_VECTOR_AT_BOUNDARY,SEGMENT_WARMUP,"[""h3_atr_change_4""]"
2025-01-07 12:37:37+00:00,1.04016,8,22,2025-01-07 17:10:52+00:00,1.03616,9,-3.86,0.0,0.0,LOSS,2025-01-07 12:30:00+00:00,2025-01-07 12:30:00+00:00,1.0,S1,3.375232376166156e-05,0.8773430103752793,0.12262323730095982,0.8773430103752793,0.37249609465347727,0.7547197730743195,15.0,,MATCHED,MATCHED,[]
2025-01-07 21:09:23+00:00,1.03418,10,24,2025-01-08 00:22:44+00:00,1.03471,11,0.43,0.0,-0.08,WIN,2025-01-07 21:00:00+00:00,2025-01-07 21:00:00+00:00,1.0,S2,5.228023199760931e-06,1.0380363308829655e-16,0.9999947719768005,0.9999947719768005,6.880849513360009e-05,0.9999895439536007,23.0,22.0,MATCHED,MATCHED,[]
2025-01-08 10:08:07+00:00,1.03136,12,26,2025-01-08 10:55:08+00:00,1.03186,13,0.48,0.0,0.0,WIN,2025-01-08 10:00:00+00:00,2025-01-08 10:00:00+00:00,1.0,S2,3.4506066616285395e-06,8.565806200502654e-31,0.9999965493933399,0.9999965493933399,4.6848744385641075e-05,0.9999930987866783,5.0,4.0,MATCHED,MATCHED,[]
2025-01-08 11:21:35+00:00,1.03058,14,28,2025-01-08 16:41:22+00:00,1.03113,15,0.53,0.0,0.0,WIN,2025-01-08 11:15:00+00:00,2025-01-08 11:15:00+00:00,1.0,S2,2.1628337850800924e-06,5.984895690726747e-23,0.9999978371662154,0.9999978371662154,3.0375032715399406e-05,0.9999956743324303,10.0,9.0,MATCHED,MATCHED,[]
2025-01-09 04:00:21+00:00,1.03108,16,33,2025-01-09 09:18:23+00:00,1.03158,17,0.48,0.0,0.0,WIN,2025-01-09 04:00:00+00:00,2025-01-09 04:00:00+00:00,1.0,S2,0.0002612678682354352,0.0399891949058322,0.9597495372259327,0.9597495372259327,0.17031582742280016,0.9197603423201005,1.0,0.0,MATCHED,MATCHED,[]
2025-01-09 15:43:30+00:00,1.02982,18,36,2025-01-09 20:43:59+00:00,1.03034,19,0.5,0.0,0.0,WIN,2025-01-09 15:30:00+00:00,2025-01-09 15:30:00+00:00,1.0,S2,2.8567676583503516e-06,0.33535844078850374,0.6646387024438378,0.6646387024438378,0.6379468064648535,0.3292802616553341,2.0,1.0,MATCHED,MATCHED,[]
2025-01-10 00:19:53+00:00,1.02952,20,38,2025-01-10 01:20:22+00:00,1.03005,21,0.51,0.0,0.0,WIN,2025-01-10 00:15:00+00:00,2025-01-10 00:15:00+00:00,1.0,S1,3.5261526815257974e-06,0.631056555140432,0.36893991870688714,0.631056555140432,0.6584352509278288,0.2621166364335449,1.0,0.0,MATCHED,MATCHED,[]
2025-01-10 02:10:26+00:00,1.02996,22,40,2025-01-10 08:27:10+00:00,1.03046,23,0.49,0.0,0.0,WIN,2025-01-10 02:00:00+00:00,2025-01-10 02:00:00+00:00,1.0,S1,1.0050760464397344e-05,0.9182016357156573,0.08178831352387864,0.9182016357156573,0.2832403300492505,0.8364133221917787,4.0,3.0,MATCHED,MATCHED,[]
2025-01-10 13:30:01+00:00,1.02777,24,42,2025-01-10 13:30:15+00:00,1.02513,25,-2.58,0.0,0.0,LOSS,2025-01-10 13:30:00+00:00,2025-01-10 13:30:00+00:00,1.0,S1,2.915093044848442e-05,0.9783410323579201,0.02162981671163079,0.9783410323579201,0.1046489741542844,0.9567112156462894,3.0,2.0,MATCHED,MATCHED,[]
2025-01-13 03:10:09+00:00,1.02371,26,47,2025-01-13 09:24:42+00:00,1.01971,27,-3.92,0.0,0.0,LOSS,2025-01-13 03:00:00+00:00,,,,,,,,,,,,NO_COMPLETE_VECTOR_AT_BOUNDARY,SEGMENT_WARMUP,"[""h3_atr_change_4"", ""h3_slope_atr_8""]"
2025-01-13 11:20:02+00:00,1.01886,28,49,2025-01-13 11:32:14+00:00,1.01938,29,0.51,0.0,0.0,WIN,2025-01-13 11:15:00+00:00,,,,,,,,,,,,NO_COMPLETE_VECTOR_AT_BOUNDARY,SEGMENT_WARMUP,"[""h3_atr_change_4"", ""h3_slope_atr_8""]"
2025-01-13 16:01:42+00:00,1.01953,30,51,2025-01-13 16:13:52+00:00,1.02004,31,0.5,0.0,0.0,WIN,2025-01-13 16:00:00+00:00,,,,,,,,,,,,NO_COMPLETE_VECTOR_AT_BOUNDARY,SEGMENT_WARMUP,"[""h3_atr_change_4"", ""h3_slope_atr_8""]"
2025-01-13 17:00:07+00:00,1.02076,32,53,2025-01-13 17:09:08+00:00,1.02128,33,0.51,0.0,0.0,WIN,2025-01-13 17:00:00+00:00,,,,,,,,,,,,NO_COMPLETE_VECTOR_AT_BOUNDARY,SEGMENT_WARMUP,"[""h3_atr_change_4"", ""h3_slope_atr_8""]"
2025-01-14 02:42:42+00:00,1.02397,34,57,2025-01-14 02:51:07+00:00,1.02451,35,0.53,0.0,0.0,WIN,2025-01-14 02:30:00+00:00,,,,,,,,,,,,NO_COMPLETE_VECTOR_AT_BOUNDARY,SEGMENT_WARMUP,"[""h3_atr_change_4""]"
2025-01-14 05:08:03+00:00,1.02478,36,59,2025-01-14 06:59:26+00:00,1.02532,37,0.53,0.0,0.0,WIN,2025-01-14 05:00:00+00:00,,,,,,,,,,,,NO_COMPLETE_VECTOR_AT_BOUNDARY,SEGMENT_WARMUP,"[""h3_atr_change_4""]"
2025-01-14 12:07:41+00:00,1.02488,38,62,2025-01-14 12:27:34+00:00,1.02539,39,0.5,0.0,0.0,WIN,2025-01-14 12:00:00+00:00,2025-01-14 12:00:00+00:00,2.0,S1,9.155588809039403e-06,0.5194341887489033,0.48055665566228783,0.5194341887489033,0.6925002765536702,0.03887753308661551,13.0,,MATCHED,MATCHED,[]
2025-01-14 14:03:52+00:00,1.02464,40,64,2025-01-14 14:13:14+00:00,1.02514,41,0.49,0.0,0.0,WIN,2025-01-14 14:00:00+00:00,2025-01-14 14:00:00+00:00,2.0,S1,1.3549233717785433e-05,0.5170544007974601,0.4829320499688224,0.5170544007974601,0.6927209255646987,0.03412235082863774,1.0,0.0,MATCHED,MATCHED,[]
2025-01-15 05:56:49+00:00,1.02977,42,70,2025-01-15 07:38:17+00:00,1.03029,43,0.5,0.0,0.0,WIN,2025-01-15 05:45:00+00:00,2025-01-15 05:45:00+00:00,2.0,S1,2.0150106230946448e-07,0.9837800606122349,0.01621973788670223,0.9837800606122349,0.08294086351935215,0.9675603227255326,6.0,5.0,MATCHED,MATCHED,[]
2025-01-15 08:34:11+00:00,1.02985,44,72,2025-01-15 09:06:40+00:00,1.03036,45,0.49,0.0,0.0,WIN,2025-01-15 08:30:00+00:00,2025-01-15 08:30:00+00:00,2.0,S1,0.00036376064620277486,0.8931161902447974,0.10652004910900086,0.8931161902447974,0.34238057201336436,0.7865961411357966,4.0,3.0,MATCHED,MATCHED,[]
2025-01-15 11:33:41+00:00,1.03041,46,74,2025-01-15 13:30:01+00:00,1.03107,47,0.64,0.0,0.0,WIN,2025-01-15 11:30:00+00:00,2025-01-15 11:30:00+00:00,2.0,S1,9.41186919938626e-06,0.9984223486657243,0.00156823946507599,0.9984223486657243,0.011812714225560655,0.9968541092006483,10.0,9.0,MATCHED,MATCHED,[]
2025-01-15 16:33:32+00:00,1.02703,48,76,2025-01-15 16:38:36+00:00,1.02757,49,0.53,0.0,0.0,WIN,2025-01-15 16:30:00+00:00,2025-01-15 16:30:00+00:00,2.0,S2,0.0044865686654704745,0.0380392059360864,0.9574742253984416,0.9574742253984416,0.19022125014414382,0.9194350194623552,2.0,1.0,MATCHED,MATCHED,[]
2025-01-15 23:14:57+00:00,1.02911,50,80,2025-01-16 00:30:00+00:00,1.02963,51,0.27,0.0,-0.24,WIN,2025-01-15 23:00:00+00:00,2025-01-15 23:00:00+00:00,2.0,S2,4.182712095832368e-06,0.20218331601135386,0.7978125012765509,0.7978125012765509,0.5034693250990635,0.595629185265197,5.0,4.0,MATCHED,MATCHED,[]
2025-01-16 02:18:58+00:00,1.02867,52,82,2025-01-16 02:42:51+00:00,1.02917,53,0.49,0.0,0.0,WIN,2025-01-16 02:15:00+00:00,2025-01-16 02:15:00+00:00,2.0,S2,7.51732157150862e-05,0.31419247038296994,0.6857323564013154,0.6857323564013154,0.623174795826453,0.3715398860183454,2.0,1.0,MATCHED,MATCHED,[]
2025-01-16 05:16:28+00:00,1.02843,54,84,2025-01-16 06:58:12+00:00,1.02893,55,0.49,0.0,0.0,WIN,2025-01-16 05:15:00+00:00,2025-01-16 05:15:00+00:00,2.0,S2,6.669080842491622e-06,0.00040317508369975,0.9995901558354585,0.9995901558354585,0.003640515215939953,0.9991869807517587,4.0,3.0,MATCHED,MATCHED,[]
2025-01-16 12:28:30+00:00,1.02734,56,87,2025-01-16 13:30:03+00:00,1.02785,57,0.5,0.0,0.0,WIN,2025-01-16 12:15:00+00:00,2025-01-16 12:15:00+00:00,2.0,S2,7.10216448418195e-06,0.0010000655266444501,0.998992832308872,0.998992832308872,0.0079989996676425,0.9979927667822276,7.0,6.0,MATCHED,MATCHED,[]
2025-01-16 14:02:14+00:00,1.02774,58,89,2025-01-16 14:48:25+00:00,1.02824,59,0.49,0.0,0.0,WIN,2025-01-16 14:00:00+00:00,2025-01-16 14:00:00+00:00,2.0,S2,0.00026845550875643815,0.3460682027855097,0.6536633417057347,0.6536633417057347,0.6473405033415769,0.307595138920225,14.0,13.0,MATCHED,MATCHED,[]
2025-01-16 20:00:19+00:00,1.03014,60,92,2025-01-17 00:54:59+00:00,1.03065,61,0.41,0.0,-0.08,WIN,2025-01-16 20:00:00+00:00,2025-01-16 20:00:00+00:00,2.0,S1,5.9085875346299405e-06,0.9150757895223258,0.08491830189013914,0.9150757895223258,0.29069674086168407,0.8301574876321867,19.0,18.0,MATCHED,MATCHED,[]
2025-01-17 04:35:02+00:00,1.02975,62,94,2025-01-17 09:03:49+00:00,1.03025,63,0.49,0.0,0.0,WIN,2025-01-17 04:30:00+00:00,2025-01-17 04:30:00+00:00,2.0,S2,2.0570250354715828e-05,0.01008666791753981,0.9898927618321047,0.9898927618321047,0.056641754285427406,0.979806093914565,3.0,2.0,MATCHED,MATCHED,[]
2025-01-17 14:14:02+00:00,1.02764,64,96,2025-01-17 14:30:05+00:00,1.02815,65,0.5,0.0,0.0,WIN,2025-01-17 14:00:00+00:00,2025-01-17 14:00:00+00:00,2.0,S2,2.08423150380101e-06,0.022458379420094383,0.9775395363484026,0.9775395363484026,0.10748764446811113,0.9550811569283082,6.0,5.0,MATCHED,MATCHED,[]
2025-01-17 17:10:41+00:00,1.0282,66,98,2025-01-17 17:12:48+00:00,1.0287,67,0.49,0.0,0.0,WIN,2025-01-17 17:00:00+00:00,2025-01-17 17:00:00+00:00,2.0,S2,0.001841228155862372,0.17307643363378675,0.8250823382103497,0.8250823382103497,0.4738149830158971,0.6520059045765629,1.0,0.0,MATCHED,MATCHED,[]
2025-01-20 11:01:43+00:00,1.03131,68,103,2025-01-20 11:03:24+00:00,1.03181,69,0.48,0.0,0.0,WIN,2025-01-20 11:00:00+00:00,,,,,,,,,,,,NO_COMPLETE_VECTOR_AT_BOUNDARY,SEGMENT_WARMUP,"[""h3_atr_change_4"", ""h3_slope_atr_8""]"
2025-01-20 17:00:22+00:00,1.03977,70,106,2025-01-20 17:25:05+00:00,1.03575,71,-3.88,0.0,0.0,LOSS,2025-01-20 17:00:00+00:00,,,,,,,,,,,,NO_COMPLETE_VECTOR_AT_BOUNDARY,SEGMENT_WARMUP,"[""h3_atr_change_4"", ""h3_slope_atr_8""]"
2025-01-21 00:50:20+00:00,1.04043,72,109,2025-01-21 00:56:08+00:00,1.03644,73,-3.85,0.0,0.0,LOSS,2025-01-21 00:45:00+00:00,,,,,,,,,,,,NO_COMPLETE_VECTOR_AT_BOUNDARY,SEGMENT_WARMUP,"[""h3_atr_change_4""]"
2025-01-21 08:39:28+00:00,1.03571,74,113,2025-01-21 08:48:53+00:00,1.03621,75,0.48,0.0,0.0,WIN,2025-01-21 08:30:00+00:00,,,,,,,,,,,,NO_COMPLETE_VECTOR_AT_BOUNDARY,SEGMENT_WARMUP,"[""h3_atr_change_4""]"
2025-01-21 23:04:58+00:00,1.04094,76,119,2025-01-21 23:05:33+00:00,1.04145,77,0.49,0.0,0.0,WIN,2025-01-21 23:00:00+00:00,2025-01-21 23:00:00+00:00,3.0,S1,1.8618878141930686e-06,0.9194124919913176,0.08058564612086844,0.9194124919913176,0.28022366902268103,0.8388268458704491,38.0,37.0,MATCHED,MATCHED,[]
2025-01-22 06:47:32+00:00,1.04019,78,122,2025-01-22 08:00:00+00:00,1.04117,79,0.94,0.0,0.0,WIN,2025-01-22 06:45:00+00:00,2025-01-22 06:45:00+00:00,3.0,S2,9.701100434229182e-06,9.354499710304908e-06,0.9999809443998556,0.9999809443998556,0.00023935971351053068,0.9999712432994214,3.0,2.0,MATCHED,MATCHED,[]
2025-01-22 16:21:19+00:00,1.04132,80,125,2025-01-22 16:38:13+00:00,1.04185,81,0.51,0.0,0.0,WIN,2025-01-22 16:15:00+00:00,2025-01-22 16:15:00+00:00,3.0,S2,2.5124315741108824e-06,9.956818486257529e-06,0.9999875307499403,0.9999875307499403,0.00015954031430656147,0.999977573931454,11.0,10.0,MATCHED,MATCHED,[]
2025-01-22 20:01:28+00:00,1.04189,82,128,2025-01-23 16:12:03+00:00,1.03789,83,-4.09,0.0,-0.24,LOSS,2025-01-22 20:00:00+00:00,2025-01-22 20:00:00+00:00,3.0,S2,9.532955657280449e-06,0.2519562889360868,0.748034178108257,0.748034178108257,0.5645911335479864,0.4960778891721702,26.0,25.0,MATCHED,MATCHED,[]
2025-01-23 21:11:06+00:00,1.04153,84,131,2025-01-24 00:34:27+00:00,1.04204,85,0.41,0.0,-0.08,WIN,2025-01-23 21:00:00+00:00,2025-01-23 21:00:00+00:00,3.0,S2,6.453471207087798e-06,0.4974350403529337,0.5025585061758598,0.5025585061758598,0.6932131604518161,0.005123465822926165,1.0,0.0,MATCHED,MATCHED,[]
2025-01-27 00:01:00+00:00,1.04664,86,139,2025-01-27 08:46:19+00:00,1.04814,87,1.43,0.0,0.0,WIN,2025-01-27 00:00:00+00:00,,,,,,,,,,,,NO_COMPLETE_VECTOR_AT_BOUNDARY,SPECIFIC_FEATURE_INCOMPLETE,"[""atr_change_8"", ""h1_atr_change_4"", ""h3_er_8"", ""h3_atr_change_4"", ""h3_slope_atr_8""]"
2025-01-27 16:46:32+00:00,1.04904,88,142,2025-01-27 16:53:27+00:00,1.04958,89,0.51,0.0,0.0,WIN,2025-01-27 16:45:00+00:00,,,,,,,,,,,,NO_COMPLETE_VECTOR_AT_BOUNDARY,SEGMENT_WARMUP,"[""h3_atr_change_4"", ""h3_slope_atr_8""]"
2025-01-27 20:05:19+00:00,1.04886,90,145,2025-01-27 20:40:04+00:00,1.04938,91,0.5,0.0,0.0,WIN,2025-01-27 20:00:00+00:00,,,,,,,,,,,,NO_COMPLETE_VECTOR_AT_BOUNDARY,SEGMENT_WARMUP,"[""h3_atr_change_4"", ""h3_slope_atr_8""]"
2025-01-27 23:01:53+00:00,1.0484,92,147,2025-01-27 23:26:16+00:00,1.04434,93,-3.89,0.0,0.0,LOSS,2025-01-27 23:00:00+00:00,,,,,,,,,,,,NO_COMPLETE_VECTOR_AT_BOUNDARY,SEGMENT_WARMUP,"[""h3_atr_change_4""]"
2025-01-28 07:40:55+00:00,1.04298,94,150,2025-01-28 07:56:42+00:00,1.0435,95,0.5,0.0,0.0,WIN,2025-01-28 07:30:00+00:00,,,,,,,,,,,,NO_COMPLETE_VECTOR_AT_BOUNDARY,SEGMENT_WARMUP,"[""h3_atr_change_4""]"
2025-01-28 08:00:48+00:00,1.04329,96,152,2025-01-28 09:26:14+00:00,1.04379,97,0.48,0.0,0.0,WIN,2025-01-28 08:00:00+00:00,,,,,,,,,,,,NO_COMPLETE_VECTOR_AT_BOUNDARY,SEGMENT_WARMUP,"[""h3_atr_change_4""]"
2025-01-28 12:07:50+00:00,1.04152,98,154,2025-01-28 12:13:11+00:00,1.04205,99,0.51,0.0,0.0,WIN,2025-01-28 12:00:00+00:00,2025-01-28 12:00:00+00:00,4.0,S2,4.75082812026592e-07,0.00013297659663168048,0.9998665483205571,0.9998665483205571,0.0013272208666564372,0.9997335717239254,13.0,,MATCHED,MATCHED,[]
2025-01-28 19:15:03+00:00,1.0423,100,156,2025-01-28 19:30:52+00:00,1.0428,101,0.48,0.0,0.0,WIN,2025-01-28 19:15:00+00:00,2025-01-28 19:15:00+00:00,4.0,S2,7.954080108782887e-07,0.0029918793282555315,0.9970073252637337,0.9970073252637337,0.02038772774667012,0.9940154459354782,3.0,2.0,MATCHED,MATCHED,[]
2025-01-29 07:49:52+00:00,1.04156,102,161,2025-01-29 08:01:56+00:00,1.04208,103,0.5,0.0,0.0,WIN,2025-01-29 07:45:00+00:00,2025-01-29 07:45:00+00:00,4.0,S2,0.02108293463124878,1.8872582657894637e-15,0.9789170653687495,0.9789170653687495,0.10222429830596175,0.9578341307375007,1.0,0.0,MATCHED,MATCHED,[]
2025-01-29 13:11:27+00:00,1.03902,104,163,2025-01-29 14:08:19+00:00,1.03953,105,0.49,0.0,0.0,WIN,2025-01-29 13:00:00+00:00,2025-01-29 13:00:00+00:00,4.0,S2,3.7499039981693017e-06,1.5290716739053184e-10,0.9999962499430939,0.9999962499430939,5.0603982528314374e-05,0.9999925000390957,22.0,21.0,MATCHED,MATCHED,[]
2025-01-29 21:00:00+00:00,1.04107,106,166,2025-01-29 21:13:02+00:00,1.0416,107,0.51,0.0,0.0,WIN,2025-01-29 21:00:00+00:00,2025-01-29 21:00:00+00:00,4.0,S2,0.02331828845065591,0.0018456958713530464,0.9748360156779909,0.9748360156779909,0.12410534139497759,0.9515177272273351,3.0,2.0,MATCHED,MATCHED,[]
2025-01-30 04:40:12+00:00,1.04185,108,168,2025-01-30 07:59:51+00:00,1.04235,109,0.48,0.0,0.0,WIN,2025-01-30 04:30:00+00:00,2025-01-30 04:30:00+00:00,4.0,S1,1.2132464644193701e-06,0.6171753770723237,0.382823409681211,0.6171753770723237,0.6654465749485986,0.23435196739111275,6.0,5.0,MATCHED,MATCHED,[]
2025-01-30 09:03:13+00:00,1.04139,110,170,2025-01-30 13:27:43+00:00,1.04191,111,0.5,0.0,0.0,WIN,2025-01-30 09:00:00+00:00,2025-01-30 09:00:00+00:00,4.0,S1,4.517083937637439e-06,0.6076665325141221,0.39232895040194016,0.6076665325141221,0.6698363248558206,0.2153375821121819,6.0,5.0,MATCHED,MATCHED,[]
2025-01-30 20:38:16+00:00,1.04107,112,174,2025-01-31 09:01:47+00:00,1.03708,113,-3.93,0.0,-0.08,LOSS,2025-01-30 20:30:00+00:00,2025-01-30 20:30:00+00:00,4.0,S1,8.849854282296983e-06,0.9993619519948667,0.0006291981508510472,0.9993619519948667,0.005378673476919964,0.9987327538440156,8.0,7.0,MATCHED,MATCHED,[]
2025-01-31 14:12:04+00:00,1.03708,114,177,2025-01-31 14:26:14+00:00,1.03759,115,0.49,0.0,0.0,WIN,2025-01-31 14:00:00+00:00,2025-01-31 14:00:00+00:00,4.0,S1,3.2284385165193687e-06,0.9116820803886363,0.08831469117284795,0.9116820803886363,0.2986649441568851,0.8233673892157883,6.0,5.0,MATCHED,MATCHED,[]
2025-01-31 18:33:36+00:00,1.0365,116,179,2025-01-31 18:35:29+00:00,1.037,117,0.48,0.0,0.0,WIN,2025-01-31 18:30:00+00:00,2025-01-31 18:30:00+00:00,4.0,S0,0.999999999990024,6.647706629471593e-14,9.909648689197723e-12,0.999999999990024,2.6307890653785616e-10,0.9999999999801144,1.0,0.0,MATCHED,MATCHED,[]
2025-01-31 21:11:38+00:00,1.0353,118,181,2025-01-31 21:15:23+00:00,1.03581,119,0.49,0.0,0.0,WIN,2025-01-31 21:00:00+00:00,2025-01-31 21:00:00+00:00,4.0,S0,0.5907497669440154,4.200940690867238e-07,0.4092498129619152,0.5907497669440154,0.6765907082833567,0.18149995398210017,1.0,0.0,MATCHED,MATCHED,[]
2025-02-03 02:07:12+00:00,1.02237,120,183,2025-02-03 02:14:21+00:00,1.02291,121,0.53,0.0,0.0,WIN,2025-02-03 02:00:00+00:00,,,,,,,,,,,,NO_COMPLETE_VECTOR_AT_BOUNDARY,SPECIFIC_FEATURE_INCOMPLETE,"[""h1_atr_change_4"", ""h3_er_8"", ""h3_atr_change_4"", ""h3_slope_atr_8""]"
2025-02-03 08:00:27+00:00,1.02228,122,186,2025-02-03 08:19:37+00:00,1.02279,123,0.5,0.0,0.0,WIN,2025-02-03 08:00:00+00:00,,,,,,,,,,,,NO_COMPLETE_VECTOR_AT_BOUNDARY,SEGMENT_WARMUP,"[""h3_atr_change_4"", ""h3_slope_atr_8""]"
2025-02-04 05:06:27+00:00,1.02895,124,194,2025-02-04 05:50:01+00:00,1.02949,125,0.52,0.0,0.0,WIN,2025-02-04 05:00:00+00:00,,,,,,,,,,,,NO_COMPLETE_VECTOR_AT_BOUNDARY,SEGMENT_WARMUP,"[""h3_atr_change_4""]"
2025-02-04 23:50:50+00:00,1.03742,126,201,2025-02-05 00:33:07+00:00,1.03793,127,0.41,0.0,-0.08,WIN,2025-02-04 23:45:00+00:00,2025-02-04 23:45:00+00:00,5.0,S1,1.8130813790558402e-06,0.9233667641210174,0.07663142279760439,0.9233667641210174,0.27048967843110994,0.846735341323413,1.0,0.0,MATCHED,MATCHED,[]
2025-02-05 23:02:11+00:00,1.04014,128,210,2025-02-06 08:32:18+00:00,1.03614,129,-4.1,0.0,-0.24,LOSS,2025-02-05 23:00:00+00:00,2025-02-05 23:00:00+00:00,5.0,S2,2.1010134208787915e-06,6.492520986828723e-06,0.9999914064655927,0.9999914064655927,0.00011361248863064455,0.9999849139446059,20.0,19.0,MATCHED,MATCHED,[]
2025-02-07 00:36:40+00:00,1.03809,130,216,2025-02-07 01:55:18+00:00,1.0386,131,0.49,0.0,0.0,WIN,2025-02-07 00:30:00+00:00,2025-02-07 00:30:00+00:00,5.0,S2,4.676596971972078e-06,0.03487426659475211,0.9651210568082753,0.9651210568082753,0.15135912086038866,0.9302467902135232,1.0,0.0,MATCHED,MATCHED,[]
2025-02-07 03:39:22+00:00,1.03807,132,218,2025-02-07 07:40:34+00:00,1.03859,133,0.5,0.0,0.0,WIN,2025-02-07 03:30:00+00:00,2025-02-07 03:30:00+00:00,5.0,S1,1.7203988866142535e-06,0.5589179572107229,0.4410803223903908,0.5589179572107229,0.6862115194700094,0.1178376348203321,7.0,6.0,MATCHED,MATCHED,[]
2025-02-07 12:27:58+00:00,1.03733,134,221,2025-02-07 13:10:59+00:00,1.03785,135,0.5,0.0,0.0,WIN,2025-02-07 12:15:00+00:00,2025-02-07 12:15:00+00:00,5.0,S2,9.293446775721565e-05,2.351089137360638e-08,0.9999070420213508,0.9999070420213508,0.0009561345537810835,0.9998141075535936,7.0,6.0,MATCHED,MATCHED,[]
2025-02-07 15:54:07+00:00,1.03457,136,223,2025-02-07 15:59:02+00:00,1.03507,137,0.48,0.0,0.0,WIN,2025-02-07 15:45:00+00:00,2025-02-07 15:45:00+00:00,5.0,S2,0.002000049923581197,0.03316033449061287,0.9648396155858043,0.9648396155858043,0.1599217519747289,0.9316792810951915,1.0,0.0,MATCHED,MATCHED,[]
2025-02-07 20:44:34+00:00,1.0323,138,226,2025-02-07 20:53:51+00:00,1.0328,139,0.48,0.0,0.0,WIN,2025-02-07 20:30:00+00:00,2025-02-07 20:30:00+00:00,5.0,S2,1.2392830935218523e-05,3.894467908526179e-06,0.9999837127011559,0.9999837127011559,0.00020481554425806555,0.9999713198702207,11.0,10.0,MATCHED,MATCHED,[]
2025-02-10 08:00:15+00:00,1.03122,140,230,2025-02-10 08:28:29+00:00,1.03173,141,0.49,0.0,0.0,WIN,2025-02-10 08:00:00+00:00,,,,,,,,,,,,NO_COMPLETE_VECTOR_AT_BOUNDARY,SEGMENT_WARMUP,"[""h3_atr_change_4"", ""h3_slope_atr_8""]"
2025-02-10 14:15:41+00:00,1.03127,142,233,2025-02-10 15:30:08+00:00,1.03177,143,0.48,0.0,0.0,WIN,2025-02-10 14:15:00+00:00,,,,,,,,,,,,NO_COMPLETE_VECTOR_AT_BOUNDARY,SEGMENT_WARMUP,"[""h3_atr_change_4"", ""h3_slope_atr_8""]"
2025-02-10 23:15:05+00:00,1.03031,144,237,2025-02-11 06:24:42+00:00,1.03081,145,0.41,0.0,-0.08,WIN,2025-02-10 23:15:00+00:00,,,,,,,,,,,,NO_COMPLETE_VECTOR_AT_BOUNDARY,SEGMENT_WARMUP,"[""h3_atr_change_4""]"
2025-02-11 08:04:37+00:00,1.03019,146,239,2025-02-11 08:19:16+00:00,1.03076,147,0.55,0.0,0.0,WIN,2025-02-11 08:00:00+00:00,,,,,,,,,,,,NO_COMPLETE_VECTOR_AT_BOUNDARY,SEGMENT_WARMUP,"[""h3_atr_change_4""]"
2025-02-12 01:06:25+00:00,1.03553,148,245,2025-02-12 01:47:08+00:00,1.03604,149,0.49,0.0,0.0,WIN,2025-02-12 01:00:00+00:00,2025-02-12 01:00:00+00:00,6.0,S1,5.145058121593427e-05,0.9975246935650801,0.0024238558537041867,0.9975246935650801,0.017577728120679054,0.9951008377113759,21.0,20.0,MATCHED,MATCHED,[]
2025-02-12 03:00:44+00:00,1.03597,150,247,2025-02-12 03:16:49+00:00,1.03647,151,0.48,0.0,0.0,WIN,2025-02-12 03:00:00+00:00,2025-02-12 03:00:00+00:00,6.0,S1,3.595152829516725e-07,0.9999821079671708,1.753251754563006e-05,0.9999821079671708,0.00021523308993834549,0.9999645754496251,29.0,28.0,MATCHED,MATCHED,[]
2025-02-12 11:00:54+00:00,1.03747,152,251,2025-02-12 11:10:23+00:00,1.03798,153,0.49,0.0,0.0,WIN,2025-02-12 11:00:00+00:00,2025-02-12 11:00:00+00:00,6.0,S1,2.8312738942789803e-06,0.9999971678413728,8.847324743752736e-10,0.9999971678413728,3.9019509417442786e-05,0.9999943365674785,12.0,11.0,MATCHED,MATCHED,[]
2025-02-13 08:31:16+00:00,1.04161,154,258,2025-02-13 09:45:30+00:00,1.04211,155,0.48,0.0,0.0,WIN,2025-02-13 08:30:00+00:00,2025-02-13 08:30:00+00:00,6.0,S1,0.00337355388764728,0.8613626400489777,0.13526380606337493,0.8613626400489777,0.41835010919937626,0.7260988339856027,30.0,29.0,MATCHED,MATCHED,[]
2025-02-13 11:47:36+00:00,1.04058,156,260,2025-02-13 15:02:46+00:00,1.0412,157,0.6,0.0,0.0,WIN,2025-02-13 11:45:00+00:00,2025-02-13 11:45:00+00:00,6.0,S2,2.8381320498501103e-06,0.3633083716553535,0.6366887902125964,0.6366887902125964,0.6553357983852097,0.2733804185572429,2.0,1.0,MATCHED,MATCHED,[]
2025-02-14 05:32:08+00:00,1.04504,158,266,2025-02-14 06:18:06+00:00,1.04554,159,0.48,0.0,0.0,WIN,2025-02-14 05:30:00+00:00,2025-02-14 05:30:00+00:00,6.0,S2,1.779392749028471e-05,7.66749189428581e-08,0.9999821293975915,0.9999821293975915,0.00021373267692605265,0.9999643354701012,5.0,4.0,MATCHED,MATCHED,[]
2025-02-14 20:03:12+00:00,1.04964,160,271,2025-02-17 01:36:49+00:00,1.05014,161,0.4,0.0,-0.08,WIN,2025-02-14 20:00:00+00:00,2025-02-14 20:00:00+00:00,6.0,S1,0.0001227547973379636,0.6844370014213932,0.3154402437812694,0.6844370014213932,0.6245662149509745,0.3689967576401238,29.0,28.0,MATCHED,MATCHED,[]
2025-02-17 05:36:35+00:00,1.04855,162,274,2025-02-17 05:57:15+00:00,1.04907,163,0.5,0.0,0.0,WIN,2025-02-17 05:30:00+00:00,,,,,,,,,,,,NO_COMPLETE_VECTOR_AT_BOUNDARY,SEGMENT_WARMUP,"[""h3_atr_change_4"", ""h3_slope_atr_8""]"
2025-02-17 12:31:00+00:00,1.0476,164,277,2025-02-17 15:07:27+00:00,1.04812,165,0.5,0.0,0.0,WIN,2025-02-17 12:30:00+00:00,,,,,,,,,,,,NO_COMPLETE_VECTOR_AT_BOUNDARY,SEGMENT_WARMUP,"[""h3_atr_change_4"", ""h3_slope_atr_8""]"
2025-02-18 00:39:48+00:00,1.04775,166,281,2025-02-18 18:09:24+00:00,1.04375,167,-3.83,0.0,0.0,LOSS,2025-02-18 00:30:00+00:00,,,,,,,,,,,,NO_COMPLETE_VECTOR_AT_BOUNDARY,SEGMENT_WARMUP,"[""h3_atr_change_4""]"
2025-02-19 08:01:07+00:00,1.04499,168,287,2025-02-19 08:15:54+00:00,1.04553,169,0.52,0.0,0.0,WIN,2025-02-19 08:00:00+00:00,2025-02-19 08:00:00+00:00,7.0,S2,2.0452536112423352e-05,0.0152287930363884,0.9847507544274986,0.9847507544274986,0.07907912489697358,0.9695219613911102,1.0,0.0,MATCHED,MATCHED,[]
2025-02-19 16:05:05+00:00,1.0414,170,290,2025-02-19 16:13:10+00:00,1.0419,171,0.48,0.0,0.0,WIN,2025-02-19 16:00:00+00:00,2025-02-19 16:00:00+00:00,7.0,S2,6.323373064343365e-06,0.0006100059768987228,0.9993836706500372,0.9993836706500372,0.005207127849856829,0.9987736646731384,4.0,3.0,MATCHED,MATCHED,[]
2025-02-19 23:32:51+00:00,1.04221,172,294,2025-02-20 00:44:09+00:00,1.04271,173,0.24,0.0,-0.24,WIN,2025-02-19 23:30:00+00:00,2025-02-19 23:30:00+00:00,7.0,S2,9.397515453863816e-05,0.37167373390224506,0.6282322909432162,0.6282322909432162,0.6607621457816959,0.25655855704097114,2.0,1.0,MATCHED,MATCHED,[]
2025-02-21 00:27:37+00:00,1.04939,174,303,2025-02-21 02:19:14+00:00,1.04989,175,0.48,0.0,0.0,WIN,2025-02-21 00:15:00+00:00,2025-02-21 00:15:00+00:00,7.0,S1,2.156553524614728e-06,0.9999877796019897,1.00638444861987e-05,0.9999877796019897,0.000156157119054455,0.9999777157575035,59.0,58.0,MATCHED,MATCHED,[]
2025-02-21 09:00:00+00:00,1.04774,176,306,2025-02-21 14:45:00+00:00,1.0485,177,0.72,0.0,0.0,WIN,2025-02-21 09:00:00+00:00,2025-02-21 09:00:00+00:00,7.0,S2,0.005656662125087832,1.6505884038615764e-09,0.9943433362243247,0.9943433362243247,0.03491344924777889,0.9886866740992368,1.0,0.0,MATCHED,MATCHED,[]
2025-02-24 05:04:58+00:00,1.05128,178,310,2025-02-24 05:39:39+00:00,1.05181,179,0.5,0.0,0.0,WIN,2025-02-24 05:00:00+00:00,,,,,,,,,,,,NO_COMPLETE_VECTOR_AT_BOUNDARY,SEGMENT_WARMUP,"[""h3_atr_change_4"", ""h3_slope_atr_8""]"
2025-02-24 11:25:56+00:00,1.04689,180,313,2025-02-24 13:38:12+00:00,1.0474,181,0.49,0.0,0.0,WIN,2025-02-24 11:15:00+00:00,,,,,,,,,,,,NO_COMPLETE_VECTOR_AT_BOUNDARY,SEGMENT_WARMUP,"[""h3_atr_change_4"", ""h3_slope_atr_8""]"
2025-02-24 14:48:55+00:00,1.04531,182,315,2025-02-24 14:54:57+00:00,1.04584,183,0.51,0.0,0.0,WIN,2025-02-24 14:45:00+00:00,,,,,,,,,,,,NO_COMPLETE_VECTOR_AT_BOUNDARY,SEGMENT_WARMUP,"[""h3_atr_change_4"", ""h3_slope_atr_8""]"
2025-02-24 21:00:00+00:00,1.04655,184,318,2025-02-25 02:33:10+00:00,1.04705,185,0.4,0.0,-0.08,WIN,2025-02-24 21:00:00+00:00,,,,,,,,,,,,NO_COMPLETE_VECTOR_AT_BOUNDARY,SEGMENT_WARMUP,"[""h3_atr_change_4""]"
2025-02-25 17:02:13+00:00,1.04949,186,324,2025-02-25 17:56:00+00:00,1.05001,187,0.5,0.0,0.0,WIN,2025-02-25 17:00:00+00:00,2025-02-25 17:00:00+00:00,8.0,S1,3.4080553255799343e-06,0.9999942947324564,2.2972122175804386e-06,0.9999942947324564,7.843709308848403e-05,0.9999908866771308,24.0,23.0,MATCHED,MATCHED,[]
2025-02-26 02:06:21+00:00,1.05122,188,328,2025-02-27 02:39:04+00:00,1.04722,189,-4.06,0.0,-0.24,LOSS,2025-02-26 02:00:00+00:00,2025-02-26 02:00:00+00:00,8.0,S1,1.7414080119095474e-05,0.9235832686194304,0.07639931730045088,0.9235832686194304,0.2700928009855804,0.8471839513189795,60.0,59.0,MATCHED,MATCHED,[]
2025-02-27 13:36:28+00:00,1.04689,190,332,2025-02-27 13:57:35+00:00,1.0429,191,-3.83,0.0,0.0,LOSS,2025-02-27 13:30:00+00:00,2025-02-27 13:30:00+00:00,8.0,S1,8.701141485047604e-07,0.7898016254508076,0.21019750443504387,0.7898016254508076,0.5142310386466968,0.5796041210157636,1.0,0.0,MATCHED,MATCHED,[]
2025-02-27 17:42:06+00:00,1.04036,192,335,2025-02-27 18:00:19+00:00,1.04087,193,0.49,0.0,0.0,WIN,2025-02-27 17:30:00+00:00,2025-02-27 17:30:00+00:00,8.0,S2,0.021958752784054066,8.20212163446742e-38,0.9780412472159444,0.9780412472159444,0.10556733694488558,0.9560824944318904,8.0,7.0,MATCHED,MATCHED,[]
2025-02-27 22:49:29+00:00,1.03948,194,337,2025-02-27 23:12:41+00:00,1.03998,195,0.48,0.0,0.0,WIN,2025-02-27 22:45:00+00:00,2025-02-27 22:45:00+00:00,8.0,S2,3.0618721245512668e-06,2.323951655380878e-18,0.999996938127875,0.999996938127875,4.1936877949392005e-05,0.9999938762557505,29.0,28.0,MATCHED,MATCHED,[]
2025-02-28 06:28:25+00:00,1.03832,196,340,2025-02-28 07:03:04+00:00,1.03883,197,0.49,0.0,0.0,WIN,2025-02-28 06:15:00+00:00,2025-02-28 06:15:00+00:00,8.0,S2,1.0219073304108049e-06,0.05629635278598494,0.9437026253066851,0.9437026253066851,0.21666784267114958,0.8874062725207001,59.0,58.0,MATCHED,MATCHED,[]
2025-02-28 17:23:25+00:00,1.03955,198,345,2025-02-28 17:24:47+00:00,1.04005,199,0.48,0.0,0.0,WIN,2025-02-28 17:15:00+00:00,2025-02-28 17:15:00+00:00,8.0,S2,3.375597292560343e-06,0.45806837214438495,0.5419282522583218,0.5419282522583218,0.6896703606989012,0.0838598801139368,6.0,5.0,MATCHED,MATCHED,[]
2025-03-03 05:03:35+00:00,1.04158,200,349,2025-03-03 09:54:46+00:00,1.04209,201,0.49,0.0,0.0,WIN,2025-03-03 05:00:00+00:00,,,,,,,,,,,,NO_COMPLETE_VECTOR_AT_BOUNDARY,SEGMENT_WARMUP,"[""h3_atr_change_4"", ""h3_slope_atr_8""]"
2025-03-04 02:16:44+00:00,1.04849,202,356,2025-03-04 07:01:15+00:00,1.04899,203,0.48,0.0,0.0,WIN,2025-03-04 02:15:00+00:00,,,,,,,,,,,,NO_COMPLETE_VECTOR_AT_BOUNDARY,SEGMENT_WARMUP,"[""h3_atr_change_4""]"
2025-03-05 02:30:11+00:00,1.06059,204,364,2025-03-05 03:47:35+00:00,1.06109,205,0.47,0.0,0.0,WIN,2025-03-05 02:30:00+00:00,2025-03-05 02:30:00+00:00,9.0,S1,0.0068118172334139864,0.9878769254030861,0.005311257363501027,0.9878769254030861,0.07385408048484718,0.9810651081696722,33.0,32.0,MATCHED,MATCHED,[]
2025-03-05 23:16:43+00:00,1.07889,206,372,2025-03-05 23:54:24+00:00,1.07949,207,0.56,0.0,0.0,WIN,2025-03-05 23:15:00+00:00,2025-03-05 23:15:00+00:00,9.0,S1,1.5406651195618248e-06,0.9999984033730885,5.596179209673417e-08,0.9999984033730885,2.315028688581014e-05,0.999996862707969,63.0,62.0,MATCHED,MATCHED,[]
2025-03-06 08:01:47+00:00,1.07943,208,376,2025-03-06 08:03:21+00:00,1.07994,209,0.47,0.0,0.0,WIN,2025-03-06 08:00:00+00:00,2025-03-06 08:00:00+00:00,9.0,S1,0.002891320690587918,0.9727129801486502,0.024395699160762573,0.9727129801486502,0.13440380889128356,0.9483172809878876,15.0,14.0,MATCHED,MATCHED,[]
2025-03-06 11:25:30+00:00,1.07841,210,378,2025-03-06 11:32:13+00:00,1.07893,211,0.48,0.0,0.0,WIN,2025-03-06 11:15:00+00:00,2025-03-06 11:15:00+00:00,9.0,S1,6.868906158068816e-06,0.5260099551681333,0.4739831759257087,0.5260099551681333,0.6918769359018668,0.0520267792424246,1.0,0.0,MATCHED,MATCHED,[]
2025-03-06 17:13:37+00:00,1.0809,212,381,2025-03-06 18:43:59+00:00,1.07687,213,-3.74,0.0,0.0,LOSS,2025-03-06 17:00:00+00:00,2025-03-06 17:00:00+00:00,9.0,S1,9.46040324181131e-06,0.9989308945979181,0.0010596449988398082,0.9989308945979181,0.008436354311101277,0.9978712495990782,14.0,13.0,MATCHED,MATCHED,[]
2025-03-06 21:11:41+00:00,1.07854,214,383,2025-03-06 22:54:31+00:00,1.07908,215,0.5,0.0,0.0,WIN,2025-03-06 21:00:00+00:00,2025-03-06 21:00:00+00:00,9.0,S2,0.0011170367491762825,0.0003545618376141305,0.9985284014132094,0.9985284014132094,0.011879960604860062,0.9974113646640331,14.0,13.0,MATCHED,MATCHED,[]
2025-03-07 02:06:25+00:00,1.07856,216,386,2025-03-07 02:10:35+00:00,1.07906,217,0.46,0.0,0.0,WIN,2025-03-07 02:00:00+00:00,2025-03-07 02:00:00+00:00,9.0,S1,1.1748305014550595e-06,0.8539415754849138,0.1460572496845846,0.8539415754849138,0.41582561202432766,0.7078843258003291,2.0,1.0,MATCHED,MATCHED,[]
2025-03-07 18:15:37+00:00,1.08301,218,392,2025-03-07 18:24:16+00:00,1.08355,219,0.5,0.0,0.0,WIN,2025-03-07 18:15:00+00:00,2025-03-07 18:15:00+00:00,9.0,S2,0.0013211376072958575,0.0009739854162958036,0.9977048769764086,0.9977048769764086,0.017804380799417485,0.9963837393691127,6.0,5.0,MATCHED,MATCHED,[]
2025-03-10 07:48:51+00:00,1.08259,220,397,2025-03-10 09:20:48+00:00,1.08312,221,0.49,0.0,0.0,WIN,2025-03-10 07:45:00+00:00,,,,,,,,,,,,NO_COMPLETE_VECTOR_AT_BOUNDARY,SEGMENT_WARMUP,"[""h3_atr_change_4"", ""h3_slope_atr_8""]"
2025-03-10 11:05:37+00:00,1.08237,222,399,2025-03-10 11:07:19+00:00,1.08288,223,0.47,0.0,0.0,WIN,2025-03-10 11:00:00+00:00,,,,,,,,,,,,NO_COMPLETE_VECTOR_AT_BOUNDARY,SEGMENT_WARMUP,"[""h3_atr_change_4"", ""h3_slope_atr_8""]"
2025-03-10 13:47:33+00:00,1.08356,224,401,2025-03-10 14:10:23+00:00,1.08407,225,0.47,0.0,0.0,WIN,2025-03-10 13:45:00+00:00,,,,,,,,,,,,NO_COMPLETE_VECTOR_AT_BOUNDARY,SEGMENT_WARMUP,"[""h3_atr_change_4"", ""h3_slope_atr_8""]"
2025-03-10 16:45:59+00:00,1.083,226,403,2025-03-10 17:11:56+00:00,1.0835,227,0.46,0.0,0.0,WIN,2025-03-10 16:45:00+00:00,,,,,,,,,,,,NO_COMPLETE_VECTOR_AT_BOUNDARY,SEGMENT_WARMUP,"[""h3_atr_change_4"", ""h3_slope_atr_8""]"
2025-03-10 19:03:00+00:00,1.08224,228,405,2025-03-10 19:26:00+00:00,1.08274,229,0.46,0.0,0.0,WIN,2025-03-10 19:00:00+00:00,,,,,,,,,,,,NO_COMPLETE_VECTOR_AT_BOUNDARY,SEGMENT_WARMUP,"[""h3_atr_change_4"", ""h3_slope_atr_8""]"
2025-03-11 05:10:28+00:00,1.08487,230,409,2025-03-11 06:20:41+00:00,1.0854,231,0.49,0.0,0.0,WIN,2025-03-11 05:00:00+00:00,,,,,,,,,,,,NO_COMPLETE_VECTOR_AT_BOUNDARY,SEGMENT_WARMUP,"[""h3_atr_change_4""]"
2025-03-11 14:28:34+00:00,1.08988,232,413,2025-03-11 14:30:08+00:00,1.09042,233,0.5,0.0,0.0,WIN,2025-03-11 14:15:00+00:00,2025-03-11 14:15:00+00:00,10.0,S1,0.0006799154165511107,0.9993200820199976,2.56345156380337e-09,0.9993200820199976,0.00563872924575954,0.9986401666034465,22.0,,MATCHED,MATCHED,[]
2025-03-11 19:57:27+00:00,1.09232,234,416,2025-03-12 12:30:02+00:00,1.09283,235,0.39,0.0,-0.08,WIN,2025-03-11 19:45:00+00:00,2025-03-11 19:45:00+00:00,10.0,S1,4.763530724481653e-06,0.9999926455308393,2.590938436306955e-06,0.9999926455308393,9.905774314180788e-05,0.9999878820001149,44.0,,MATCHED,MATCHED,[]
2025-03-13 00:11:35+00:00,1.08832,236,421,2025-03-13 00:49:59+00:00,1.08883,237,0.47,0.0,0.0,WIN,2025-03-13 00:00:00+00:00,2025-03-13 00:00:00+00:00,10.0,S2,4.4499793059212715e-06,4.012557863052023e-06,0.9999915374628309,0.9999915374628309,0.00011315823743302679,0.9999870874835249,23.0,22.0,MATCHED,MATCHED,[]
2025-03-13 06:14:56+00:00,1.08784,238,424,2025-03-13 07:16:37+00:00,1.08834,239,0.46,0.0,0.0,WIN,2025-03-13 06:00:00+00:00,2025-03-13 06:00:00+00:00,10.0,S2,2.4491710662304598e-05,0.30205078652875317,0.697924721760585,0.697924721760585,0.6128676450824146,0.3958739352318318,3.0,2.0,MATCHED,MATCHED,[]
2025-03-13 10:37:42+00:00,1.08693,240,426,2025-03-13 11:18:57+00:00,1.08746,241,0.49,0.0,0.0,WIN,2025-03-13 10:30:00+00:00,2025-03-13 10:30:00+00:00,10.0,S2,1.1041820289382816e-05,0.1872163657555208,0.8127725924241892,0.8127725924241892,0.4822961798711929,0.6255562266686684,8.0,7.0,MATCHED,MATCHED,[]
2025-03-13 19:28:41+00:00,1.08484,242,430,2025-03-13 19:33:00+00:00,1.08538,243,0.5,0.0,0.0,WIN,2025-03-13 19:15:00+00:00,2025-03-13 19:15:00+00:00,10.0,S2,3.084779843899757e-06,0.027242317906957664,0.9727545973131986,0.9727545973131986,0.125063599741636,0.9455122794062409,6.0,5.0,MATCHED,MATCHED,[]
2025-03-14 00:29:01+00:00,1.08491,244,432,2025-03-14 00:44:17+00:00,1.08542,245,0.47,0.0,0.0,WIN,2025-03-14 00:15:00+00:00,2025-03-14 00:15:00+00:00,10.0,S1,8.377783899816615e-06,0.9989143069514196,0.0010773152646802405,0.9989143069514196,0.008544639451699266,0.9978369916867393,4.0,3.0,MATCHED,MATCHED,[]
2025-03-14 01:05:57+00:00,1.08464,246,434,2025-03-14 08:23:49+00:00,1.08514,247,0.46,0.0,0.0,WIN,2025-03-14 01:00:00+00:00,2025-03-14 01:00:00+00:00,10.0,S2,1.887274834542308e-06,0.03626796178109005,0.9637301509440759,0.9637301509440759,0.15592319343182884,0.9274621891629858,1.0,0.0,MATCHED,MATCHED,[]
2025-03-17 01:02:44+00:00,1.08777,248,440,2025-03-17 01:41:02+00:00,1.08827,249,0.46,0.0,0.0,WIN,2025-03-17 01:00:00+00:00,,,,,,,,,,,,NO_COMPLETE_VECTOR_AT_BOUNDARY,SPECIFIC_FEATURE_INCOMPLETE,"[""h1_atr_change_4"", ""h3_er_8"", ""h3_atr_change_4"", ""h3_slope_atr_8""]"
2025-03-17 05:35:39+00:00,1.08752,250,442,2025-03-17 06:03:19+00:00,1.08803,251,0.47,0.0,0.0,WIN,2025-03-17 05:30:00+00:00,,,,,,,,,,,,NO_COMPLETE_VECTOR_AT_BOUNDARY,SEGMENT_WARMUP,"[""h3_atr_change_4"", ""h3_slope_atr_8""]"
2025-03-17 07:33:23+00:00,1.0872,252,444,2025-03-17 07:53:23+00:00,1.08771,253,0.47,0.0,0.0,WIN,2025-03-17 07:30:00+00:00,,,,,,,,,,,,NO_COMPLETE_VECTOR_AT_BOUNDARY,SEGMENT_WARMUP,"[""h3_atr_change_4"", ""h3_slope_atr_8""]"
2025-03-17 13:03:11+00:00,1.0898,254,447,2025-03-17 13:09:05+00:00,1.0903,255,0.46,0.0,0.0,WIN,2025-03-17 13:00:00+00:00,,,,,,,,,,,,NO_COMPLETE_VECTOR_AT_BOUNDARY,SEGMENT_WARMUP,"[""h3_atr_change_4"", ""h3_slope_atr_8""]"
2025-03-18 00:40:17+00:00,1.0917,256,451,2025-03-18 07:03:04+00:00,1.09222,257,0.48,0.0,0.0,WIN,2025-03-18 00:30:00+00:00,,,,,,,,,,,,NO_COMPLETE_VECTOR_AT_BOUNDARY,SEGMENT_WARMUP,"[""h3_atr_change_4""]"
2025-03-18 22:06:23+00:00,1.09436,258,457,2025-03-19 07:18:05+00:00,1.09037,259,-3.74,0.0,-0.08,LOSS,2025-03-18 22:00:00+00:00,2025-03-18 22:00:00+00:00,11.0,S1,3.3962006711151065e-06,0.9997764008398519,0.0002202029594762971,0.9997764008398519,0.0021206625269375623,0.9995561978803755,24.0,23.0,MATCHED,MATCHED,[]
2025-03-19 13:08:58+00:00,1.08996,260,460,2025-03-19 18:41:52+00:00,1.09056,261,0.55,0.0,0.0,WIN,2025-03-19 13:00:00+00:00,2025-03-19 13:00:00+00:00,11.0,S2,1.0191709300480771e-05,0.009000591798811425,0.9909892164918879,0.9909892164918879,0.05148417894603948,0.9819886246930765,3.0,2.0,MATCHED,MATCHED,[]
2025-03-20 04:18:48+00:00,1.09072,262,465,2025-03-20 07:39:11+00:00,1.08672,263,-3.68,0.0,0.0,LOSS,2025-03-20 04:15:00+00:00,2025-03-20 04:15:00+00:00,11.0,S1,1.5148552028050114e-06,0.6040044026763114,0.3959940824684856,0.6040044026763114,0.6713749880099179,0.20801032020782578,2.0,1.0,MATCHED,MATCHED,[]
2025-03-21 01:01:57+00:00,1.08512,264,472,2025-03-21 12:03:31+00:00,1.08564,265,0.48,0.0,0.0,WIN,2025-03-21 01:00:00+00:00,2025-03-21 01:00:00+00:00,11.0,S1,7.873387865408545e-07,0.7153834009886023,0.2846158116726107,0.7153834009886023,0.5972716978101323,0.43076758931599163,16.0,15.0,MATCHED,MATCHED,[]
2025-03-21 14:34:42+00:00,1.08194,266,474,2025-03-21 14:37:08+00:00,1.08245,267,0.47,0.0,0.0,WIN,2025-03-21 14:30:00+00:00,2025-03-21 14:30:00+00:00,11.0,S2,1.6138820528035213e-05,0.0414106813733983,0.9585731798060741,0.9585731798060741,0.17259528064573626,0.9171624984326758,3.0,2.0,MATCHED,MATCHED,[]
2025-03-24 10:00:18+00:00,1.08386,268,481,2025-03-24 10:15:29+00:00,1.08436,269,0.46,0.0,0.0,WIN,2025-03-24 10:00:00+00:00,,,,,,,,,,,,NO_COMPLETE_VECTOR_AT_BOUNDARY,NO_FEATURE_ROW_AT_BOUNDARY,
2025-03-24 13:16:03+00:00,1.08198,270,483,2025-03-24 13:32:00+00:00,1.08249,271,0.47,0.0,0.0,WIN,2025-03-24 13:15:00+00:00,,,,,,,,,,,,NO_COMPLETE_VECTOR_AT_BOUNDARY,NO_FEATURE_ROW_AT_BOUNDARY,
2025-03-25 02:26:17+00:00,1.07987,272,488,2025-03-25 04:00:10+00:00,1.08037,273,0.46,0.0,0.0,WIN,2025-03-25 02:15:00+00:00,,,,,,,,,,,,NO_COMPLETE_VECTOR_AT_BOUNDARY,SEGMENT_WARMUP,"[""er_16"", ""rv_16"", ""atr_change_1"", ""atr_change_8"", ""slope_atr_4"", ""slope_atr_16"", ""range_pos_16"", ""h1_er_8"", ""h1_atr_change_4"", ""h1_slope_atr_8"", ""h3_er_8"", ""h3_atr_change_4"", ""h3_slope_atr_8""]"
2025-03-25 07:43:51+00:00,1.07854,274,490,2025-03-25 07:51:32+00:00,1.07905,275,0.47,0.0,0.0,WIN,2025-03-25 07:30:00+00:00,,,,,,,,,,,,NO_COMPLETE_VECTOR_AT_BOUNDARY,SEGMENT_WARMUP,"[""h1_er_8"", ""h1_atr_change_4"", ""h1_slope_atr_8"", ""h3_er_8"", ""h3_atr_change_4"", ""h3_slope_atr_8""]"
2025-03-25 19:15:34+00:00,1.07934,276,495,2025-03-25 19:44:38+00:00,1.07986,277,0.48,0.0,0.0,WIN,2025-03-25 19:15:00+00:00,,,,,,,,,,,,NO_COMPLETE_VECTOR_AT_BOUNDARY,SEGMENT_WARMUP,"[""h3_er_8"", ""h3_atr_change_4"", ""h3_slope_atr_8""]"
2025-03-26 04:40:36+00:00,1.07822,278,499,2025-03-26 06:06:12+00:00,1.07873,279,0.47,0.0,0.0,WIN,2025-03-26 04:30:00+00:00,,,,,,,,,,,,NO_COMPLETE_VECTOR_AT_BOUNDARY,SEGMENT_WARMUP,"[""h3_atr_change_4"", ""h3_slope_atr_8""]"
2025-03-26 07:00:02+00:00,1.07843,280,501,2025-03-26 07:28:22+00:00,1.079,281,0.53,0.0,0.0,WIN,2025-03-26 07:00:00+00:00,,,,,,,,,,,,NO_COMPLETE_VECTOR_AT_BOUNDARY,SEGMENT_WARMUP,"[""h3_atr_change_4"", ""h3_slope_atr_8""]"
2025-03-26 13:18:42+00:00,1.07725,282,504,2025-03-26 13:38:18+00:00,1.07776,283,0.47,0.0,0.0,WIN,2025-03-26 13:15:00+00:00,,,,,,,,,,,,NO_COMPLETE_VECTOR_AT_BOUNDARY,SEGMENT_WARMUP,"[""h3_atr_change_4"", ""h3_slope_atr_8""]"
2025-03-26 16:04:30+00:00,1.07771,284,506,2025-03-26 16:05:48+00:00,1.07821,285,0.46,0.0,0.0,WIN,2025-03-26 16:00:00+00:00,,,,,,,,,,,,NO_COMPLETE_VECTOR_AT_BOUNDARY,SEGMENT_WARMUP,"[""h3_atr_change_4"", ""h3_slope_atr_8""]"
2025-03-27 07:03:01+00:00,1.07675,286,512,2025-03-27 07:15:13+00:00,1.07727,287,0.48,0.0,0.0,WIN,2025-03-27 07:00:00+00:00,,,,,,,,,,,,NO_COMPLETE_VECTOR_AT_BOUNDARY,SEGMENT_WARMUP,"[""h3_atr_change_4""]"
2025-03-27 10:11:01+00:00,1.07684,288,514,2025-03-27 10:25:39+00:00,1.07736,289,0.48,0.0,0.0,WIN,2025-03-27 10:00:00+00:00,2025-03-27 10:00:00+00:00,13.0,S1,2.543060874451805e-06,0.5129081021896447,0.48708935474948145,0.5129081021896447,0.692847379225799,0.025818747440163214,1.0,0.0,MATCHED,MATCHED,[]
2025-03-28 01:56:02+00:00,1.07923,290,520,2025-03-28 07:27:55+00:00,1.07977,291,0.5,0.0,0.0,WIN,2025-03-28 01:45:00+00:00,2025-03-28 01:45:00+00:00,13.0,S1,2.5615409985205405e-06,0.9596622560991319,0.040335182359869576,0.9596622560991319,0.16904335202585713,0.9193270737392624,1.0,0.0,MATCHED,MATCHED,[]
2025-03-28 19:46:02+00:00,1.08237,292,525,2025-03-28 20:22:22+00:00,1.08287,293,0.46,0.0,0.0,WIN,2025-03-28 19:45:00+00:00,2025-03-28 19:45:00+00:00,13.0,S1,2.1178808362617086e-06,0.9999978413622739,4.0756889688105836e-08,0.9999978413622739,3.052245342082823e-05,0.9999957234814376,29.0,28.0,MATCHED,MATCHED,[]
2025-03-31 07:18:10+00:00,1.08284,294,529,2025-03-31 07:21:18+00:00,1.08338,295,0.5,0.0,0.0,WIN,2025-03-31 07:15:00+00:00,,,,,,,,,,,,NO_COMPLETE_VECTOR_AT_BOUNDARY,SEGMENT_WARMUP,"[""h3_atr_change_4"", ""h3_slope_atr_8""]"
2025-03-31 14:25:32+00:00,1.07908,296,532,2025-03-31 14:33:22+00:00,1.07959,297,0.47,0.0,0.0,WIN,2025-03-31 14:15:00+00:00,,,,,,,,,,,,NO_COMPLETE_VECTOR_AT_BOUNDARY,SEGMENT_WARMUP,"[""h3_atr_change_4"", ""h3_slope_atr_8""]"
2025-04-01 05:00:19+00:00,1.08239,298,538,2025-04-01 09:05:31+00:00,1.0829,299,0.47,0.0,0.0,WIN,2025-04-01 05:00:00+00:00,,,,,,,,,,,,NO_COMPLETE_VECTOR_AT_BOUNDARY,SEGMENT_WARMUP,"[""h3_atr_change_4""]"
2025-04-01 10:09:20+00:00,1.07986,300,540,2025-04-01 10:23:26+00:00,1.08038,301,0.48,0.0,0.0,WIN,2025-04-01 10:00:00+00:00,2025-04-01 10:00:00+00:00,14.0,S1,7.78106196563034e-07,0.9951949889624384,0.004804232931364592,0.9951949889624384,0.030450627939233053,0.9903907560310738,1.0,0.0,MATCHED,MATCHED,[]
2025-04-02 07:12:01+00:00,1.07895,302,548,2025-04-02 08:07:03+00:00,1.07947,303,0.48,0.0,0.0,WIN,2025-04-02 07:00:00+00:00,2025-04-02 07:00:00+00:00,14.0,S1,4.305064615879429e-06,0.6931164871481876,0.30687920778719724,0.6931164871481876,0.616636769056945,0.3862372793609904,1.0,0.0,MATCHED,MATCHED,[]
2025-04-02 20:11:22+00:00,1.08402,304,553,2025-04-02 20:13:16+00:00,1.08454,305,0.48,0.0,0.0,WIN,2025-04-02 20:00:00+00:00,2025-04-02 20:00:00+00:00,14.0,S1,0.11856217727698541,0.8328698524540292,0.048567970268984725,0.8328698524540292,0.5520336755494153,0.7143076751770439,20.0,19.0,MATCHED,MATCHED,[]
2025-04-03 17:45:13+00:00,1.1019,306,561,2025-04-03 17:50:17+00:00,1.10241,307,0.46,0.0,0.0,WIN,2025-04-03 17:45:00+00:00,2025-04-03 17:45:00+00:00,14.0,S0,0.9991241334508271,1.4993227768888109e-09,0.0008758650498513101,0.9991241334508271,0.0070418647539779045,0.9982482684009758,10.0,9.0,MATCHED,MATCHED,[]
2025-04-03 19:27:36+00:00,1.10225,308,563,2025-04-03 20:21:17+00:00,1.10286,309,0.55,0.0,0.0,WIN,2025-04-03 19:15:00+00:00,2025-04-03 19:15:00+00:00,14.0,S2,0.2271984928042191,3.3349478781548273e-06,0.7727981722479041,0.7727981722479041,0.5359135598273668,0.545599679443685,1.0,0.0,MATCHED,MATCHED,[]
2025-04-04 07:56:38+00:00,1.10076,310,568,2025-04-04 10:06:40+00:00,1.09677,311,-3.64,0.0,0.0,LOSS,2025-04-04 07:45:00+00:00,2025-04-04 07:45:00+00:00,14.0,S0,0.9380044584332851,6.587122307541306e-21,0.061995541566713455,0.9380044584332851,0.23242338292134387,0.8760089168665716,1.0,0.0,MATCHED,MATCHED,[]
2025-04-04 16:05:09+00:00,1.10078,312,571,2025-04-04 16:44:02+00:00,1.09676,313,-3.67,0.0,0.0,LOSS,2025-04-04 16:00:00+00:00,2025-04-04 16:00:00+00:00,14.0,S0,0.9999999988714094,1.7833642907834623e-11,1.110755620053101e-09,0.9999999988714094,2.4471781689166257e-08,0.9999999977606538,23.0,22.0,MATCHED,MATCHED,[]
2025-04-07 13:46:57+00:00,1.09512,314,578,2025-04-07 14:10:25+00:00,1.09563,315,0.47,0.0,0.0,WIN,2025-04-07 13:45:00+00:00,,,,,,,,,,,,NO_COMPLETE_VECTOR_AT_BOUNDARY,SEGMENT_WARMUP,"[""h3_atr_change_4"", ""h3_slope_atr_8""]"
2025-04-08 07:44:12+00:00,1.09494,316,585,2025-04-08 12:14:32+00:00,1.0955,317,0.51,0.0,0.0,WIN,2025-04-08 07:30:00+00:00,,,,,,,,,,,,NO_COMPLETE_VECTOR_AT_BOUNDARY,SEGMENT_WARMUP,"[""h3_atr_change_4""]"
2025-04-08 14:35:31+00:00,1.08903,318,587,2025-04-08 14:36:23+00:00,1.08956,319,0.49,0.0,0.0,WIN,2025-04-08 14:30:00+00:00,2025-04-08 14:30:00+00:00,15.0,S2,0.01476225225142935,2.3885314902778508e-05,0.9852138624336673,0.9852138624336673,0.07716343257052373,0.9704516101822379,2.0,1.0,MATCHED,MATCHED,[]
2025-04-09 17:03:16+00:00,1.10007,320,597,2025-04-09 17:03:59+00:00,1.10061,321,0.49,0.0,0.0,WIN,2025-04-09 17:00:00+00:00,2025-04-09 17:00:00+00:00,15.0,S2,0.02301509644707706,4.4808521983014894e-07,0.9769844554677017,0.9769844554677017,0.10955903225406366,0.9539693590206246,4.0,3.0,MATCHED,MATCHED,[]
2025-04-10 06:10:24+00:00,1.09763,322,602,2025-04-10 06:26:45+00:00,1.09819,323,0.51,0.0,0.0,WIN,2025-04-10 06:00:00+00:00,2025-04-10 06:00:00+00:00,15.0,S1,1.9789604491449545e-05,0.9984667674289965,0.0015134429665128047,0.9984667674289965,0.01157372728683409,0.9969533244624837,13.0,12.0,MATCHED,MATCHED,[]
2025-04-10 07:01:56+00:00,1.09797,324,604,2025-04-10 07:16:22+00:00,1.09861,325,0.58,0.0,0.0,WIN,2025-04-10 07:00:00+00:00,2025-04-10 07:00:00+00:00,15.0,S1,0.000196529952911097,0.8433233864927732,0.15648008355431664,0.8433233864927732,0.43562707181501337,0.6868433029384565,3.0,2.0,MATCHED,MATCHED,[]
2025-04-10 19:21:33+00:00,1.1166,326,609,2025-04-10 19:22:18+00:00,1.11711,327,0.46,0.0,0.0,WIN,2025-04-10 19:15:00+00:00,2025-04-10 19:15:00+00:00,15.0,S0,0.9999729100901182,2.7089909880272547e-05,1.3901229142149212e-21,0.9999729100901182,0.0003119764958177746,0.9999458201802379,18.0,17.0,MATCHED,MATCHED,[]
2025-04-11 05:40:55+00:00,1.12791,328,613,2025-04-11 05:51:18+00:00,1.12844,329,0.47,0.0,0.0,WIN,2025-04-11 05:30:00+00:00,2025-04-11 05:30:00+00:00,15.0,S1,6.954862094134394e-05,0.9999304511323932,2.4666546329671575e-10,0.9999304511323932,0.0007353745483648638,0.9998609025114519,7.0,6.0,MATCHED,MATCHED,[]
2025-04-11 13:38:44+00:00,1.13722,330,617,2025-04-11 13:39:37+00:00,1.13359,331,-3.2,0.0,0.0,LOSS,2025-04-11 13:30:00+00:00,2025-04-11 13:30:00+00:00,15.0,S0,0.9997974203983689,0.00020256769346105406,1.190817081150226e-08,0.9997974203983689,0.0019255004315212056,0.9995948527049079,30.0,29.0,MATCHED,MATCHED,[]
2025-04-14 05:06:51+00:00,1.13591,332,622,2025-04-14 05:19:45+00:00,1.13644,333,0.47,0.0,0.0,WIN,2025-04-14 05:00:00+00:00,,,,,,,,,,,,NO_COMPLETE_VECTOR_AT_BOUNDARY,SEGMENT_WARMUP,"[""h3_atr_change_4"", ""h3_slope_atr_8""]"
2025-04-14 12:24:28+00:00,1.13566,334,625,2025-04-14 12:26:51+00:00,1.13616,335,0.44,0.0,0.0,WIN,2025-04-14 12:15:00+00:00,,,,,,,,,,,,NO_COMPLETE_VECTOR_AT_BOUNDARY,SEGMENT_WARMUP,"[""h3_atr_change_4"", ""h3_slope_atr_8""]"
2025-04-14 19:03:14+00:00,1.13514,336,629,2025-04-14 19:10:29+00:00,1.13567,337,0.47,0.0,0.0,WIN,2025-04-14 19:00:00+00:00,,,,,,,,,,,,NO_COMPLETE_VECTOR_AT_BOUNDARY,SEGMENT_WARMUP,"[""h3_atr_change_4"", ""h3_slope_atr_8""]"
2025-04-14 22:07:47+00:00,1.13503,338,631,2025-04-14 22:31:42+00:00,1.13554,339,0.45,0.0,0.0,WIN,2025-04-14 22:00:00+00:00,,,,,,,,,,,,NO_COMPLETE_VECTOR_AT_BOUNDARY,SEGMENT_WARMUP,"[""h3_atr_change_4""]"
2025-04-15 11:23:30+00:00,1.13254,340,636,2025-04-15 12:04:22+00:00,1.13304,341,0.44,0.0,0.0,WIN,2025-04-15 11:15:00+00:00,2025-04-15 11:15:00+00:00,16.0,S2,2.4262407745009608e-06,0.10967434490757896,0.890323228851646,0.890323228851646,0.3458674479932996,0.7806488839440671,6.0,5.0,MATCHED,MATCHED,[]
2025-04-15 14:11:43+00:00,1.12866,342,638,2025-04-15 14:13:27+00:00,1.12916,343,0.44,0.0,0.0,WIN,2025-04-15 14:00:00+00:00,2025-04-15 14:00:00+00:00,16.0,S2,3.821277347731452e-06,0.0001032176521271282,0.9998929610705245,0.9998929610705245,0.0011021041883972243,0.9997897434183973,17.0,16.0,MATCHED,MATCHED,[]
2025-04-15 16:43:12+00:00,1.12644,344,640,2025-04-15 16:43:59+00:00,1.12697,345,0.47,0.0,0.0,WIN,2025-04-15 16:30:00+00:00,2025-04-15 16:30:00+00:00,16.0,S2,0.0019415989371470905,7.447596509621929e-13,0.9980584010621082,0.9980584010621082,0.014063529282054794,0.9961168021249611,27.0,26.0,MATCHED,MATCHED,[]
2025-04-16 10:00:51+00:00,1.13591,346,647,2025-04-16 10:13:44+00:00,1.13643,347,0.46,0.0,0.0,WIN,2025-04-16 10:00:00+00:00,2025-04-16 10:00:00+00:00,16.0,S1,0.004181989853211016,0.6181240125021423,0.3776939976446458,0.6181240125021423,0.6880128490903217,0.24043001485749654,5.0,4.0,MATCHED,MATCHED,[]
2025-04-17 00:31:42+00:00,1.13769,348,652,2025-04-17 08:37:09+00:00,1.13822,349,0.47,0.0,0.0,WIN,2025-04-17 00:30:00+00:00,2025-04-17 00:30:00+00:00,16.0,S2,0.0008932759504485994,0.00130028317188596,0.9978064408776666,0.9978064408776666,0.017103104960095362,0.9965061577057807,2.0,1.0,MATCHED,MATCHED,[]
2025-04-17 12:20:18+00:00,1.13436,350,654,2025-04-17 12:30:38+00:00,1.13502,351,0.58,0.0,0.0,WIN,2025-04-17 12:15:00+00:00,2025-04-17 12:15:00+00:00,16.0,S2,2.2287238051234104e-06,0.0008252077180315112,0.9991725635581641,0.9991725635581641,0.006714970811766573,0.9983473558401326,4.0,3.0,MATCHED,MATCHED,[]
2025-04-17 14:55:12+00:00,1.13399,352,656,2025-04-17 14:55:34+00:00,1.13454,353,0.48,0.0,0.0,WIN,2025-04-17 14:45:00+00:00,2025-04-17 14:45:00+00:00,16.0,S1,8.228101869443851e-06,0.9765427247690063,0.023449047129123525,0.9765427247690063,0.11127883582762345,0.9530936776398827,2.0,1.0,MATCHED,MATCHED,[]
2025-04-17 16:33:21+00:00,1.13498,354,658,2025-04-17 16:42:12+00:00,1.1355,355,0.46,0.0,0.0,WIN,2025-04-17 16:30:00+00:00,2025-04-17 16:30:00+00:00,16.0,S2,4.0971288834086576e-05,0.016104230566060244,0.9838547981451062,0.9838547981451062,0.08291718541207992,0.967750567579046,2.0,1.0,MATCHED,MATCHED,[]
2025-04-18 04:01:06+00:00,1.13728,356,663,2025-04-18 11:38:47+00:00,1.13778,357,0.44,0.0,0.0,WIN,2025-04-18 04:00:00+00:00,2025-04-18 04:00:00+00:00,16.0,S2,1.1849114376495372e-06,0.35077464419637333,0.6492241708921895,0.6492241708921895,0.6479416979425288,0.2984495266958162,5.0,4.0,MATCHED,MATCHED,[]
2025-04-21 07:00:04+00:00,1.15142,358,670,2025-04-21 07:21:11+00:00,1.15196,359,0.47,0.0,0.0,WIN,2025-04-21 07:00:00+00:00,,,,,,,,,,,,NO_COMPLETE_VECTOR_AT_BOUNDARY,SEGMENT_WARMUP,"[""h1_er_8"", ""h1_atr_change_4"", ""h1_slope_atr_8"", ""h3_er_8"", ""h3_atr_change_4"", ""h3_slope_atr_8""]"
2025-04-21 13:05:44+00:00,1.15379,360,673,2025-04-21 14:36:02+00:00,1.14977,361,-3.5,0.0,0.0,LOSS,2025-04-21 13:00:00+00:00,,,,,,,,,,,,NO_COMPLETE_VECTOR_AT_BOUNDARY,SEGMENT_WARMUP,"[""h1_atr_change_4"", ""h1_slope_atr_8"", ""h3_er_8"", ""h3_atr_change_4"", ""h3_slope_atr_8""]"
2025-04-22 00:26:18+00:00,1.14959,362,677,2025-04-22 02:11:21+00:00,1.15013,363,0.47,0.0,0.0,WIN,2025-04-22 00:15:00+00:00,,,,,,,,,,,,NO_COMPLETE_VECTOR_AT_BOUNDARY,SEGMENT_WARMUP,"[""h3_er_8"", ""h3_atr_change_4"", ""h3_slope_atr_8""]"
2025-04-22 12:01:43+00:00,1.14798,364,681,2025-04-22 12:02:27+00:00,1.14856,365,0.5,0.0,0.0,WIN,2025-04-22 12:00:00+00:00,,,,,,,,,,,,NO_COMPLETE_VECTOR_AT_BOUNDARY,SEGMENT_WARMUP,"[""h3_atr_change_4"", ""h3_slope_atr_8""]"
2025-04-22 16:00:40+00:00,1.14593,366,684,2025-04-22 16:05:48+00:00,1.14644,367,0.44,0.0,0.0,WIN,2025-04-22 16:00:00+00:00,,,,,,,,,,,,NO_COMPLETE_VECTOR_AT_BOUNDARY,SEGMENT_WARMUP,"[""h3_atr_change_4"", ""h3_slope_atr_8""]"
2025-04-22 21:34:40+00:00,1.1388,368,686,2025-04-22 22:04:07+00:00,1.13484,369,-3.49,0.0,0.0,LOSS,2025-04-22 21:30:00+00:00,,,,,,,,,,,,NO_COMPLETE_VECTOR_AT_BOUNDARY,SEGMENT_WARMUP,"[""h3_atr_change_4""]"
2025-04-23 13:37:44+00:00,1.13913,370,692,2025-04-23 13:43:29+00:00,1.13982,371,0.61,0.0,0.0,WIN,2025-04-23 13:30:00+00:00,2025-04-23 13:30:00+00:00,17.0,S2,6.830870183721218e-05,0.007619356560178511,0.9923123347379843,0.9923123347379843,0.04547330490241631,0.9846929781778058,3.0,2.0,MATCHED,MATCHED,[]
2025-04-24 05:42:05+00:00,1.1332,372,698,2025-04-24 05:47:30+00:00,1.13374,373,0.48,0.0,0.0,WIN,2025-04-24 05:30:00+00:00,2025-04-24 05:30:00+00:00,17.0,S2,7.838349286286958e-06,0.058848593573530526,0.9411435680771837,0.9411435680771837,0.22388707733084645,0.8822949745036531,5.0,4.0,MATCHED,MATCHED,[]
2025-04-24 13:46:28+00:00,1.13685,374,702,2025-04-24 13:57:32+00:00,1.13735,375,0.44,0.0,0.0,WIN,2025-04-24 13:45:00+00:00,2025-04-24 13:45:00+00:00,17.0,S1,5.511973602875458e-06,0.9452954380407289,0.05469904998566902,0.9452954380407289,0.2121974114110603,0.8905963880550599,5.0,4.0,MATCHED,MATCHED,[]
2025-04-25 00:01:01+00:00,1.13692,376,706,2025-04-25 03:39:29+00:00,1.13295,377,-3.5,0.0,0.0,LOSS,2025-04-25 00:00:00+00:00,2025-04-25 00:00:00+00:00,17.0,S2,6.730763967339512e-06,7.823483859042954e-05,0.9999150343974413,0.9999150343974413,0.0009048900971936101,0.999836799558851,4.0,3.0,MATCHED,MATCHED,[]
2025-04-25 10:22:32+00:00,1.13372,378,710,2025-04-25 10:25:46+00:00,1.13423,379,0.45,0.0,0.0,WIN,2025-04-25 10:15:00+00:00,2025-04-25 10:15:00+00:00,17.0,S1,5.057211758382927e-05,0.7558983140422477,0.24405111384016906,0.7558983140422477,0.5562414340478781,0.5118472002020786,13.0,12.0,MATCHED,MATCHED,[]
2025-04-25 13:27:00+00:00,1.13412,380,712,2025-04-25 13:53:36+00:00,1.13464,381,0.46,0.0,0.0,WIN,2025-04-25 13:15:00+00:00,2025-04-25 13:15:00+00:00,17.0,S2,6.69746315164252e-06,0.38448679614960135,0.6155065063872466,0.6155065063872466,0.6663012097069656,0.23101971023764523,1.0,0.0,MATCHED,MATCHED,[]
2025-04-25 19:05:27+00:00,1.13788,382,715,2025-04-28 06:55:13+00:00,1.13389,383,-3.59,0.0,-0.07,LOSS,2025-04-25 19:00:00+00:00,2025-04-25 19:00:00+00:00,17.0,S1,3.2118808375269807e-06,0.9962368717687077,0.0037599163504549783,0.9962368717687077,0.024789625908979082,0.9924769554182526,21.0,20.0,MATCHED,MATCHED,[]
2025-04-28 13:05:14+00:00,1.13482,384,719,2025-04-28 13:29:16+00:00,1.13535,385,0.47,0.0,0.0,WIN,2025-04-28 13:00:00+00:00,,,,,,,,,,,,NO_COMPLETE_VECTOR_AT_BOUNDARY,SEGMENT_WARMUP,"[""h1_atr_change_4"", ""h1_slope_atr_8"", ""h3_er_8"", ""h3_atr_change_4"", ""h3_slope_atr_8""]"
2025-04-28 23:14:34+00:00,1.14066,386,723,2025-04-29 00:10:05+00:00,1.1412,387,0.4,0.0,-0.07,WIN,2025-04-28 23:00:00+00:00,,,,,,,,,,,,NO_COMPLETE_VECTOR_AT_BOUNDARY,SEGMENT_WARMUP,"[""h3_er_8"", ""h3_atr_change_4"", ""h3_slope_atr_8""]"
2025-04-29 04:43:30+00:00,1.1381,388,726,2025-04-29 05:35:13+00:00,1.13861,389,0.45,0.0,0.0,WIN,2025-04-29 04:30:00+00:00,,,,,,,,,,,,NO_COMPLETE_VECTOR_AT_BOUNDARY,SEGMENT_WARMUP,"[""h3_atr_change_4"", ""h3_slope_atr_8""]"
2025-04-29 07:00:30+00:00,1.1388,390,728,2025-04-29 07:03:18+00:00,1.13933,391,0.47,0.0,0.0,WIN,2025-04-29 07:00:00+00:00,,,,,,,,,,,,NO_COMPLETE_VECTOR_AT_BOUNDARY,SEGMENT_WARMUP,"[""h3_atr_change_4"", ""h3_slope_atr_8""]"
2025-04-29 12:17:56+00:00,1.13705,392,730,2025-04-29 12:20:56+00:00,1.13756,393,0.45,0.0,0.0,WIN,2025-04-29 12:15:00+00:00,,,,,,,,,,,,NO_COMPLETE_VECTOR_AT_BOUNDARY,SEGMENT_WARMUP,"[""h3_atr_change_4"", ""h3_slope_atr_8""]"
2025-04-29 18:10:45+00:00,1.13804,394,733,2025-04-29 19:07:40+00:00,1.13865,395,0.54,0.0,0.0,WIN,2025-04-29 18:00:00+00:00,,,,,,,,,,,,NO_COMPLETE_VECTOR_AT_BOUNDARY,SEGMENT_WARMUP,"[""h3_atr_change_4"", ""h3_slope_atr_8""]"
2025-04-30 00:53:27+00:00,1.13807,396,735,2025-04-30 01:16:25+00:00,1.1386,397,0.47,0.0,0.0,WIN,2025-04-30 00:45:00+00:00,,,,,,,,,,,,NO_COMPLETE_VECTOR_AT_BOUNDARY,SEGMENT_WARMUP,"[""h3_atr_change_4""]"
2025-04-30 14:06:57+00:00,1.1351,398,740,2025-04-30 14:09:29+00:00,1.13562,399,0.46,0.0,0.0,WIN,2025-04-30 14:00:00+00:00,2025-04-30 14:00:00+00:00,18.0,S1,3.985970315708196e-06,0.6098250136241452,0.3901710004055385,0.6098250136241452,0.6688760870500946,0.21965401321860673,2.0,1.0,MATCHED,MATCHED,[]
2025-04-30 19:12:25+00:00,1.13477,400,743,2025-05-01 01:48:16+00:00,1.13074,401,-3.78,0.0,-0.22,LOSS,2025-04-30 19:00:00+00:00,2025-04-30 19:00:00+00:00,18.0,S2,0.00013479001645587158,0.057813828314212515,0.9420513816693323,0.9420513816693323,0.22223730699974828,0.8842375533551198,5.0,4.0,MATCHED,MATCHED,[]
2025-05-01 05:00:49+00:00,1.1302,402,745,2025-05-01 06:15:02+00:00,1.13071,403,0.45,0.0,0.0,WIN,2025-05-01 05:00:00+00:00,2025-05-01 05:00:00+00:00,18.0,S2,1.9751876622288527e-06,3.762545315266442e-09,0.9999980210497933,0.9999980210497933,2.7995722769462372e-05,0.9999960458621311,45.0,44.0,MATCHED,MATCHED,[]
2025-05-01 07:08:00+00:00,1.12924,404,747,2025-05-01 07:31:28+00:00,1.1298,405,0.5,0.0,0.0,WIN,2025-05-01 07:00:00+00:00,2025-05-01 07:00:00+00:00,18.0,S2,1.0212774523656101e-06,8.287727516107745e-05,0.9999161014473862,0.9999161014473862,0.0008768760353496599,0.9998332241722251,53.0,52.0,MATCHED,MATCHED,[]
2025-05-01 13:00:26+00:00,1.1313,406,750,2025-05-01 13:03:35+00:00,1.13183,407,0.47,0.0,0.0,WIN,2025-05-01 13:00:00+00:00,2025-05-01 13:00:00+00:00,18.0,S2,1.1542502119370233e-05,0.33787136165462966,0.6621170958432503,0.6621170958432503,0.6397514737382538,0.3242457341886206,5.0,4.0,MATCHED,MATCHED,[]
2025-05-02 00:25:18+00:00,1.12835,408,754,2025-05-02 01:49:21+00:00,1.12899,409,0.57,0.0,0.0,WIN,2025-05-02 00:15:00+00:00,2025-05-02 00:15:00+00:00,18.0,S2,1.1563180001977629e-05,0.18259486287824617,0.8173935739417517,0.8173935739417517,0.47544615449919,0.6347987110635056,1.0,0.0,MATCHED,MATCHED,[]
2025-05-02 17:14:25+00:00,1.13072,410,760,2025-05-02 17:22:15+00:00,1.13131,411,0.52,0.0,0.0,WIN,2025-05-02 17:00:00+00:00,2025-05-02 17:00:00+00:00,18.0,S1,0.0036328333369473617,0.6714971913447996,0.3248699753182541,0.6714971913447996,0.6530901615461999,0.34662721602654545,14.0,13.0,MATCHED,MATCHED,[]
2025-05-05 07:05:32+00:00,1.13199,412,765,2025-05-05 07:09:37+00:00,1.13253,413,0.48,0.0,0.0,WIN,2025-05-05 07:00:00+00:00,,,,,,,,,,,,NO_COMPLETE_VECTOR_AT_BOUNDARY,SEGMENT_WARMUP,"[""h3_atr_change_4"", ""h3_slope_atr_8""]"
2025-05-05 15:36:26+00:00,1.1322,414,768,2025-05-06 00:25:10+00:00,1.12821,415,-3.61,0.0,-0.07,LOSS,2025-05-05 15:30:00+00:00,,,,,,,,,,,,NO_COMPLETE_VECTOR_AT_BOUNDARY,SEGMENT_WARMUP,"[""h3_atr_change_4"", ""h3_slope_atr_8""]"
2025-05-06 16:05:18+00:00,1.13369,416,775,2025-05-06 16:20:03+00:00,1.13422,417,0.47,0.0,0.0,WIN,2025-05-06 16:00:00+00:00,2025-05-06 16:00:00+00:00,19.0,S1,5.363776008372044e-06,0.9918150860435546,0.008179550180436984,0.9918150860435546,0.0475283040600242,0.9836355358631176,16.0,15.0,MATCHED,MATCHED,[]
2025-05-06 22:02:03+00:00,1.13703,418,778,2025-05-06 22:19:19+00:00,1.13308,419,-3.49,0.0,0.0,LOSS,2025-05-06 22:00:00+00:00,2025-05-06 22:00:00+00:00,19.0,S1,2.4991687899749213e-06,0.9999324986590495,6.500217216127472e-05,0.9999324986590495,0.0007264290049614439,0.9998674964868882,23.0,22.0,MATCHED,MATCHED,[]
2025-05-07 13:44:08+00:00,1.1354,420,784,2025-05-07 13:46:41+00:00,1.13596,421,0.49,0.0,0.0,WIN,2025-05-07 13:30:00+00:00,2025-05-07 13:30:00+00:00,19.0,S1,8.099056005464665e-07,0.5632364469477628,0.43676274314663627,0.5632364469477628,0.6851395244958758,0.1264737038011265,1.0,0.0,MATCHED,MATCHED,[]
2025-05-07 18:44:29+00:00,1.13346,422,786,2025-05-07 18:54:08+00:00,1.13398,423,0.46,0.0,0.0,WIN,2025-05-07 18:30:00+00:00,2025-05-07 18:30:00+00:00,19.0,S2,5.469202931304722e-05,0.06851042205136396,0.9314348859193238,0.9314348859193238,0.25035626186541937,0.8629244638679598,1.0,0.0,MATCHED,MATCHED,[]
2025-05-07 19:04:23+00:00,1.13202,424,788,2025-05-07 19:07:44+00:00,1.13252,425,0.44,0.0,0.0,WIN,2025-05-07 19:00:00+00:00,2025-05-07 19:00:00+00:00,19.0,S2,0.00027602364741506104,1.0620794353378638e-09,0.9997239752905063,0.9997239752905063,0.0025380289767473704,0.9994479516430912,3.0,2.0,MATCHED,MATCHED,[]
2025-05-08 01:00:05+00:00,1.13085,426,791,2025-05-08 01:02:51+00:00,1.13137,427,0.46,0.0,0.0,WIN,2025-05-08 01:00:00+00:00,2025-05-08 01:00:00+00:00,19.0,S2,1.2664498909622004e-05,0.02654064289004868,0.9734466926110411,0.9734466926110411,0.12265848365014752,0.9469060497209925,27.0,26.0,MATCHED,MATCHED,[]
2025-05-08 06:16:23+00:00,1.1293,428,793,2025-05-08 08:00:04+00:00,1.1298,429,0.44,0.0,0.0,WIN,2025-05-08 06:15:00+00:00,2025-05-08 06:15:00+00:00,19.0,S2,2.8615256880105693e-06,1.0249801859321291e-08,0.9999971282245095,0.9999971282245095,3.9585285985200956e-05,0.9999942666988215,6.0,5.0,MATCHED,MATCHED,[]
2025-05-08 10:12:05+00:00,1.128,430,795,2025-05-08 10:20:47+00:00,1.1285,431,0.44,0.0,0.0,WIN,2025-05-08 10:00:00+00:00,2025-05-08 10:00:00+00:00,19.0,S2,4.616541947994878e-06,4.5073941797665364e-06,0.9999908760638723,0.9999908760638723,0.00012132718585677025,0.9999862595219243,21.0,20.0,MATCHED,MATCHED,[]
2025-05-08 15:39:42+00:00,1.12669,432,797,2025-05-08 16:13:36+00:00,1.12294,433,-3.34,0.0,0.0,LOSS,2025-05-08 15:30:00+00:00,2025-05-08 15:30:00+00:00,19.0,S2,5.045215721776138e-05,0.00039640307062015906,0.999553144772162,0.999553144772162,0.004051010060312195,0.9991567417015418,5.0,4.0,MATCHED,MATCHED,[]
2025-05-09 00:12:35+00:00,1.12224,434,800,2025-05-09 01:02:20+00:00,1.12275,435,0.45,0.0,0.0,WIN,2025-05-09 00:00:00+00:00,2025-05-09 00:00:00+00:00,19.0,S2,9.579383745603596e-07,0.07224558678676007,0.9277534552748652,0.9277534552748652,0.2594233908171347,0.8555078684881051,1.0,0.0,MATCHED,MATCHED,[]
2025-05-09 20:47:03+00:00,1.12481,436,807,2025-05-12 07:00:31+00:00,1.12083,437,-3.62,0.0,-0.07,LOSS,2025-05-09 20:45:00+00:00,2025-05-09 20:45:00+00:00,19.0,S2,9.961203284446447e-06,0.03589630497911199,0.9640937338176031,0.9640937338176031,0.15479984756422546,0.9281974288384911,16.0,15.0,MATCHED,MATCHED,[]
2025-05-12 14:24:37+00:00,1.11081,438,810,2025-05-12 14:27:33+00:00,1.11131,439,0.45,0.0,0.0,WIN,2025-05-12 14:15:00+00:00,,,,,,,,,,,,NO_COMPLETE_VECTOR_AT_BOUNDARY,SEGMENT_WARMUP,"[""h3_atr_change_4"", ""h3_slope_atr_8""]"
2025-05-12 16:21:31+00:00,1.10964,440,812,2025-05-12 16:24:15+00:00,1.11016,441,0.47,0.0,0.0,WIN,2025-05-12 16:15:00+00:00,,,,,,,,,,,,NO_COMPLETE_VECTOR_AT_BOUNDARY,SEGMENT_WARMUP,"[""h3_atr_change_4"", ""h3_slope_atr_8""]"
2025-05-13 07:14:45+00:00,1.11063,442,818,2025-05-13 07:19:33+00:00,1.11114,443,0.46,0.0,0.0,WIN,2025-05-13 07:00:00+00:00,,,,,,,,,,,,NO_COMPLETE_VECTOR_AT_BOUNDARY,SEGMENT_WARMUP,"[""h3_atr_change_4""]"
2025-05-13 10:07:04+00:00,1.11023,444,820,2025-05-13 10:28:42+00:00,1.11076,445,0.48,0.0,0.0,WIN,2025-05-13 10:00:00+00:00,2025-05-13 10:00:00+00:00,20.0,S2,3.4092109848949135e-06,0.1622866346912089,0.8377099560978056,0.8377099560978056,0.44348798786653265,0.6754233214065968,5.0,,MATCHED,MATCHED,[]
2025-05-14 00:02:05+00:00,1.11842,446,825,2025-05-14 00:28:40+00:00,1.11892,447,0.45,0.0,0.0,WIN,2025-05-14 00:00:00+00:00,2025-05-14 00:00:00+00:00,20.0,S1,3.4256127166644705e-06,0.9637563243891237,0.03624024999816002,0.9637563243891237,0.15585200647047798,0.9275160743909637,45.0,44.0,MATCHED,MATCHED,[]
2025-05-14 04:18:31+00:00,1.1189,448,828,2025-05-14 04:27:01+00:00,1.1194,449,0.45,0.0,0.0,WIN,2025-05-14 04:15:00+00:00,2025-05-14 04:15:00+00:00,20.0,S1,1.134599845965014e-06,0.9942456341097801,0.005753231290374828,0.9942456341097801,0.0354284397582026,0.9884924028194052,62.0,61.0,MATCHED,MATCHED,[]
2025-05-14 15:48:01+00:00,1.11979,450,832,2025-05-14 15:54:56+00:00,1.12029,451,0.45,0.0,0.0,WIN,2025-05-14 15:45:00+00:00,2025-05-14 15:45:00+00:00,20.0,S2,8.077467687599127e-06,0.00019891047838447575,0.9997930120539281,0.9997930120539281,0.00199693192005302,0.9995941015755436,8.0,7.0,MATCHED,MATCHED,[]
2025-05-14 16:41:23+00:00,1.11843,452,834,2025-05-14 16:48:39+00:00,1.11897,453,0.48,0.0,0.0,WIN,2025-05-14 16:30:00+00:00,2025-05-14 16:30:00+00:00,20.0,S2,5.163647109576381e-06,9.659276194629174e-06,0.9999851770766952,0.9999851770766952,0.00018922574775238795,0.9999755178005005,11.0,10.0,MATCHED,MATCHED,[]
2025-05-15 05:47:00+00:00,1.11859,454,839,2025-05-15 05:51:37+00:00,1.1191,455,0.46,0.0,0.0,WIN,2025-05-15 05:45:00+00:00,2025-05-15 05:45:00+00:00,20.0,S2,0.00042675658430352373,0.013593101099889284,0.985980142315808,0.985980142315808,0.0756582183955012,0.9723870412159187,2.0,1.0,MATCHED,MATCHED,[]
2025-05-15 14:20:49+00:00,1.11948,456,843,2025-05-16 00:04:20+00:00,1.12,457,0.39,0.0,-0.07,WIN,2025-05-15 14:15:00+00:00,2025-05-15 14:15:00+00:00,20.0,S1,9.811952744378521e-06,0.7020639565138523,0.29792623153340403,0.7020639565138523,0.6092164413837957,0.4041377249804483,1.0,0.0,MATCHED,MATCHED,[]
2025-05-16 13:28:44+00:00,1.11917,458,849,2025-05-16 13:42:00+00:00,1.11967,459,0.45,0.0,0.0,WIN,2025-05-16 13:15:00+00:00,2025-05-16 13:15:00+00:00,20.0,S2,2.9127064031217027e-06,0.39530138719480656,0.6046957000987905,0.6046957000987905,0.67109906306996,0.20939431290398391,8.0,7.0,MATCHED,MATCHED,[]
2025-05-19 19:35:04+00:00,1.12334,460,859,2025-05-19 19:52:16+00:00,1.12384,461,0.44,0.0,0.0,WIN,2025-05-19 19:30:00+00:00,,,,,,,,,,,,NO_COMPLETE_VECTOR_AT_BOUNDARY,SEGMENT_WARMUP,"[""h3_atr_change_4"", ""h3_slope_atr_8""]"
2025-05-20 00:08:42+00:00,1.12264,462,861,2025-05-20 01:00:43+00:00,1.12314,463,0.45,0.0,0.0,WIN,2025-05-20 00:00:00+00:00,,,,,,,,,,,,NO_COMPLETE_VECTOR_AT_BOUNDARY,SEGMENT_WARMUP,"[""h3_atr_change_4""]"
2025-05-20 10:09:58+00:00,1.12527,464,865,2025-05-20 14:09:46+00:00,1.12581,465,0.48,0.0,0.0,WIN,2025-05-20 10:00:00+00:00,2025-05-20 10:00:00+00:00,21.0,S1,8.786434764711193e-06,0.9115137429363317,0.08847747062890414,0.9115137429363317,0.29911128819299654,0.8230362723074276,5.0,,MATCHED,MATCHED,[]
2025-05-21 07:00:47+00:00,1.13312,466,872,2025-05-21 10:08:38+00:00,1.13364,467,0.46,0.0,0.0,WIN,2025-05-21 07:00:00+00:00,2025-05-21 07:00:00+00:00,21.0,S1,6.508128889888262e-07,0.9999993491790673,8.043423544463135e-12,0.9999993491790673,9.92188421571081e-06,0.9999986983661783,18.0,17.0,MATCHED,MATCHED,[]
2025-05-21 13:00:05+00:00,1.13342,468,874,2025-05-21 14:01:23+00:00,1.13392,469,0.44,0.0,0.0,WIN,2025-05-21 13:00:00+00:00,2025-05-21 13:00:00+00:00,21.0,S1,3.759377650976679e-05,0.9706277138417729,0.02933469238171751,0.9706277138417729,0.13284133715248575,0.9412930214600554,14.0,13.0,MATCHED,MATCHED,[]
2025-05-21 19:55:11+00:00,1.13234,470,877,2025-05-21 20:32:12+00:00,1.13285,471,0.45,0.0,0.0,WIN,2025-05-21 19:45:00+00:00,2025-05-21 19:45:00+00:00,21.0,S2,4.030352300462244e-05,0.3125927108202415,0.6873669856567541,0.6873669856567541,0.6215924827593218,0.37477427483651266,2.0,1.0,MATCHED,MATCHED,[]
2025-05-21 22:03:25+00:00,1.13232,472,879,2025-05-21 23:36:10+00:00,1.13283,473,0.45,0.0,0.0,WIN,2025-05-21 22:00:00+00:00,2025-05-21 22:00:00+00:00,21.0,S2,2.987383329231835e-06,0.0010586972544944792,0.9989383153621759,0.9989383153621759,0.008351958051286862,0.9978796181076814,11.0,10.0,MATCHED,MATCHED,[]
2025-05-22 01:01:16+00:00,1.13262,474,881,2025-05-22 01:18:05+00:00,1.13313,475,0.45,0.0,0.0,WIN,2025-05-22 01:00:00+00:00,2025-05-22 01:00:00+00:00,21.0,S1,2.8762129388474677e-06,0.8734487121049082,0.12654841168215308,0.8734487121049082,0.3798114942045916,0.746900300422755,6.0,5.0,MATCHED,MATCHED,[]
2025-05-22 06:49:52+00:00,1.13209,476,883,2025-05-22 08:05:34+00:00,1.1326,477,0.45,0.0,0.0,WIN,2025-05-22 06:45:00+00:00,2025-05-22 06:45:00+00:00,21.0,S2,5.380994684824774e-06,0.0006870033376290004,0.999307615667686,0.999307615667686,0.0057609933013160145,0.998620612330057,2.0,1.0,MATCHED,MATCHED,[]
2025-05-22 13:32:59+00:00,1.12938,478,886,2025-05-22 13:40:00+00:00,1.1299,479,0.46,0.0,0.0,WIN,2025-05-22 13:30:00+00:00,2025-05-22 13:30:00+00:00,21.0,S2,6.217439157257292e-06,0.004663066645730852,0.9953307159151112,0.9953307159151112,0.0297646255601541,0.9906676492693803,21.0,20.0,MATCHED,MATCHED,[]
2025-05-22 17:18:25+00:00,1.12654,480,888,2025-05-22 18:02:23+00:00,1.12704,481,0.44,0.0,0.0,WIN,2025-05-22 17:15:00+00:00,2025-05-22 17:15:00+00:00,21.0,S2,1.3321969960310903e-05,4.1344225742160734e-12,0.9999866780259058,0.9999866780259058,0.0001628757075281694,0.9999733560559455,36.0,35.0,MATCHED,MATCHED,[]
2025-05-23 07:00:16+00:00,1.13104,482,894,2025-05-23 07:03:24+00:00,1.13156,483,0.46,0.0,0.0,WIN,2025-05-23 07:00:00+00:00,2025-05-23 07:00:00+00:00,21.0,S2,5.924573828214851e-05,0.2085701629407821,0.7913705913209361,0.7913705913209361,0.5126781434747701,0.582800428380154,1.0,0.0,MATCHED,MATCHED,[]
2025-05-23 13:26:38+00:00,1.13172,484,897,2025-05-23 13:29:51+00:00,1.13223,485,0.45,0.0,0.0,WIN,2025-05-23 13:15:00+00:00,2025-05-23 13:15:00+00:00,21.0,S0,0.9999233301268836,2.713769068869199e-08,7.664273542562886e-05,0.9999233301268836,0.0008034335612902852,0.999846687391458,8.0,7.0,MATCHED,MATCHED,[]
2025-05-26 07:02:24+00:00,1.14064,486,903,2025-05-27 06:57:51+00:00,1.13665,487,-3.58,0.0,-0.07,LOSS,2025-05-26 07:00:00+00:00,,,,,,,,,,,,NO_COMPLETE_VECTOR_AT_BOUNDARY,SEGMENT_WARMUP,"[""h3_atr_change_4"", ""h3_slope_atr_8""]"
2025-05-27 15:20:05+00:00,1.13296,488,907,2025-05-27 15:24:16+00:00,1.13355,489,0.52,0.0,0.0,WIN,2025-05-27 15:15:00+00:00,2025-05-27 15:15:00+00:00,22.0,S2,0.0003987988918418768,0.00013276973632973905,0.9994684313718268,0.9994684313718268,0.0048380688963572185,0.9990696324799849,5.0,4.0,MATCHED,MATCHED,[]
2025-05-28 01:09:07+00:00,1.13256,490,912,2025-05-28 01:18:30+00:00,1.13306,491,0.44,0.0,0.0,WIN,2025-05-28 01:00:00+00:00,2025-05-28 01:00:00+00:00,22.0,S2,0.0014942890608622382,0.0032317466604134095,0.9952739642787239,0.9952739642787239,0.032970054196176365,0.9920422176183106,1.0,0.0,MATCHED,MATCHED,[]
2025-05-28 15:17:20+00:00,1.12883,492,917,2025-05-28 15:18:51+00:00,1.12934,493,0.45,0.0,0.0,WIN,2025-05-28 15:15:00+00:00,2025-05-28 15:15:00+00:00,22.0,S2,0.0001415565992882198,5.772575470104188e-08,0.9998583856749563,0.9998583856749563,0.0013971558196839524,0.9997168290756681,2.0,1.0,MATCHED,MATCHED,[]
2025-05-28 22:43:03+00:00,1.12925,494,921,2025-05-28 23:36:29+00:00,1.12524,495,-3.56,0.0,0.0,LOSS,2025-05-28 22:30:00+00:00,2025-05-28 22:30:00+00:00,22.0,S1,3.076838347835116e-05,0.9999603329078316,8.898708689929068e-06,0.9999603329078316,0.0004628082077267436,0.9999295645243532,3.0,2.0,MATCHED,MATCHED,[]
2025-05-29 20:11:03+00:00,1.13636,496,929,2025-05-29 20:47:32+00:00,1.13691,497,0.48,0.0,0.0,WIN,2025-05-29 20:00:00+00:00,2025-05-29 20:00:00+00:00,22.0,S1,2.978747436820609e-05,0.9993149626971847,0.0006552498284456219,0.9993149626971847,0.00579853539025722,0.998659712868739,27.0,26.0,MATCHED,MATCHED,[]
2025-05-30 01:38:56+00:00,1.13637,498,932,2025-05-30 08:59:50+00:00,1.13236,499,-3.54,0.0,0.0,LOSS,2025-05-30 01:30:00+00:00,2025-05-30 01:30:00+00:00,22.0,S1,8.183710400834192e-06,0.9998765380474507,0.00011527824214843646,0.9998765380474507,0.0012646748752538916,0.9997612598053023,13.0,12.0,MATCHED,MATCHED,[]
2025-05-30 16:34:33+00:00,1.13455,500,936,2025-05-30 17:00:00+00:00,1.13511,501,0.49,0.0,0.0,WIN,2025-05-30 16:30:00+00:00,2025-05-30 16:30:00+00:00,22.0,S1,4.428801032840866e-05,0.962203844380757,0.03775186760891494,0.962203844380757,0.16121899840165563,0.9244519767718421,7.0,6.0,MATCHED,MATCHED,[]
2025-06-02 13:04:50+00:00,1.14129,502,943,2025-06-02 13:12:18+00:00,1.14179,503,0.44,0.0,0.0,WIN,2025-06-02 13:00:00+00:00,,,,,,,,,,,,NO_COMPLETE_VECTOR_AT_BOUNDARY,SEGMENT_WARMUP,"[""h3_atr_change_4"", ""h3_slope_atr_8""]"
2025-06-03 01:04:40+00:00,1.14364,504,948,2025-06-03 10:30:48+00:00,1.13963,505,-3.52,0.0,0.0,LOSS,2025-06-03 01:00:00+00:00,,,,,,,,,,,,NO_COMPLETE_VECTOR_AT_BOUNDARY,SEGMENT_WARMUP,"[""h3_atr_change_4""]"
2025-06-03 19:51:05+00:00,1.13692,506,952,2025-06-03 21:10:10+00:00,1.13754,507,0.55,0.0,0.0,WIN,2025-06-03 19:45:00+00:00,2025-06-03 19:45:00+00:00,23.0,S2,1.6632435422791007e-06,0.00353782195028993,0.9964605148061687,0.9964605148061687,0.023523676512992486,0.9929226928558788,44.0,,MATCHED,MATCHED,[]
2025-06-03 22:00:15+00:00,1.13736,508,954,2025-06-03 23:38:12+00:00,1.13786,509,0.44,0.0,0.0,WIN,2025-06-03 22:00:00+00:00,2025-06-03 22:00:00+00:00,23.0,S2,7.725496292874376e-07,0.011226371876654285,0.9887728555737156,0.9887728555737156,0.06157543557425094,0.9775464836970613,53.0,,MATCHED,MATCHED,[]
2025-06-04 19:20:17+00:00,1.14172,510,962,2025-06-04 20:49:38+00:00,1.14224,511,0.46,0.0,0.0,WIN,2025-06-04 19:15:00+00:00,2025-06-04 19:15:00+00:00,23.0,S1,3.956568702250719e-05,0.7830651113342636,0.21689532297871308,0.7830651113342636,0.5233812851812856,0.5661697883555505,20.0,19.0,MATCHED,MATCHED,[]
2025-06-05 07:00:11+00:00,1.14072,512,967,2025-06-05 07:03:10+00:00,1.14125,513,0.46,0.0,0.0,WIN,2025-06-05 07:00:00+00:00,2025-06-05 07:00:00+00:00,23.0,S2,6.577585196278038e-06,0.016822115213074484,0.9831713072017284,0.9831713072017284,0.0854841366977322,0.9663491919886539,3.0,2.0,MATCHED,MATCHED,[]
2025-06-05 19:34:36+00:00,1.14362,514,972,2025-06-05 20:03:07+00:00,1.14412,515,0.44,0.0,0.0,WIN,2025-06-05 19:30:00+00:00,2025-06-05 19:30:00+00:00,23.0,S2,1.7126727651312813e-06,0.4882787111278669,0.5117195761993673,0.5117195761993673,0.692895683319177,0.02344086507150034,7.0,6.0,MATCHED,MATCHED,[]
2025-06-06 02:21:14+00:00,1.14346,516,975,2025-06-06 02:56:32+00:00,1.14396,517,0.44,0.0,0.0,WIN,2025-06-06 02:15:00+00:00,2025-06-06 02:15:00+00:00,23.0,S2,8.718518902608892e-06,4.871991709250498e-06,0.9999864094893888,0.9999864094893888,0.00017475593716305957,0.9999776909704862,3.0,2.0,MATCHED,MATCHED,[]
2025-06-06 06:18:05+00:00,1.14295,518,977,2025-06-06 06:45:15+00:00,1.14352,519,0.5,0.0,0.0,WIN,2025-06-06 06:15:00+00:00,2025-06-06 06:15:00+00:00,23.0,S2,6.235746452606144e-06,0.019068225411582086,0.980925538841966,0.980925538841966,0.0944711733745882,0.9618573134303839,19.0,18.0,MATCHED,MATCHED,[]
2025-06-06 07:02:09+00:00,1.14308,520,979,2025-06-06 12:30:03+00:00,1.13898,521,-3.6,0.0,0.0,LOSS,2025-06-06 07:00:00+00:00,2025-06-06 07:00:00+00:00,23.0,S2,2.045918535490935e-05,0.09663728044933739,0.903342260365308,0.903342260365308,0.31787014405336483,0.8067049799159706,1.0,0.0,MATCHED,MATCHED,[]
2025-06-06 13:25:39+00:00,1.13739,522,981,2025-06-06 13:30:17+00:00,1.13789,523,0.44,0.0,0.0,WIN,2025-06-06 13:15:00+00:00,2025-06-06 13:15:00+00:00,23.0,S2,0.2435887474905098,8.055264439646959e-13,0.7564112525086851,0.7564112525086851,0.5551814186134524,0.5128225050181754,2.0,1.0,MATCHED,MATCHED,[]
2025-06-06 16:00:01+00:00,1.13963,524,983,2025-06-06 16:04:09+00:00,1.14014,525,0.45,0.0,0.0,WIN,2025-06-06 16:00:00+00:00,2025-06-06 16:00:00+00:00,23.0,S2,0.0023751144209768513,3.363794109338569e-06,0.997621521784915,0.997621521784915,0.016770166275479476,0.9952464073639382,6.0,5.0,MATCHED,MATCHED,[]
2025-06-06 19:53:23+00:00,1.13956,526,985,2025-06-09 00:01:00+00:00,1.14071,527,0.94,0.0,-0.07,WIN,2025-06-06 19:45:00+00:00,2025-06-06 19:45:00+00:00,23.0,S2,1.0753425718011792e-05,0.32385039094508367,0.6761388556291978,0.6761388556291978,0.6298673467982279,0.3522884646841142,2.0,1.0,MATCHED,MATCHED,[]
2025-06-09 10:00:28+00:00,1.14248,528,990,2025-06-09 18:30:43+00:00,1.143,529,0.45,0.0,0.0,WIN,2025-06-09 10:00:00+00:00,,,,,,,,,,,,NO_COMPLETE_VECTOR_AT_BOUNDARY,SEGMENT_WARMUP,"[""h3_atr_change_4"", ""h3_slope_atr_8""]"
2025-06-09 20:27:49+00:00,1.14208,530,992,2025-06-09 23:40:12+00:00,1.1426,531,0.46,0.0,0.0,WIN,2025-06-09 20:15:00+00:00,,,,,,,,,,,,NO_COMPLETE_VECTOR_AT_BOUNDARY,SEGMENT_WARMUP,"[""h3_atr_change_4"", ""h3_slope_atr_8""]"
2025-06-10 01:26:52+00:00,1.14161,532,994,2025-06-10 07:11:04+00:00,1.13761,533,-3.52,0.0,0.0,LOSS,2025-06-10 01:15:00+00:00,,,,,,,,,,,,NO_COMPLETE_VECTOR_AT_BOUNDARY,SEGMENT_WARMUP,"[""h3_atr_change_4""]"
2025-06-11 01:48:27+00:00,1.14165,534,1001,2025-06-11 05:50:54+00:00,1.14216,535,0.45,0.0,0.0,WIN,2025-06-11 01:45:00+00:00,2025-06-11 01:45:00+00:00,24.0,S2,1.0401535888529609e-05,0.04613781019049616,0.9538517882736149,0.9538517882736149,0.18711151233719125,0.9077139780831188,5.0,4.0,MATCHED,MATCHED,[]
2025-06-11 19:07:40+00:00,1.14833,536,1007,2025-06-11 20:56:24+00:00,1.14883,537,0.44,0.0,0.0,WIN,2025-06-11 19:00:00+00:00,2025-06-11 19:00:00+00:00,24.0,S1,2.9303059327141467e-06,0.9999968279499875,2.41744080226419e-07,0.9999968279499875,4.4188390027913874e-05,0.9999938976440548,25.0,24.0,MATCHED,MATCHED,[]
2025-06-12 04:01:56+00:00,1.15181,538,1011,2025-06-12 05:24:31+00:00,1.15231,539,0.43,0.0,0.0,WIN,2025-06-12 04:00:00+00:00,2025-06-12 04:00:00+00:00,24.0,S1,1.2587905614151155e-06,0.9999987366994713,4.509967280850186e-09,0.9999987366994713,1.845108955995732e-05,0.9999974779089098,26.0,25.0,MATCHED,MATCHED,[]
2025-06-12 07:05:05+00:00,1.1517,540,1013,2025-06-12 07:55:34+00:00,1.15222,541,0.45,0.0,0.0,WIN,2025-06-12 07:00:00+00:00,2025-06-12 07:00:00+00:00,24.0,S1,7.987345068552785e-07,0.9999662432685573,3.295799693631236e-05,0.9999662432685573,0.0003851062291019318,0.999933285271621,38.0,37.0,MATCHED,MATCHED,[]
2025-06-12 19:00:30+00:00,1.15763,542,1018,2025-06-12 20:35:38+00:00,1.15813,543,0.43,0.0,0.0,WIN,2025-06-12 19:00:00+00:00,2025-06-12 19:00:00+00:00,24.0,S1,1.2381302601510602e-06,0.9419327645701867,0.0580659972995527,0.9419327645701867,0.22163055245340083,0.883866767270634,4.0,3.0,MATCHED,MATCHED,[]
2025-06-13 00:13:57+00:00,1.15674,544,1020,2025-06-13 00:14:10+00:00,1.15724,545,0.43,0.0,0.0,WIN,2025-06-13 00:00:00+00:00,2025-06-13 00:00:00+00:00,24.0,S1,0.07931713241637305,0.9206828675836263,1.150990032476955e-37,0.9206828675836263,0.27709839603072023,0.8413657351672532,24.0,23.0,MATCHED,MATCHED,[]
2025-06-13 03:18:20+00:00,1.15285,546,1022,2025-06-13 03:21:35+00:00,1.15338,547,0.46,0.0,0.0,WIN,2025-06-13 03:15:00+00:00,2025-06-13 03:15:00+00:00,24.0,S0,0.6766041112447447,4.2695892557314645e-18,0.3233958887552568,0.6766041112447447,0.6294027337123218,0.3532082224894879,1.0,0.0,MATCHED,MATCHED,[]
2025-06-13 04:27:25+00:00,1.15155,548,1024,2025-06-13 04:29:54+00:00,1.15205,549,0.43,0.0,0.0,WIN,2025-06-13 04:15:00+00:00,2025-06-13 04:15:00+00:00,24.0,S2,0.00029406400954831935,9.231192729537982e-12,0.9997059359812194,0.9997059359812194,0.0026852651694133593,0.999411871971671,1.0,0.0,MATCHED,MATCHED,[]
2025-06-13 08:04:06+00:00,1.15323,550,1026,2025-06-13 08:08:35+00:00,1.15373,551,0.43,0.0,0.0,WIN,2025-06-13 08:00:00+00:00,2025-06-13 08:00:00+00:00,24.0,S2,4.6084345810166365e-05,0.06320069074797327,0.9367532249062173,0.9367532249062173,0.23618821781809343,0.873552534158244,3.0,2.0,MATCHED,MATCHED,[]
2025-06-13 10:39:25+00:00,1.15049,552,1028,2025-06-13 10:40:48+00:00,1.151,553,0.44,0.0,0.0,WIN,2025-06-13 10:30:00+00:00,2025-06-13 10:30:00+00:00,24.0,S2,6.917869292609539e-05,4.622846766314834e-05,0.999884592839411,0.999884592839411,0.0012394992096206694,0.9998154141464849,8.0,7.0,MATCHED,MATCHED,[]
2025-06-13 13:09:55+00:00,1.15091,554,1030,2025-06-13 13:36:34+00:00,1.15146,555,0.48,0.0,0.0,WIN,2025-06-13 13:00:00+00:00,2025-06-13 13:00:00+00:00,24.0,S2,2.1675993416743655e-06,0.03575555959404753,0.964242272806611,0.964242272806611,0.15424246918840803,0.9284867132125635,18.0,17.0,MATCHED,MATCHED,[]
2025-06-16 02:06:31+00:00,1.15271,556,1034,2025-06-16 02:08:47+00:00,1.15326,557,0.48,0.0,0.0,WIN,2025-06-16 02:00:00+00:00,,,,,,,,,,,,NO_COMPLETE_VECTOR_AT_BOUNDARY,SEGMENT_WARMUP,"[""h3_er_8"", ""h3_atr_change_4"", ""h3_slope_atr_8""]"
2025-06-16 15:18:42+00:00,1.15835,558,1039,2025-06-16 15:25:16+00:00,1.15887,559,0.45,0.0,0.0,WIN,2025-06-16 15:15:00+00:00,,,,,,,,,,,,NO_COMPLETE_VECTOR_AT_BOUNDARY,SEGMENT_WARMUP,"[""h3_atr_change_4"", ""h3_slope_atr_8""]"
2025-06-16 17:09:58+00:00,1.15755,560,1041,2025-06-16 18:48:24+00:00,1.1581,561,0.47,0.0,0.0,WIN,2025-06-16 17:00:00+00:00,,,,,,,,,,,,NO_COMPLETE_VECTOR_AT_BOUNDARY,SEGMENT_WARMUP,"[""h3_atr_change_4"", ""h3_slope_atr_8""]"
2025-06-16 19:00:28+00:00,1.15791,562,1043,2025-06-17 14:25:41+00:00,1.15384,563,-3.6,0.0,-0.07,LOSS,2025-06-16 19:00:00+00:00,,,,,,,,,,,,NO_COMPLETE_VECTOR_AT_BOUNDARY,SEGMENT_WARMUP,"[""h3_atr_change_4"", ""h3_slope_atr_8""]"
2025-06-17 16:47:49+00:00,1.15177,564,1045,2025-06-17 18:46:04+00:00,1.14777,565,-3.49,0.0,0.0,LOSS,2025-06-17 16:45:00+00:00,2025-06-17 16:45:00+00:00,25.0,S2,0.00022652613888296264,8.457220796801736e-13,0.999773473860272,0.999773473860272,0.002127655152735051,0.9995469477213891,11.0,10.0,MATCHED,MATCHED,[]
2025-06-17 22:50:21+00:00,1.14766,566,1048,2025-06-17 23:51:22+00:00,1.14823,567,0.5,0.0,0.0,WIN,2025-06-17 22:45:00+00:00,2025-06-17 22:45:00+00:00,25.0,S2,4.7360236746843004e-07,5.456362177427181e-10,0.999999525851996,0.999999525851996,7.382808657634959e-06,0.9999990522496286,35.0,34.0,MATCHED,MATCHED,[]
2025-06-18 10:54:17+00:00,1.14966,568,1053,2025-06-18 11:43:41+00:00,1.15016,569,0.43,0.0,0.0,WIN,2025-06-18 10:45:00+00:00,2025-06-18 10:45:00+00:00,25.0,S2,1.1981194994978435e-06,0.014722302178203136,0.9852764997022965,0.9852764997022965,0.07673534821127506,0.9705541975240933,10.0,9.0,MATCHED,MATCHED,[]
2025-06-18 13:21:10+00:00,1.1501,570,1055,2025-06-18 14:04:00+00:00,1.15064,571,0.47,0.0,0.0,WIN,2025-06-18 13:15:00+00:00,2025-06-18 13:15:00+00:00,25.0,S1,2.1349147011810693e-06,0.6716263009233242,0.3283715641619753,0.6716263009233242,0.63304856078731,0.3432547367613489,6.0,5.0,MATCHED,MATCHED,[]
2025-06-18 17:41:38+00:00,1.14911,572,1057,2025-06-18 17:48:38+00:00,1.14961,573,0.43,0.0,0.0,WIN,2025-06-18 17:30:00+00:00,2025-06-18 17:30:00+00:00,25.0,S2,0.00015205469190967194,0.47153361217198114,0.5283143331361083,0.5283143331361083,0.692917443291566,0.056780720964127174,1.0,0.0,MATCHED,MATCHED,[]
2025-06-19 01:01:33+00:00,1.14796,574,1061,2025-06-19 11:28:55+00:00,1.14847,575,0.44,0.0,0.0,WIN,2025-06-19 01:00:00+00:00,2025-06-19 01:00:00+00:00,25.0,S1,3.3453431206838623e-06,0.6705798226513132,0.3294168320055669,0.6705798226513132,0.6338090619473091,0.34116299064574634,1.0,0.0,MATCHED,MATCHED,[]
2025-06-19 13:37:29+00:00,1.14729,576,1063,2025-06-19 13:48:06+00:00,1.14782,577,0.46,0.0,0.0,WIN,2025-06-19 13:30:00+00:00,2025-06-19 13:30:00+00:00,25.0,S1,3.5740688379740817e-06,0.894264741424954,0.10573168450620717,0.894264741424954,0.3375452716147475,0.7885330569187469,2.0,1.0,MATCHED,MATCHED,[]
2025-06-20 06:32:58+00:00,1.1516,578,1069,2025-06-20 08:53:58+00:00,1.15212,579,0.45,0.0,0.0,WIN,2025-06-20 06:30:00+00:00,2025-06-20 06:30:00+00:00,25.0,S1,1.5169246269789948e-06,0.9999197566493212,7.872642605233572e-05,0.9999197566493212,0.0008444929963179059,0.9998410302232689,28.0,27.0,MATCHED,MATCHED,[]
2025-06-20 12:48:38+00:00,1.15061,580,1071,2025-06-20 12:51:44+00:00,1.15116,581,0.48,0.0,0.0,WIN,2025-06-20 12:45:00+00:00,2025-06-20 12:45:00+00:00,25.0,S1,0.00014758735069715,0.6072968781190193,0.3925555345302833,0.6072968781190193,0.6712533728526371,0.21474134358873603,2.0,1.0,MATCHED,MATCHED,[]
2025-06-20 14:45:31+00:00,1.14983,582,1073,2025-06-20 14:50:58+00:00,1.15033,583,0.43,0.0,0.0,WIN,2025-06-20 14:45:00+00:00,2025-06-20 14:45:00+00:00,25.0,S2,1.3528537404859491e-05,1.0504125973878699e-07,0.9999863664213349,0.9999863664213349,0.0001669858835929831,0.99997283788393,8.0,7.0,MATCHED,MATCHED,[]
2025-06-23 00:01:00+00:00,1.15038,584,1076,2025-06-23 06:00:24+00:00,1.15157,585,1.03,0.0,0.0,WIN,2025-06-23 00:00:00+00:00,,,,,,,,,,,,NO_COMPLETE_VECTOR_AT_BOUNDARY,SPECIFIC_FEATURE_INCOMPLETE,"[""h1_atr_change_4"", ""h3_er_8"", ""h3_atr_change_4"", ""h3_slope_atr_8""]"
2025-06-23 09:03:32+00:00,1.14802,586,1078,2025-06-23 13:40:07+00:00,1.14856,587,0.47,0.0,0.0,WIN,2025-06-23 09:00:00+00:00,,,,,,,,,,,,NO_COMPLETE_VECTOR_AT_BOUNDARY,SEGMENT_WARMUP,"[""h3_atr_change_4"", ""h3_slope_atr_8""]"
2025-06-24 07:00:01+00:00,1.16046,588,1085,2025-06-24 07:11:45+00:00,1.16097,589,0.44,0.0,0.0,WIN,2025-06-24 07:00:00+00:00,,,,,,,,,,,,NO_COMPLETE_VECTOR_AT_BOUNDARY,SEGMENT_WARMUP,"[""h3_atr_change_4""]"
2025-06-24 10:09:38+00:00,1.16005,590,1087,2025-06-24 11:16:09+00:00,1.16055,591,0.43,0.0,0.0,WIN,2025-06-24 10:00:00+00:00,2025-06-24 10:00:00+00:00,26.0,S1,1.8222357508629874e-06,0.998229581515837,0.0017685962484114996,0.998229581515837,0.013001533008667096,0.9964609852674254,4.0,3.0,MATCHED,MATCHED,[]
2025-06-24 13:13:58+00:00,1.15911,592,1089,2025-06-24 14:06:08+00:00,1.15962,593,0.44,0.0,0.0,WIN,2025-06-24 13:00:00+00:00,2025-06-24 13:00:00+00:00,26.0,S1,7.241606084271616e-07,0.8582943393530718,0.14170493648632065,0.8582943393530718,0.4080572603361893,0.7165894028667511,16.0,15.0,MATCHED,MATCHED,[]
2025-06-25 07:02:07+00:00,1.16024,594,1096,2025-06-25 07:27:07+00:00,1.16076,595,0.45,0.0,0.0,WIN,2025-06-25 07:00:00+00:00,2025-06-25 07:00:00+00:00,26.0,S2,0.0005042285054139137,9.269810674372178e-08,0.9994956787964809,0.9994956787964809,0.0043340405092094116,0.9989914502910671,2.0,1.0,MATCHED,MATCHED,[]
2025-06-25 12:30:24+00:00,1.15938,596,1098,2025-06-25 13:19:59+00:00,1.15992,597,0.47,0.0,0.0,WIN,2025-06-25 12:30:00+00:00,2025-06-25 12:30:00+00:00,26.0,S2,6.208660188437403e-06,0.010677010597186034,0.9893167807426259,0.9893167807426259,0.05917041196004429,0.9786397701454398,2.0,1.0,MATCHED,MATCHED,[]
2025-06-26 19:06:57+00:00,1.17132,598,1109,2025-06-27 06:59:54+00:00,1.17184,599,0.37,0.0,-0.07,WIN,2025-06-26 19:00:00+00:00,2025-06-26 19:00:00+00:00,26.0,S1,4.431706068190817e-06,0.9974371626069884,0.0025584056869427016,0.9974371626069884,0.017883693232625186,0.9948787569200458,15.0,14.0,MATCHED,MATCHED,[]
2025-06-27 17:50:27+00:00,1.17001,600,1114,2025-06-27 18:01:08+00:00,1.17051,601,0.43,0.0,0.0,WIN,2025-06-27 17:45:00+00:00,2025-06-27 17:45:00+00:00,26.0,S2,1.5429833678187198e-05,1.3650035431488589e-05,0.9999709201308895,0.9999709201308895,0.000352934314042865,0.9999554902972113,5.0,4.0,MATCHED,MATCHED,[]
2025-07-01 05:50:55+00:00,1.17808,602,1126,2025-07-01 05:55:45+00:00,1.1786,603,0.44,0.0,0.0,WIN,2025-07-01 05:45:00+00:00,,,,,,,,,,,,NO_COMPLETE_VECTOR_AT_BOUNDARY,SEGMENT_WARMUP,"[""h3_atr_change_4""]"
2025-07-01 07:03:00+00:00,1.17687,604,1128,2025-07-01 07:05:13+00:00,1.17744,605,0.48,0.0,0.0,WIN,2025-07-01 07:00:00+00:00,,,,,,,,,,,,NO_COMPLETE_VECTOR_AT_BOUNDARY,SEGMENT_WARMUP,"[""h3_atr_change_4""]"
2025-07-01 13:46:11+00:00,1.17935,606,1131,2025-07-01 13:48:52+00:00,1.17985,607,0.42,0.0,0.0,WIN,2025-07-01 13:45:00+00:00,2025-07-01 13:45:00+00:00,27.0,S1,0.0290662101434236,0.7940564705915161,0.17687731926506073,0.7940564705915161,0.5923558148189292,0.6171791513264553,1.0,0.0,MATCHED,MATCHED,[]
2025-07-02 01:50:02+00:00,1.17987,608,1136,2025-07-02 11:34:39+00:00,1.1759,609,-3.38,0.0,0.0,LOSS,2025-07-02 01:45:00+00:00,2025-07-02 01:45:00+00:00,27.0,S1,2.579231394753128e-06,0.999997335435851,8.533275442700152e-08,0.999997335435851,3.724309576309561e-05,0.9999947562044562,25.0,24.0,MATCHED,MATCHED,[]
2025-07-03 12:10:04+00:00,1.17821,610,1145,2025-07-03 12:19:20+00:00,1.17873,611,0.44,0.0,0.0,WIN,2025-07-03 12:00:00+00:00,2025-07-03 12:00:00+00:00,27.0,S2,1.2169079934146992e-05,5.606093486421784e-08,0.9999877748591305,0.9999877748591305,0.0001508738649658588,0.9999756057791963,5.0,4.0,MATCHED,MATCHED,[]
2025-07-04 10:12:29+00:00,1.17753,612,1154,2025-07-04 10:26:39+00:00,1.17806,613,0.45,0.0,0.0,WIN,2025-07-04 10:00:00+00:00,2025-07-04 10:00:00+00:00,27.0,S1,1.3389171002076995e-06,0.8250373751440659,0.17496128593883425,0.8250373751440659,0.4636855931597371,0.6500760892052317,2.0,1.0,MATCHED,MATCHED,[]
2025-07-04 19:08:00+00:00,1.17775,614,1158,2025-07-04 20:11:31+00:00,1.17828,615,0.45,0.0,0.0,WIN,2025-07-04 19:00:00+00:00,2025-07-04 19:00:00+00:00,27.0,S1,7.781979012227897e-06,0.6807208659386049,0.3192713520823833,0.6807208659386049,0.626415336781531,0.36144951385622165,2.0,1.0,MATCHED,MATCHED,[]
2025-07-07 01:00:34+00:00,1.17785,616,1160,2025-07-07 08:08:42+00:00,1.17381,617,-3.44,0.0,0.0,LOSS,2025-07-07 01:00:00+00:00,,,,,,,,,,,,NO_COMPLETE_VECTOR_AT_BOUNDARY,SPECIFIC_FEATURE_INCOMPLETE,"[""h1_atr_change_4"", ""h3_er_8"", ""h3_atr_change_4"", ""h3_slope_atr_8""]"
2025-07-07 16:23:21+00:00,1.17108,618,1164,2025-07-07 16:23:51+00:00,1.17172,619,0.55,0.0,0.0,WIN,2025-07-07 16:15:00+00:00,,,,,,,,,,,,NO_COMPLETE_VECTOR_AT_BOUNDARY,SEGMENT_WARMUP,"[""h3_atr_change_4"", ""h3_slope_atr_8""]"
2025-07-08 05:07:42+00:00,1.17401,620,1169,2025-07-08 07:00:17+00:00,1.17451,621,0.43,0.0,0.0,WIN,2025-07-08 05:00:00+00:00,,,,,,,,,,,,NO_COMPLETE_VECTOR_AT_BOUNDARY,SEGMENT_WARMUP,"[""h3_atr_change_4""]"
2025-07-08 10:00:28+00:00,1.17415,622,1171,2025-07-08 13:25:43+00:00,1.17015,623,-3.42,0.0,0.0,LOSS,2025-07-08 10:00:00+00:00,2025-07-08 10:00:00+00:00,28.0,S2,3.5272322541071007e-06,0.24653006575605935,0.7534664070116867,0.7534664070116867,0.5585376377010205,0.5069363412556274,2.0,1.0,MATCHED,MATCHED,[]
2025-07-09 02:37:19+00:00,1.1716,624,1176,2025-07-09 05:43:28+00:00,1.17212,625,0.44,0.0,0.0,WIN,2025-07-09 02:30:00+00:00,2025-07-09 02:30:00+00:00,28.0,S2,3.109571767920473e-06,0.005108591071037279,0.9948882993571947,0.9948882993571947,0.03209522110435528,0.9897797082861575,1.0,0.0,MATCHED,MATCHED,[]
2025-07-09 11:53:17+00:00,1.17005,626,1179,2025-07-09 12:17:33+00:00,1.17056,627,0.44,0.0,0.0,WIN,2025-07-09 11:45:00+00:00,2025-07-09 11:45:00+00:00,28.0,S2,7.679279500694447e-06,0.033529559865129226,0.9664627608553698,0.9664627608553698,0.14690275853910284,0.9329332009902406,12.0,11.0,MATCHED,MATCHED,[]
2025-07-09 13:26:54+00:00,1.17113,628,1181,2025-07-09 13:32:13+00:00,1.17167,629,0.46,0.0,0.0,WIN,2025-07-09 13:15:00+00:00,2025-07-09 13:15:00+00:00,28.0,S1,7.818309245367548e-06,0.9905474426615101,0.009444739029244963,0.9905474426615101,0.053533858616814665,0.9811027036322651,2.0,1.0,MATCHED,MATCHED,[]
2025-07-10 07:32:49+00:00,1.17315,630,1188,2025-07-10 13:51:38+00:00,1.16915,631,-3.42,0.0,0.0,LOSS,2025-07-10 07:30:00+00:00,2025-07-10 07:30:00+00:00,28.0,S1,3.3197602978316184e-05,0.6311535775524614,0.36881322484456114,0.6311535775524614,0.6586813252667588,0.26234035270790024,1.0,0.0,MATCHED,MATCHED,[]
2025-07-11 00:20:02+00:00,1.16806,632,1192,2025-07-11 01:42:45+00:00,1.16858,633,0.44,0.0,0.0,WIN,2025-07-11 00:15:00+00:00,2025-07-11 00:15:00+00:00,28.0,S0,0.9999946891475863,8.994806851264328e-16,5.310852412518449e-06,0.9999946891475863,6.981516761211804e-05,0.9999893782951738,1.0,0.0,MATCHED,MATCHED,[]
2025-07-11 14:15:07+00:00,1.16822,634,1197,2025-07-11 14:33:41+00:00,1.16873,635,0.44,0.0,0.0,WIN,2025-07-11 14:15:00+00:00,2025-07-11 14:15:00+00:00,28.0,S2,6.459709191869415e-05,0.2240167683427188,0.7759186345653617,0.7759186345653617,0.5326164428604813,0.5519018662226429,2.0,1.0,MATCHED,MATCHED,[]
2025-07-11 20:30:00+00:00,1.16807,636,1200,2025-07-11 20:41:57+00:00,1.16858,637,0.44,0.0,0.0,WIN,2025-07-11 20:30:00+00:00,2025-07-11 20:30:00+00:00,28.0,S2,0.000514417275373924,2.886868882358913e-09,0.9994855798377562,0.9994855798377562,0.004409756960202471,0.9989711625623823,8.0,7.0,MATCHED,MATCHED,[]
2025-07-14 05:36:37+00:00,1.16685,638,1203,2025-07-14 07:11:42+00:00,1.16737,639,0.45,0.0,0.0,WIN,2025-07-14 05:30:00+00:00,,,,,,,,,,,,NO_COMPLETE_VECTOR_AT_BOUNDARY,SEGMENT_WARMUP,"[""h3_atr_change_4"", ""h3_slope_atr_8""]"
2025-07-14 13:07:07+00:00,1.16799,640,1206,2025-07-14 14:15:32+00:00,1.16849,641,0.43,0.0,0.0,WIN,2025-07-14 13:00:00+00:00,,,,,,,,,,,,NO_COMPLETE_VECTOR_AT_BOUNDARY,SEGMENT_WARMUP,"[""h3_atr_change_4"", ""h3_slope_atr_8""]"
2025-07-14 19:03:21+00:00,1.16691,642,1209,2025-07-15 00:24:58+00:00,1.16743,643,0.38,0.0,-0.07,WIN,2025-07-14 19:00:00+00:00,,,,,,,,,,,,NO_COMPLETE_VECTOR_AT_BOUNDARY,SEGMENT_WARMUP,"[""h3_atr_change_4"", ""h3_slope_atr_8""]"
2025-07-15 07:03:49+00:00,1.16738,644,1213,2025-07-15 07:20:26+00:00,1.1679,645,0.45,0.0,0.0,WIN,2025-07-15 07:00:00+00:00,,,,,,,,,,,,NO_COMPLETE_VECTOR_AT_BOUNDARY,SEGMENT_WARMUP,"[""h3_atr_change_4""]"
2025-07-15 11:37:16+00:00,1.16698,646,1215,2025-07-15 12:30:01+00:00,1.16842,647,1.23,0.0,0.0,WIN,2025-07-15 11:30:00+00:00,2025-07-15 11:30:00+00:00,29.0,S2,1.5097189157366826e-05,3.481577157335988e-05,0.9999500870392701,0.9999500870392701,0.0005749048582832767,0.9999152712676967,2.0,1.0,MATCHED,MATCHED,[]
2025-07-15 13:10:04+00:00,1.16701,648,1217,2025-07-15 14:02:29+00:00,1.16306,649,-3.4,0.0,0.0,LOSS,2025-07-15 13:00:00+00:00,2025-07-15 13:00:00+00:00,29.0,S2,0.08798282984796485,0.3535738089956334,0.5584433611564015,0.5584433611564015,0.9068001396263033,0.20486955216076808,1.0,0.0,MATCHED,MATCHED,[]
2025-07-16 11:56:57+00:00,1.16034,650,1225,2025-07-16 12:30:06+00:00,1.16088,651,0.47,0.0,0.0,WIN,2025-07-16 11:45:00+00:00,2025-07-16 11:45:00+00:00,29.0,S2,9.674281145673591e-06,0.0013313004847757095,0.9986590252340782,0.9986590252340782,0.010267112857716375,0.9973277247493025,8.0,7.0,MATCHED,MATCHED,[]
2025-07-16 13:21:52+00:00,1.15812,652,1227,2025-07-16 13:23:48+00:00,1.15862,653,0.43,0.0,0.0,WIN,2025-07-16 13:15:00+00:00,2025-07-16 13:15:00+00:00,29.0,S2,0.0002575301123493575,1.4760931542800757e-12,0.9997424698861745,0.9997424698861745,0.0023858221301843257,0.9994849397738252,2.0,1.0,MATCHED,MATCHED,[]
2025-07-16 19:02:40+00:00,1.16276,654,1230,2025-07-16 19:45:55+00:00,1.16327,655,0.44,0.0,0.0,WIN,2025-07-16 19:00:00+00:00,2025-07-16 19:00:00+00:00,29.0,S0,0.9999999998959446,1.0405512917452962e-10,8.830596500730579e-16,0.9999999998959446,2.4959076732636246e-09,0.9999999997918895,17.0,16.0,MATCHED,MATCHED,[]
2025-07-17 00:35:32+00:00,1.16212,656,1232,2025-07-17 01:55:25+00:00,1.16265,657,0.46,0.0,0.0,WIN,2025-07-17 00:30:00+00:00,2025-07-17 00:30:00+00:00,29.0,S2,0.0005626154759237775,1.038624641285475e-06,0.9994363458994353,0.9994363458994353,0.004787808294572782,0.9988737304235116,2.0,1.0,MATCHED,MATCHED,[]
2025-07-17 06:00:33+00:00,1.16136,658,1234,2025-07-17 06:36:05+00:00,1.15736,659,-3.46,0.0,0.0,LOSS,2025-07-17 06:00:00+00:00,2025-07-17 06:00:00+00:00,29.0,S2,2.0250679979023982e-05,0.00010778546052460987,0.9998719638594968,0.9998719638594968,0.0013315433901066763,0.9997641783989722,1.0,0.0,MATCHED,MATCHED,[]
2025-07-17 11:45:44+00:00,1.15759,660,1237,2025-07-17 12:12:02+00:00,1.1581,661,0.44,0.0,0.0,WIN,2025-07-17 11:45:00+00:00,2025-07-17 11:45:00+00:00,29.0,S2,3.535548656178626e-05,7.96738965278361e-10,0.9999646437166995,0.9999646437166995,0.00039776810182426235,0.9999292882301377,20.0,19.0,MATCHED,MATCHED,[]
2025-07-17 13:51:37+00:00,1.15835,662,1239,2025-07-17 13:57:32+00:00,1.15886,663,0.44,0.0,0.0,WIN,2025-07-17 13:45:00+00:00,2025-07-17 13:45:00+00:00,29.0,S2,0.000156988526293921,0.20229502989464737,0.7975479815790583,0.7975479815790583,0.5050642042107674,0.595252951684411,2.0,1.0,MATCHED,MATCHED,[]
2025-07-18 04:01:23+00:00,1.16226,664,1245,2025-07-18 07:05:05+00:00,1.1628,665,0.46,0.0,0.0,WIN,2025-07-18 04:00:00+00:00,2025-07-18 04:00:00+00:00,29.0,S1,2.0796297288577025e-05,0.9998909889043744,8.821479833679029e-05,0.9998909889043744,0.0011567545896126689,0.9998027741060377,21.0,20.0,MATCHED,MATCHED,[]
2025-07-18 16:23:48+00:00,1.16328,666,1249,2025-07-18 16:33:29+00:00,1.16379,667,0.44,0.0,0.0,WIN,2025-07-18 16:15:00+00:00,2025-07-18 16:15:00+00:00,29.0,S2,0.00039384139729065873,0.0279156150272062,0.9716905435755016,0.9716905435755016,0.13089040861351062,0.9437749285482954,1.0,0.0,MATCHED,MATCHED,[]
2025-07-21 10:11:45+00:00,1.1638,668,1255,2025-07-21 10:50:13+00:00,1.16431,669,0.44,0.0,0.0,WIN,2025-07-21 10:00:00+00:00,,,,,,,,,,,,NO_COMPLETE_VECTOR_AT_BOUNDARY,SEGMENT_WARMUP,"[""h3_atr_change_4"", ""h3_slope_atr_8""]"
2025-07-22 00:10:52+00:00,1.16861,670,1260,2025-07-22 00:42:31+00:00,1.16915,671,0.46,0.0,0.0,WIN,2025-07-22 00:00:00+00:00,,,,,,,,,,,,NO_COMPLETE_VECTOR_AT_BOUNDARY,SEGMENT_WARMUP,"[""h3_atr_change_4""]"
2025-07-22 01:05:34+00:00,1.16869,672,1262,2025-07-22 02:10:24+00:00,1.16921,673,0.44,0.0,0.0,WIN,2025-07-22 01:00:00+00:00,,,,,,,,,,,,NO_COMPLETE_VECTOR_AT_BOUNDARY,SEGMENT_WARMUP,"[""h3_atr_change_4""]"
2025-07-22 05:22:55+00:00,1.16855,674,1264,2025-07-22 06:17:03+00:00,1.16907,675,0.44,0.0,0.0,WIN,2025-07-22 05:15:00+00:00,,,,,,,,,,,,NO_COMPLETE_VECTOR_AT_BOUNDARY,SEGMENT_WARMUP,"[""h3_atr_change_4""]"
2025-07-22 07:17:37+00:00,1.16838,676,1266,2025-07-22 07:28:43+00:00,1.16889,677,0.44,0.0,0.0,WIN,2025-07-22 07:15:00+00:00,,,,,,,,,,,,NO_COMPLETE_VECTOR_AT_BOUNDARY,SEGMENT_WARMUP,"[""h3_atr_change_4""]"
2025-07-22 19:00:01+00:00,1.17474,678,1271,2025-07-22 19:58:12+00:00,1.17524,679,0.43,0.0,0.0,WIN,2025-07-22 19:00:00+00:00,2025-07-22 19:00:00+00:00,30.0,S1,9.381562075639366e-05,0.9999061843792428,1.2759871339197053e-18,0.9999061843792428,0.0009638740970152678,0.9998123687584864,16.0,15.0,MATCHED,MATCHED,[]
2025-07-22 22:32:35+00:00,1.17469,680,1273,2025-07-22 23:13:24+00:00,1.17519,681,0.43,0.0,0.0,WIN,2025-07-22 22:30:00+00:00,2025-07-22 22:30:00+00:00,30.0,S1,8.986001869058146e-07,0.9999984591048877,6.4229492614736e-07,0.9999984591048877,2.3209571236986886e-05,0.9999975605047008,30.0,29.0,MATCHED,MATCHED,[]
2025-07-23 01:03:25+00:00,1.17454,682,1275,2025-07-23 07:20:07+00:00,1.17508,683,0.46,0.0,0.0,WIN,2025-07-23 01:00:00+00:00,2025-07-23 01:00:00+00:00,30.0,S1,0.00024924008783420906,0.9968856289700989,0.0028651309420657444,0.9968856289700989,0.021953231047181818,0.9940204980280332,1.0,0.0,MATCHED,MATCHED,[]
2025-07-23 10:11:37+00:00,1.17293,684,1277,2025-07-23 10:29:12+00:00,1.17344,685,0.43,0.0,0.0,WIN,2025-07-23 10:00:00+00:00,2025-07-23 10:00:00+00:00,30.0,S2,1.1558819849638749e-06,0.21578178356337543,0.7842170605546388,0.7842170605546388,0.5215336974256938,0.5684352769912634,5.0,4.0,MATCHED,MATCHED,[]
2025-07-23 13:35:34+00:00,1.17144,686,1279,2025-07-23 13:52:06+00:00,1.17194,687,0.43,0.0,0.0,WIN,2025-07-23 13:30:00+00:00,2025-07-23 13:30:00+00:00,30.0,S2,1.4111036385986793e-06,0.0017750936479072762,0.9982234952484533,0.9982234952484533,0.013037204384918875,0.996448401600546,12.0,11.0,MATCHED,MATCHED,[]
2025-07-24 00:32:42+00:00,1.17657,688,1283,2025-07-24 01:02:21+00:00,1.17709,689,0.44,0.0,0.0,WIN,2025-07-24 00:30:00+00:00,2025-07-24 00:30:00+00:00,30.0,S1,2.4907409529326523e-06,0.9988862384126449,0.0011112708464023657,0.9988862384126449,0.008704422220917765,0.9977749675662425,34.0,33.0,MATCHED,MATCHED,[]
2025-07-24 06:58:16+00:00,1.17585,690,1285,2025-07-24 07:09:45+00:00,1.17636,691,0.43,0.0,0.0,WIN,2025-07-24 06:45:00+00:00,2025-07-24 06:45:00+00:00,30.0,S2,1.0902497183848223e-05,2.3177044248720533e-06,0.9999867797983908,0.9999867797983908,0.00016786976252223146,0.999975877301207,4.0,3.0,MATCHED,MATCHED,[]
2025-07-24 10:18:14+00:00,1.17472,692,1287,2025-07-24 11:49:36+00:00,1.17526,693,0.46,0.0,0.0,WIN,2025-07-24 10:15:00+00:00,2025-07-24 10:15:00+00:00,30.0,S2,2.3143386713236252e-06,6.969386871456957e-12,0.9999976856543598,0.9999976856543598,3.234627528379257e-05,0.9999953713156884,18.0,17.0,MATCHED,MATCHED,[]
2025-07-24 19:09:34+00:00,1.17636,694,1291,2025-07-24 19:25:05+00:00,1.17687,695,0.43,0.0,0.0,WIN,2025-07-24 19:00:00+00:00,2025-07-24 19:00:00+00:00,30.0,S2,4.8672787090365416e-06,0.4189366697466867,0.5810584629746043,0.5810584629746043,0.6800082303191775,0.1621217932279176,1.0,0.0,MATCHED,MATCHED,[]
2025-07-25 02:40:25+00:00,1.17391,696,1294,2025-07-25 03:45:08+00:00,1.17441,697,0.43,0.0,0.0,WIN,2025-07-25 02:30:00+00:00,2025-07-25 02:30:00+00:00,30.0,S2,4.845862022857895e-06,9.28533028523791e-05,0.9999023008351251,0.9999023008351251,0.0010190906072055964,0.9998094475322727,6.0,5.0,MATCHED,MATCHED,[]
2025-07-25 09:07:28+00:00,1.1737,698,1297,2025-07-25 18:49:00+00:00,1.1742,699,0.43,0.0,0.0,WIN,2025-07-25 09:00:00+00:00,2025-07-25 09:00:00+00:00,30.0,S2,7.486340141756585e-06,0.3414699509083572,0.6585225627515003,0.6585225627515003,0.6420983925781694,0.31705261184314315,1.0,0.0,MATCHED,MATCHED,[]
2025-07-28 01:33:27+00:00,1.17578,700,1300,2025-07-28 06:25:13+00:00,1.17177,701,-3.42,0.0,0.0,LOSS,2025-07-28 01:30:00+00:00,,,,,,,,,,,,NO_COMPLETE_VECTOR_AT_BOUNDARY,SPECIFIC_FEATURE_INCOMPLETE,"[""h1_atr_change_4"", ""h3_er_8"", ""h3_atr_change_4"", ""h3_slope_atr_8""]"
2025-07-28 07:50:26+00:00,1.16859,702,1302,2025-07-28 11:33:01+00:00,1.16459,703,-3.43,0.0,0.0,LOSS,2025-07-28 07:45:00+00:00,,,,,,,,,,,,NO_COMPLETE_VECTOR_AT_BOUNDARY,SEGMENT_WARMUP,"[""h3_atr_change_4"", ""h3_slope_atr_8""]"
2025-07-28 13:17:22+00:00,1.16483,704,1304,2025-07-28 15:57:30+00:00,1.16082,705,-3.45,0.0,0.0,LOSS,2025-07-28 13:15:00+00:00,,,,,,,,,,,,NO_COMPLETE_VECTOR_AT_BOUNDARY,SEGMENT_WARMUP,"[""h3_atr_change_4"", ""h3_slope_atr_8""]"
2025-07-29 04:11:37+00:00,1.15809,706,1310,2025-07-29 04:55:48+00:00,1.1586,707,0.44,0.0,0.0,WIN,2025-07-29 04:00:00+00:00,,,,,,,,,,,,NO_COMPLETE_VECTOR_AT_BOUNDARY,SEGMENT_WARMUP,"[""h3_atr_change_4""]"
2025-07-30 04:03:20+00:00,1.15557,708,1319,2025-07-30 07:06:02+00:00,1.15614,709,0.49,0.0,0.0,WIN,2025-07-30 04:00:00+00:00,2025-07-30 04:00:00+00:00,31.0,S1,1.6835723791348454e-05,0.9792079828065502,0.020775181469658174,0.9792079828065502,0.10124238187851937,0.958432801336892,17.0,16.0,MATCHED,MATCHED,[]
2025-07-30 10:21:52+00:00,1.15468,710,1321,2025-07-30 12:30:22+00:00,1.15063,711,-3.52,0.0,0.0,LOSS,2025-07-30 10:15:00+00:00,2025-07-30 10:15:00+00:00,31.0,S2,2.569145304572309e-06,0.07657002288544291,0.9234274079692526,0.9234274079692526,0.27034662211856125,0.8468573850838097,5.0,4.0,MATCHED,MATCHED,[]
2025-07-30 18:41:27+00:00,1.14644,712,1324,2025-07-30 18:41:56+00:00,1.14697,713,0.46,0.0,0.0,WIN,2025-07-30 18:30:00+00:00,2025-07-30 18:30:00+00:00,31.0,S2,1.6342894878436737e-05,2.10335764449273e-05,0.9999626235286767,0.9999626235286767,0.00044402133908140776,0.9999415899522318,1.0,0.0,MATCHED,MATCHED,[]
2025-07-31 13:03:21+00:00,1.14239,714,1332,2025-07-31 14:30:23+00:00,1.14293,715,0.47,0.0,0.0,WIN,2025-07-31 13:00:00+00:00,2025-07-31 13:00:00+00:00,31.0,S2,5.661284599849911e-06,0.0017547338936038943,0.9982396048217954,0.9982396048217954,0.012961798854640804,0.9964848709281915,2.0,1.0,MATCHED,MATCHED,[]
2025-07-31 16:00:18+00:00,1.14275,716,1334,2025-07-31 16:00:30+00:00,1.14326,717,0.45,0.0,0.0,WIN,2025-07-31 16:00:00+00:00,2025-07-31 16:00:00+00:00,31.0,S2,4.095736477693118e-05,0.16930999872691282,0.8306490439083106,0.8306490439083106,0.4552375894843781,0.6613390451813979,1.0,0.0,MATCHED,MATCHED,[]
2025-07-31 19:53:16+00:00,1.14231,718,1336,2025-08-01 00:43:43+00:00,1.14282,719,0.38,0.0,-0.07,WIN,2025-07-31 19:45:00+00:00,2025-07-31 19:45:00+00:00,31.0,S1,5.904751270803004e-07,0.5302414335606102,0.4697579759642629,0.5302414335606102,0.6913255882722835,0.06048345759634727,1.0,0.0,MATCHED,MATCHED,[]
2025-08-01 01:47:00+00:00,1.14075,720,1338,2025-08-01 02:03:24+00:00,1.14129,721,0.47,0.0,0.0,WIN,2025-08-01 01:45:00+00:00,2025-08-01 01:45:00+00:00,31.0,S2,0.00013519442187387692,1.6915448735899025e-05,0.99984789012939,0.99984789012939,0.001542372740660381,0.9997126957075161,1.0,0.0,MATCHED,MATCHED,[]
2025-08-01 08:49:29+00:00,1.14071,722,1341,2025-08-01 09:08:03+00:00,1.14123,723,0.46,0.0,0.0,WIN,2025-08-01 08:45:00+00:00,2025-08-01 08:45:00+00:00,31.0,S2,2.0013772325259532e-05,0.0040776446053137115,0.9959023416223604,0.9959023416223604,0.026741944250436026,0.9918246970170467,5.0,4.0,MATCHED,MATCHED,[]
2025-08-01 17:01:29+00:00,1.15362,724,1345,2025-08-01 18:33:06+00:00,1.15413,725,0.44,0.0,0.0,WIN,2025-08-01 17:00:00+00:00,2025-08-01 17:00:00+00:00,31.0,S1,0.0005064147198318526,0.9994935852801518,1.630880543577178e-14,0.9994935852801518,0.0043490396666877465,0.9989871705603199,1.0,0.0,MATCHED,MATCHED,[]
2025-08-04 07:05:34+00:00,1.15642,726,1350,2025-08-04 07:11:15+00:00,1.15694,727,0.45,0.0,0.0,WIN,2025-08-04 07:00:00+00:00,,,,,,,,,,,,NO_COMPLETE_VECTOR_AT_BOUNDARY,SEGMENT_WARMUP,"[""h3_atr_change_4"", ""h3_slope_atr_8""]"
2025-08-04 10:22:10+00:00,1.15566,728,1352,2025-08-04 10:32:09+00:00,1.15616,729,0.43,0.0,0.0,WIN,2025-08-04 10:15:00+00:00,,,,,,,,,,,,NO_COMPLETE_VECTOR_AT_BOUNDARY,SEGMENT_WARMUP,"[""h3_atr_change_4"", ""h3_slope_atr_8""]"
2025-08-04 16:20:25+00:00,1.15582,730,1355,2025-08-04 16:26:41+00:00,1.15634,731,0.45,0.0,0.0,WIN,2025-08-04 16:15:00+00:00,,,,,,,,,,,,NO_COMPLETE_VECTOR_AT_BOUNDARY,SEGMENT_WARMUP,"[""h3_atr_change_4"", ""h3_slope_atr_8""]"
2025-08-04 19:55:41+00:00,1.15635,732,1357,2025-08-04 19:59:56+00:00,1.15685,733,0.43,0.0,0.0,WIN,2025-08-04 19:45:00+00:00,,,,,,,,,,,,NO_COMPLETE_VECTOR_AT_BOUNDARY,SEGMENT_WARMUP,"[""h3_atr_change_4"", ""h3_slope_atr_8""]"
2025-08-05 01:10:39+00:00,1.1563,734,1360,2025-08-05 01:42:05+00:00,1.15685,735,0.48,0.0,0.0,WIN,2025-08-05 01:00:00+00:00,,,,,,,,,,,,NO_COMPLETE_VECTOR_AT_BOUNDARY,SEGMENT_WARMUP,"[""h3_atr_change_4""]"
2025-08-05 07:47:36+00:00,1.15467,736,1363,2025-08-05 13:29:12+00:00,1.15519,737,0.45,0.0,0.0,WIN,2025-08-05 07:45:00+00:00,,,,,,,,,,,,NO_COMPLETE_VECTOR_AT_BOUNDARY,SEGMENT_WARMUP,"[""h3_atr_change_4""]"
2025-08-05 19:06:33+00:00,1.15677,738,1366,2025-08-05 19:46:31+00:00,1.15728,739,0.44,0.0,0.0,WIN,2025-08-05 19:00:00+00:00,2025-08-05 19:00:00+00:00,32.0,S1,1.1621240410689756e-05,0.9999787119368249,9.666822764925043e-06,0.9999787119368249,0.00026495720100272696,0.9999670906964142,18.0,17.0,MATCHED,MATCHED,[]
2025-08-05 22:30:36+00:00,1.15731,740,1368,2025-08-05 23:44:47+00:00,1.15781,741,0.43,0.0,0.0,WIN,2025-08-05 22:30:00+00:00,2025-08-05 22:30:00+00:00,32.0,S1,2.309075356677455e-06,0.8242051064599317,0.17579258446471208,0.8242051064599317,0.46498507763410246,0.6484125219952197,2.0,1.0,MATCHED,MATCHED,[]
2025-08-06 01:00:57+00:00,1.1572,742,1370,2025-08-06 03:23:24+00:00,1.15772,743,0.45,0.0,0.0,WIN,2025-08-06 01:00:00+00:00,2025-08-06 01:00:00+00:00,32.0,S2,3.1209096215700707e-06,0.04281752562473132,0.9571793534656469,0.9571793534656469,0.17683982698072448,0.9143618278409156,3.0,2.0,MATCHED,MATCHED,[]
2025-08-06 07:00:57+00:00,1.15769,744,1373,2025-08-06 08:07:21+00:00,1.15821,745,0.45,0.0,0.0,WIN,2025-08-06 07:00:00+00:00,2025-08-06 07:00:00+00:00,32.0,S1,9.627789268964085e-07,0.9195675478848016,0.08043148933627135,0.9195675478848016,0.27983617556072393,0.8391360585485302,16.0,15.0,MATCHED,MATCHED,[]
2025-08-07 10:15:57+00:00,1.16648,746,1383,2025-08-07 10:55:46+00:00,1.167,747,0.45,0.0,0.0,WIN,2025-08-07 10:15:00+00:00,2025-08-07 10:15:00+00:00,32.0,S2,0.0002993761901680881,0.45914130881444104,0.5405593149953906,0.5405593149953906,0.6923489682518642,0.08141800618094952,1.0,0.0,MATCHED,MATCHED,[]
2025-08-07 14:08:29+00:00,1.16313,748,1385,2025-08-07 14:09:09+00:00,1.16366,749,0.46,0.0,0.0,WIN,2025-08-07 14:00:00+00:00,2025-08-07 14:00:00+00:00,32.0,S2,5.86678345606687e-06,2.2553793751833073e-10,0.9999941329910057,0.9999941329910057,7.654447210781139e-05,0.9999882662075497,11.0,10.0,MATCHED,MATCHED,[]
2025-08-07 18:40:00+00:00,1.16279,750,1387,2025-08-07 19:30:07+00:00,1.16339,751,0.52,0.0,0.0,WIN,2025-08-07 18:30:00+00:00,2025-08-07 18:30:00+00:00,32.0,S2,9.350815944966647e-06,0.03878543032799078,0.9612052188560637,0.9612052188560637,0.1641820464330218,0.9224197885280729,29.0,28.0,MATCHED,MATCHED,[]
2025-08-08 01:21:06+00:00,1.16578,752,1390,2025-08-08 02:35:29+00:00,1.16628,753,0.43,0.0,0.0,WIN,2025-08-08 01:15:00+00:00,2025-08-08 01:15:00+00:00,32.0,S2,0.0038649343048626026,0.06915387852373123,0.9269811871714064,0.9269811871714064,0.2764975504666406,0.8578273086476752,1.0,0.0,MATCHED,MATCHED,[]
2025-08-08 05:26:23+00:00,1.16464,754,1392,2025-08-08 06:55:06+00:00,1.16514,755,0.43,0.0,0.0,WIN,2025-08-08 05:15:00+00:00,2025-08-08 05:15:00+00:00,32.0,S2,4.0036336782817475e-05,3.208349047385907e-07,0.999959642828312,0.999959642828312,0.0004505504497037214,0.9999196064915291,17.0,16.0,MATCHED,MATCHED,[]
2025-08-08 08:49:31+00:00,1.16402,756,1394,2025-08-08 10:06:10+00:00,1.16455,757,0.46,0.0,0.0,WIN,2025-08-08 08:45:00+00:00,2025-08-08 08:45:00+00:00,32.0,S2,3.0457038827697564e-05,0.0009973307472834396,0.9989722122138887,0.9989722122138887,0.008235970490811855,0.9979748814666052,2.0,1.0,MATCHED,MATCHED,[]
2025-08-08 13:04:13+00:00,1.16415,758,1396,2025-08-08 13:09:15+00:00,1.16465,759,0.43,0.0,0.0,WIN,2025-08-08 13:00:00+00:00,2025-08-08 13:00:00+00:00,32.0,S2,3.582663623167885e-06,0.4808151854651099,0.5191812318712672,0.5191812318712672,0.6924570443130985,0.03836604640615732,1.0,0.0,MATCHED,MATCHED,[]
2025-08-08 19:03:29+00:00,1.1652,760,1399,2025-08-11 01:50:53+00:00,1.1657,761,0.36,0.0,-0.07,WIN,2025-08-08 19:00:00+00:00,2025-08-08 19:00:00+00:00,32.0,S1,3.887650002325602e-06,0.7955658668692441,0.20443024548075361,0.7955658668692441,0.5065344786403998,0.5911356213884905,10.0,9.0,MATCHED,MATCHED,[]
2025-08-11 07:11:25+00:00,1.16568,762,1402,2025-08-11 12:13:59+00:00,1.16171,763,-3.42,0.0,0.0,LOSS,2025-08-11 07:00:00+00:00,,,,,,,,,,,,NO_COMPLETE_VECTOR_AT_BOUNDARY,SEGMENT_WARMUP,"[""h3_atr_change_4"", ""h3_slope_atr_8""]"
2025-08-11 14:31:11+00:00,1.15988,764,1404,2025-08-11 15:37:41+00:00,1.16044,765,0.48,0.0,0.0,WIN,2025-08-11 14:30:00+00:00,,,,,,,,,,,,NO_COMPLETE_VECTOR_AT_BOUNDARY,SEGMENT_WARMUP,"[""h3_atr_change_4"", ""h3_slope_atr_8""]"
2025-08-12 06:58:46+00:00,1.16097,766,1409,2025-08-12 07:05:25+00:00,1.16147,767,0.43,0.0,0.0,WIN,2025-08-12 06:45:00+00:00,,,,,,,,,,,,NO_COMPLETE_VECTOR_AT_BOUNDARY,SEGMENT_WARMUP,"[""h3_atr_change_4""]"
2025-08-12 11:27:37+00:00,1.16035,768,1411,2025-08-12 12:02:40+00:00,1.16086,769,0.44,0.0,0.0,WIN,2025-08-12 11:15:00+00:00,2025-08-12 11:15:00+00:00,33.0,S2,1.3134208513257536e-05,0.05193314828698502,0.9480537175045011,0.9480537175045011,0.204328480185615,0.896120569217516,10.0,,MATCHED,MATCHED,[]
2025-08-12 19:10:08+00:00,1.1665,770,1415,2025-08-12 19:18:40+00:00,1.16701,771,0.44,0.0,0.0,WIN,2025-08-12 19:00:00+00:00,2025-08-12 19:00:00+00:00,33.0,S1,2.2254426564649225e-05,0.999977744300493,1.2729425806526261e-09,0.999977744300493,0.00026069251992509726,0.9999554898739283,9.0,8.0,MATCHED,MATCHED,[]
2025-08-14 06:44:51+00:00,1.16955,772,1427,2025-08-14 12:30:10+00:00,1.16551,773,-3.47,0.0,0.0,LOSS,2025-08-14 06:30:00+00:00,2025-08-14 06:30:00+00:00,33.0,S2,5.748556053001692e-05,0.4973349496801743,0.5026075647592948,0.5026075647592948,0.6937122050927507,0.005272615079120524,1.0,0.0,MATCHED,MATCHED,[]
2025-08-14 14:05:29+00:00,1.16458,774,1429,2025-08-14 14:13:44+00:00,1.16511,775,0.45,0.0,0.0,WIN,2025-08-14 14:00:00+00:00,2025-08-14 14:00:00+00:00,33.0,S2,0.0002228422232251887,7.398381795249818e-19,0.9997771577767748,0.9997771577767748,0.0020967080218142436,0.9995543155535496,5.0,4.0,MATCHED,MATCHED,[]
2025-08-15 01:22:35+00:00,1.16494,776,1434,2025-08-15 01:35:02+00:00,1.16544,777,0.43,0.0,0.0,WIN,2025-08-15 01:15:00+00:00,2025-08-15 01:15:00+00:00,33.0,S1,7.642682337436411e-06,0.8868634704039012,0.11312888691376191,0.8868634704039012,0.35310420864977454,0.7737345834901393,3.0,2.0,MATCHED,MATCHED,[]
2025-08-18 06:27:22+00:00,1.16991,778,1443,2025-08-18 16:50:33+00:00,1.16591,779,-3.43,0.0,0.0,LOSS,2025-08-18 06:15:00+00:00,,,,,,,,,,,,NO_COMPLETE_VECTOR_AT_BOUNDARY,SEGMENT_WARMUP,"[""h3_atr_change_4"", ""h3_slope_atr_8""]"
2025-08-19 00:51:58+00:00,1.16583,780,1446,2025-08-19 05:02:27+00:00,1.16633,781,0.43,0.0,0.0,WIN,2025-08-19 00:45:00+00:00,,,,,,,,,,,,NO_COMPLETE_VECTOR_AT_BOUNDARY,SEGMENT_WARMUP,"[""h3_atr_change_4""]"
2025-08-19 13:12:28+00:00,1.16707,782,1450,2025-08-19 13:16:35+00:00,1.16759,783,0.45,0.0,0.0,WIN,2025-08-19 13:00:00+00:00,2025-08-19 13:00:00+00:00,34.0,S2,4.800773679284629e-05,0.09383143553948509,0.9061205567237226,0.9061205567237226,0.3118345395855804,0.8122891211842376,1.0,0.0,MATCHED,MATCHED,[]
2025-08-19 23:23:02+00:00,1.16425,784,1454,2025-08-20 10:10:09+00:00,1.16475,785,0.36,0.0,-0.07,WIN,2025-08-19 23:15:00+00:00,2025-08-19 23:15:00+00:00,34.0,S2,1.1461494257528096e-06,0.001195506994502915,0.9988033468560713,0.9988033468560713,0.00925640280396069,0.9976078398615684,42.0,41.0,MATCHED,MATCHED,[]
2025-08-21 00:38:33+00:00,1.16446,786,1459,2025-08-21 01:02:10+00:00,1.16497,787,0.44,0.0,0.0,WIN,2025-08-21 00:30:00+00:00,2025-08-21 00:30:00+00:00,34.0,S2,5.610407665771058e-05,0.2842098163605708,0.7157340795627719,0.7157340795627719,0.5974720121111305,0.4315242632022011,4.0,3.0,MATCHED,MATCHED,[]
2025-08-21 04:00:58+00:00,1.16451,788,1461,2025-08-21 07:30:25+00:00,1.16502,789,0.44,0.0,0.0,WIN,2025-08-21 04:00:00+00:00,2025-08-21 04:00:00+00:00,34.0,S2,1.3683652910536317e-06,0.20027943891841157,0.7997191927162968,0.7997191927162968,0.5008091022680874,0.5994397537978852,9.0,8.0,MATCHED,MATCHED,[]
2025-08-21 13:42:42+00:00,1.16386,790,1464,2025-08-22 03:37:16+00:00,1.15982,791,-3.55,0.0,-0.07,LOSS,2025-08-21 13:30:00+00:00,2025-08-21 13:30:00+00:00,34.0,S2,9.047539160487806e-06,0.02679624102405788,0.973194711436782,0.973194711436782,0.12353666682406662,0.9463984704127242,9.0,8.0,MATCHED,MATCHED,[]
2025-08-25 07:55:13+00:00,1.16989,792,1474,2025-08-25 08:13:28+00:00,1.17039,793,0.43,0.0,0.0,WIN,2025-08-25 07:45:00+00:00,,,,,,,,,,,,NO_COMPLETE_VECTOR_AT_BOUNDARY,SEGMENT_WARMUP,"[""h3_atr_change_4"", ""h3_slope_atr_8""]"
2025-08-25 15:03:16+00:00,1.16865,794,1477,2025-08-25 17:21:53+00:00,1.16466,795,-3.43,0.0,0.0,LOSS,2025-08-25 15:00:00+00:00,,,,,,,,,,,,NO_COMPLETE_VECTOR_AT_BOUNDARY,SEGMENT_WARMUP,"[""h3_atr_change_4"", ""h3_slope_atr_8""]"
2025-08-25 23:13:28+00:00,1.1617,796,1480,2025-08-26 00:03:43+00:00,1.16223,797,0.39,0.0,-0.07,WIN,2025-08-25 23:00:00+00:00,,,,,,,,,,,,NO_COMPLETE_VECTOR_AT_BOUNDARY,SEGMENT_WARMUP,"[""h3_atr_change_4""]"
2025-08-26 07:07:05+00:00,1.1619,798,1484,2025-08-26 07:32:54+00:00,1.16243,799,0.46,0.0,0.0,WIN,2025-08-26 07:00:00+00:00,,,,,,,,,,,,NO_COMPLETE_VECTOR_AT_BOUNDARY,SEGMENT_WARMUP,"[""h3_atr_change_4""]"
2025-08-26 13:06:16+00:00,1.16384,800,1487,2025-08-26 13:07:27+00:00,1.16435,801,0.44,0.0,0.0,WIN,2025-08-26 13:00:00+00:00,2025-08-26 13:00:00+00:00,35.0,S1,0.00018535637694822672,0.9998088621219872,5.781501064158929e-06,0.9998088621219872,0.0018536594315936336,0.9996235057450389,13.0,12.0,MATCHED,MATCHED,[]
2025-08-26 18:06:39+00:00,1.16363,802,1489,2025-08-26 18:45:21+00:00,1.16413,803,0.43,0.0,0.0,WIN,2025-08-26 18:00:00+00:00,2025-08-26 18:00:00+00:00,35.0,S2,3.582983175070936e-05,4.56616023116873e-07,0.999963713552226,0.999963713552226,0.00040973242352000704,0.9999278837204754,2.0,1.0,MATCHED,MATCHED,[]
2025-08-26 22:49:43+00:00,1.16426,804,1492,2025-08-27 07:31:22+00:00,1.16021,805,-3.56,0.0,-0.07,LOSS,2025-08-26 22:45:00+00:00,2025-08-26 22:45:00+00:00,35.0,S1,1.186675855001507e-06,0.9236889969238512,0.07630981640029356,0.9236889969238512,0.26968010702838646,0.8473791805235577,7.0,6.0,MATCHED,MATCHED,[]
2025-08-28 04:13:22+00:00,1.16399,806,1500,2025-08-28 07:03:49+00:00,1.16453,807,0.46,0.0,0.0,WIN,2025-08-28 04:00:00+00:00,2025-08-28 04:00:00+00:00,35.0,S2,7.638013058213355e-06,0.007086570912335101,0.9929057910746071,0.9929057910746071,0.042234342553712105,0.985819220162272,1.0,0.0,MATCHED,MATCHED,[]
2025-08-29 01:07:52+00:00,1.16717,808,1507,2025-08-29 07:55:00+00:00,1.16768,809,0.44,0.0,0.0,WIN,2025-08-29 01:00:00+00:00,2025-08-29 01:00:00+00:00,35.0,S2,4.312540394501046e-06,3.7614318833265226e-05,0.9999580731407727,0.9999580731407727,0.00047842244341887567,0.9999204588219394,3.0,2.0,MATCHED,MATCHED,[]
2025-08-29 11:46:17+00:00,1.16616,810,1509,2025-08-29 13:23:18+00:00,1.16668,811,0.45,0.0,0.0,WIN,2025-08-29 11:45:00+00:00,2025-08-29 11:45:00+00:00,35.0,S2,0.00013744027929716473,0.06480116085929971,0.9350613988614047,0.9350613988614047,0.2413290244616917,0.870260238002105,4.0,3.0,MATCHED,MATCHED,[]
2025-08-29 20:46:25+00:00,1.16903,812,1512,2025-09-01 00:33:59+00:00,1.16955,813,0.37,0.0,-0.07,WIN,2025-08-29 20:45:00+00:00,2025-08-29 20:45:00+00:00,35.0,S2,0.0017586472736316216,0.0024599158822988442,0.9957814368440682,0.9957814368440682,0.030143381921826133,0.9933215209617693,1.0,0.0,MATCHED,MATCHED,[]
2025-09-01 11:55:56+00:00,1.17136,814,1517,2025-09-02 07:24:58+00:00,1.16738,815,-3.48,0.0,-0.07,LOSS,2025-09-01 11:45:00+00:00,,,,,,,,,,,,NO_COMPLETE_VECTOR_AT_BOUNDARY,SEGMENT_WARMUP,"[""h3_atr_change_4"", ""h3_slope_atr_8""]"
2025-09-03 03:44:35+00:00,1.16249,816,1524,2025-09-03 04:45:33+00:00,1.16299,817,0.43,0.0,0.0,WIN,2025-09-03 03:30:00+00:00,2025-09-03 03:30:00+00:00,36.0,S2,4.678515206299815e-06,7.601019369163933e-05,0.9999193112911027,0.9999193112911027,0.000859032229649618,0.999843301097411,19.0,18.0,MATCHED,MATCHED,[]
2025-09-03 07:20:20+00:00,1.16138,818,1526,2025-09-03 07:30:27+00:00,1.16189,819,0.44,0.0,0.0,WIN,2025-09-03 07:15:00+00:00,2025-09-03 07:15:00+00:00,36.0,S2,3.908845232465917e-06,0.27804965235556367,0.7219464387992033,0.7219464387992033,0.5911531506900852,0.4438967864436396,1.0,0.0,MATCHED,MATCHED,[]
2025-09-03 13:48:55+00:00,1.16398,820,1529,2025-09-03 13:54:37+00:00,1.16454,821,0.48,0.0,0.0,WIN,2025-09-03 13:45:00+00:00,2025-09-03 13:45:00+00:00,36.0,S1,2.722808820071116e-05,0.6607204000053466,0.3392523719064532,0.6607204000053466,0.6408404808352397,0.3214680280988934,2.0,1.0,MATCHED,MATCHED,[]
2025-09-03 23:34:20+00:00,1.16585,822,1533,2025-09-04 01:34:40+00:00,1.1664,823,0.26,0.0,-0.21,WIN,2025-09-03 23:30:00+00:00,2025-09-03 23:30:00+00:00,36.0,S1,8.056952843713174e-07,0.9409858765649627,0.05901331773975311,0.9409858765649627,0.2242560179183732,0.8819725588252095,4.0,3.0,MATCHED,MATCHED,[]
2025-09-04 07:19:50+00:00,1.16504,824,1536,2025-09-04 07:35:19+00:00,1.16555,825,0.44,0.0,0.0,WIN,2025-09-04 07:15:00+00:00,2025-09-04 07:15:00+00:00,36.0,S2,7.4015747669227684e-06,0.018677521738301603,0.9813150766869313,0.9813150766869313,0.09294135583739607,0.9626375549486297,3.0,2.0,MATCHED,MATCHED,[]
2025-09-04 12:38:57+00:00,1.16337,826,1538,2025-09-04 12:57:19+00:00,1.16387,827,0.43,0.0,0.0,WIN,2025-09-04 12:30:00+00:00,2025-09-04 12:30:00+00:00,36.0,S2,0.0008465021436421488,0.0018669910867095503,0.9972865067696495,0.9972865067696495,0.020429403851190735,0.99541951568294,6.0,5.0,MATCHED,MATCHED,[]
2025-09-04 13:08:09+00:00,1.16399,828,1540,2025-09-04 13:17:15+00:00,1.1645,829,0.44,0.0,0.0,WIN,2025-09-04 13:00:00+00:00,2025-09-04 13:00:00+00:00,36.0,S2,9.120470693615144e-05,0.042778377336208026,0.9571304179568564,0.9571304179568564,0.1776112593141834,0.9143520406206483,1.0,0.0,MATCHED,MATCHED,[]
2025-09-04 16:06:28+00:00,1.16443,830,1542,2025-09-04 19:07:25+00:00,1.16493,831,0.43,0.0,0.0,WIN,2025-09-04 16:00:00+00:00,2025-09-04 16:00:00+00:00,36.0,S1,3.529841007809132e-05,0.5131354191146309,0.4868292824752924,0.5131354191146309,0.6931738205498283,0.026306136639338507,1.0,0.0,MATCHED,MATCHED,[]
2025-09-05 07:05:37+00:00,1.16667,832,1547,2025-09-05 07:09:01+00:00,1.16717,833,0.43,0.0,0.0,WIN,2025-09-05 07:00:00+00:00,2025-09-05 07:00:00+00:00,36.0,S1,5.692230455950243e-06,0.6696309443801799,0.33036336338936323,0.6696309443801799,0.6345078169161125,0.33926758099081666,51.0,50.0,MATCHED,MATCHED,[]
2025-09-08 01:41:57+00:00,1.17086,834,1553,2025-09-08 01:56:43+00:00,1.17138,835,0.44,0.0,0.0,WIN,2025-09-08 01:30:00+00:00,,,,,,,,,,,,NO_COMPLETE_VECTOR_AT_BOUNDARY,SPECIFIC_FEATURE_INCOMPLETE,"[""h1_atr_change_4"", ""h3_er_8"", ""h3_atr_change_4"", ""h3_slope_atr_8""]"
2025-09-08 10:03:27+00:00,1.17204,836,1557,2025-09-08 10:20:31+00:00,1.17254,837,0.43,0.0,0.0,WIN,2025-09-08 10:00:00+00:00,,,,,,,,,,,,NO_COMPLETE_VECTOR_AT_BOUNDARY,SEGMENT_WARMUP,"[""h3_atr_change_4"", ""h3_slope_atr_8""]"
2025-09-09 07:20:00+00:00,1.1763,838,1565,2025-09-09 09:18:12+00:00,1.17681,839,0.43,0.0,0.0,WIN,2025-09-09 07:15:00+00:00,,,,,,,,,,,,NO_COMPLETE_VECTOR_AT_BOUNDARY,SEGMENT_WARMUP,"[""h3_atr_change_4""]"
2025-09-09 10:31:47+00:00,1.17621,840,1567,2025-09-09 15:03:49+00:00,1.17221,841,-3.41,0.0,0.0,LOSS,2025-09-09 10:30:00+00:00,2025-09-09 10:30:00+00:00,37.0,S1,7.873114394425264e-05,0.866166461959236,0.13375480689682034,0.866166461959236,0.3942740049068998,0.7324116550624156,3.0,2.0,MATCHED,MATCHED,[]
2025-09-09 18:01:19+00:00,1.17067,842,1569,2025-09-09 18:05:28+00:00,1.17118,843,0.44,0.0,0.0,WIN,2025-09-09 18:00:00+00:00,2025-09-09 18:00:00+00:00,37.0,S2,0.0012435821070220325,5.6830741561170385e-28,0.9987564178929785,0.9987564178929785,0.009562073463946516,0.9975128357859565,15.0,14.0,MATCHED,MATCHED,[]
2025-09-09 23:22:30+00:00,1.17032,844,1572,2025-09-10 03:01:51+00:00,1.17082,845,0.36,0.0,-0.07,WIN,2025-09-09 23:15:00+00:00,2025-09-09 23:15:00+00:00,37.0,S2,3.5219150447928886e-07,0.00023065336784301106,0.9997689944406517,0.9997689944406517,0.0021678405575184835,0.9995383410728087,36.0,35.0,MATCHED,MATCHED,[]
2025-09-10 07:01:26+00:00,1.16871,846,1575,2025-09-10 07:03:12+00:00,1.16922,847,0.44,0.0,0.0,WIN,2025-09-10 07:00:00+00:00,2025-09-10 07:00:00+00:00,37.0,S0,0.9999999999622844,1.6580164576805542e-31,3.7713957485803375e-11,0.9999999999622844,9.428879575095553e-10,0.9999999999245704,1.0,0.0,MATCHED,MATCHED,[]
2025-09-10 19:31:15+00:00,1.16946,848,1580,2025-09-10 19:55:05+00:00,1.17,849,0.46,0.0,0.0,WIN,2025-09-10 19:30:00+00:00,2025-09-10 19:30:00+00:00,37.0,S2,7.417740812311469e-06,1.0541460159167821e-10,0.9999925821537731,0.9999925821537731,9.503589498176533e-05,0.9999851644129607,9.0,8.0,MATCHED,MATCHED,[]
2025-09-11 05:55:11+00:00,1.16916,850,1584,2025-09-11 12:30:19+00:00,1.16973,851,0.49,0.0,0.0,WIN,2025-09-11 05:45:00+00:00,2025-09-11 05:45:00+00:00,37.0,S2,1.5151983760006325e-06,0.08381315505047177,0.916185329751152,0.916185329751152,0.28800672712080433,0.8323721747006803,3.0,2.0,MATCHED,MATCHED,[]
2025-09-11 23:57:59+00:00,1.17338,852,1589,2025-09-12 06:56:20+00:00,1.17389,853,0.36,0.0,-0.07,WIN,2025-09-11 23:45:00+00:00,2025-09-11 23:45:00+00:00,37.0,S1,1.2399002053457825e-06,0.990454083715429,0.009544676384365547,0.990454083715429,0.05391672733362671,0.9809094073310635,28.0,27.0,MATCHED,MATCHED,[]
2025-09-12 12:33:01+00:00,1.17042,854,1592,2025-09-12 12:49:13+00:00,1.17094,855,0.44,0.0,0.0,WIN,2025-09-12 12:30:00+00:00,2025-09-12 12:30:00+00:00,37.0,S2,2.646710833341761e-05,5.4296362407557e-06,0.9999681032554253,0.9999681032554253,0.00037667612357881417,0.9999416361470919,6.0,5.0,MATCHED,MATCHED,[]
2025-09-12 16:08:21+00:00,1.17104,856,1595,2025-09-12 16:17:31+00:00,1.17155,857,0.44,0.0,0.0,WIN,2025-09-12 16:00:00+00:00,2025-09-12 16:00:00+00:00,37.0,S2,4.5181635613368655e-06,0.29594565101133574,0.7040498308251033,0.7040498308251033,0.6074483612834387,0.40810417981376756,1.0,0.0,MATCHED,MATCHED,[]
2025-09-15 01:08:48+00:00,1.17246,858,1598,2025-09-15 03:26:04+00:00,1.17296,859,0.43,0.0,0.0,WIN,2025-09-15 01:00:00+00:00,,,,,,,,,,,,NO_COMPLETE_VECTOR_AT_BOUNDARY,SPECIFIC_FEATURE_INCOMPLETE,"[""h1_atr_change_4"", ""h3_er_8"", ""h3_atr_change_4"", ""h3_slope_atr_8""]"
2025-09-15 06:18:54+00:00,1.17222,860,1600,2025-09-15 07:00:52+00:00,1.17272,861,0.43,0.0,0.0,WIN,2025-09-15 06:15:00+00:00,,,,,,,,,,,,NO_COMPLETE_VECTOR_AT_BOUNDARY,SEGMENT_WARMUP,"[""h3_atr_change_4"", ""h3_slope_atr_8""]"
2025-09-15 16:11:55+00:00,1.17672,862,1604,2025-09-15 17:51:49+00:00,1.17723,863,0.43,0.0,0.0,WIN,2025-09-15 16:00:00+00:00,,,,,,,,,,,,NO_COMPLETE_VECTOR_AT_BOUNDARY,SEGMENT_WARMUP,"[""h3_atr_change_4"", ""h3_slope_atr_8""]"
2025-09-15 19:47:25+00:00,1.17672,864,1606,2025-09-16 02:06:12+00:00,1.17725,865,0.38,0.0,-0.07,WIN,2025-09-15 19:45:00+00:00,,,,,,,,,,,,NO_COMPLETE_VECTOR_AT_BOUNDARY,SEGMENT_WARMUP,"[""h3_atr_change_4"", ""h3_slope_atr_8""]"
2025-09-17 00:44:11+00:00,1.18598,866,1614,2025-09-17 18:00:01+00:00,1.18664,867,0.56,0.0,0.0,WIN,2025-09-17 00:30:00+00:00,2025-09-17 00:30:00+00:00,38.0,S1,6.422944747107162e-06,0.9999935694357547,7.619499101273369e-09,0.9999935694357547,8.33633471895287e-05,0.9999871464910076,63.0,,MATCHED,MATCHED,[]
2025-09-17 19:49:32+00:00,1.18235,868,1616,2025-09-18 06:07:21+00:00,1.17838,869,-3.58,0.0,-0.21,LOSS,2025-09-17 19:45:00+00:00,2025-09-17 19:45:00+00:00,38.0,S0,1.0,4.350108255891222e-25,1.3483007887555238e-29,1.0,2.4402579121536396e-23,1.0,7.0,6.0,MATCHED,MATCHED,[]
2025-09-18 13:42:35+00:00,1.17529,870,1620,2025-09-18 13:46:33+00:00,1.17582,871,0.45,0.0,0.0,WIN,2025-09-18 13:30:00+00:00,2025-09-18 13:30:00+00:00,38.0,S2,3.986849904265827e-05,2.4503751073129094e-23,0.9999601315009584,0.9999601315009584,0.0004437325713154314,0.9999202630019157,8.0,7.0,MATCHED,MATCHED,[]
2025-09-18 22:19:13+00:00,1.17852,872,1624,2025-09-18 23:55:02+00:00,1.17904,873,0.44,0.0,0.0,WIN,2025-09-18 22:15:00+00:00,2025-09-18 22:15:00+00:00,38.0,S1,1.3594839516716592e-06,0.94909604565925,0.05090259485679758,0.94909604565925,0.20118400463887154,0.8981934508024524,2.0,1.0,MATCHED,MATCHED,[]
2025-09-19 01:01:11+00:00,1.17859,874,1626,2025-09-19 03:28:30+00:00,1.17909,875,0.42,0.0,0.0,WIN,2025-09-19 01:00:00+00:00,2025-09-19 01:00:00+00:00,38.0,S1,7.888070113086425e-05,0.9230887104559109,0.07683240884295864,0.9230887104559109,0.2717818159299241,0.8462563016129523,1.0,0.0,MATCHED,MATCHED,[]
2025-09-19 04:31:51+00:00,1.17769,876,1628,2025-09-19 11:57:17+00:00,1.1737,877,-3.4,0.0,0.0,LOSS,2025-09-19 04:30:00+00:00,2025-09-19 04:30:00+00:00,38.0,S2,5.613658005414783e-06,0.186817154167726,0.8131772321742693,0.8131772321742693,0.4816470748317372,0.6263600780065433,1.0,0.0,MATCHED,MATCHED,[]
2025-09-19 20:14:00+00:00,1.17444,878,1632,2025-09-22 07:25:22+00:00,1.17496,879,0.37,0.0,-0.07,WIN,2025-09-19 20:00:00+00:00,2025-09-19 20:00:00+00:00,38.0,S2,8.661867092046638e-07,0.3009443888490634,0.6990547449642283,0.6990547449642283,0.6116750057891918,0.3981103561151649,1.0,0.0,MATCHED,MATCHED,[]
2025-09-22 14:11:26+00:00,1.17678,880,1635,2025-09-22 14:54:14+00:00,1.1773,881,0.44,0.0,0.0,WIN,2025-09-22 14:00:00+00:00,,,,,,,,,,,,NO_COMPLETE_VECTOR_AT_BOUNDARY,SEGMENT_WARMUP,"[""h3_atr_change_4"", ""h3_slope_atr_8""]"
2025-09-23 04:03:34+00:00,1.18047,882,1641,2025-09-23 09:21:36+00:00,1.18098,883,0.43,0.0,0.0,WIN,2025-09-23 04:00:00+00:00,,,,,,,,,,,,NO_COMPLETE_VECTOR_AT_BOUNDARY,SEGMENT_WARMUP,"[""h3_atr_change_4""]"
2025-09-23 12:23:38+00:00,1.17873,884,1643,2025-09-23 12:36:01+00:00,1.17923,885,0.42,0.0,0.0,WIN,2025-09-23 12:15:00+00:00,2025-09-23 12:15:00+00:00,39.0,S2,4.674287230893502e-06,0.10941219502205841,0.8905831306907105,0.8905831306907105,0.3453461237051561,0.781170935668652,2.0,1.0,MATCHED,MATCHED,[]
2025-09-23 13:48:07+00:00,1.17911,886,1645,2025-09-23 13:56:42+00:00,1.17961,887,0.42,0.0,0.0,WIN,2025-09-23 13:45:00+00:00,2025-09-23 13:45:00+00:00,39.0,S2,1.1511911160537278e-06,0.24275082711942766,0.7572480216894563,0.7572480216894563,0.5542466342991261,0.5144971945700286,2.0,1.0,MATCHED,MATCHED,[]
2025-09-23 16:36:09+00:00,1.17954,888,1647,2025-09-23 16:38:12+00:00,1.18006,889,0.44,0.0,0.0,WIN,2025-09-23 16:30:00+00:00,2025-09-23 16:30:00+00:00,39.0,S1,1.3328306185219782e-05,0.9999807146679693,5.95702584505575e-06,0.9999807146679693,0.00024057226908498776,0.9999673863617842,3.0,2.0,MATCHED,MATCHED,[]
2025-09-24 00:27:29+00:00,1.18074,890,1650,2025-09-24 08:48:25+00:00,1.17674,891,-3.4,0.0,0.0,LOSS,2025-09-24 00:15:00+00:00,2025-09-24 00:15:00+00:00,39.0,S2,0.06867916280000563,8.007498391225839e-08,0.931320757125012,0.931320757125012,0.25021025608544056,0.8626415943250064,1.0,0.0,MATCHED,MATCHED,[]
2025-09-24 11:10:35+00:00,1.17475,892,1652,2025-09-24 11:15:29+00:00,1.17528,893,0.45,0.0,0.0,WIN,2025-09-24 11:00:00+00:00,2025-09-24 11:00:00+00:00,39.0,S2,2.0042815547911537e-05,1.6269668978832149e-34,0.9999799571844524,0.9999799571844524,0.00023685857376821474,0.9999599143689045,44.0,43.0,MATCHED,MATCHED,[]
2025-09-24 16:02:08+00:00,1.17405,894,1655,2025-09-24 23:48:52+00:00,1.17455,895,0.43,0.0,0.0,WIN,2025-09-24 16:00:00+00:00,2025-09-24 16:00:00+00:00,39.0,S2,1.289826818283741e-07,8.073608443982757e-10,0.9999998702099577,0.9999998702099577,2.1928220338159187e-06,0.9999997412272759,64.0,63.0,MATCHED,MATCHED,[]
2025-09-25 05:34:36+00:00,1.17422,896,1658,2025-09-25 06:16:35+00:00,1.17472,897,0.43,0.0,0.0,WIN,2025-09-25 05:30:00+00:00,2025-09-25 05:30:00+00:00,39.0,S2,4.201032586326871e-05,0.09548559039201263,0.9044723992821231,0.9044723992821231,0.31551018630611816,0.8089868088901104,2.0,1.0,MATCHED,MATCHED,[]
2025-09-25 07:46:12+00:00,1.17389,898,1660,2025-09-25 08:55:52+00:00,1.17442,899,0.45,0.0,0.0,WIN,2025-09-25 07:45:00+00:00,2025-09-25 07:45:00+00:00,39.0,S2,1.5361048169596906e-05,3.2008634167339794e-06,0.9999814380884133,0.9999814380884133,0.0002293162259038554,0.9999660770402438,4.0,3.0,MATCHED,MATCHED,[]
2025-09-25 11:01:47+00:00,1.17438,900,1662,2025-09-25 12:36:31+00:00,1.17039,901,-3.41,0.0,0.0,LOSS,2025-09-25 11:00:00+00:00,2025-09-25 11:00:00+00:00,39.0,S1,3.1235290896462745e-06,0.8826204298743425,0.11737644659656803,0.8826204298743425,0.3617072758722917,0.7652439832777745,5.0,4.0,MATCHED,MATCHED,[]
2025-09-25 18:11:56+00:00,1.16464,902,1665,2025-09-25 18:19:41+00:00,1.16515,903,0.44,0.0,0.0,WIN,2025-09-25 18:00:00+00:00,2025-09-25 18:00:00+00:00,39.0,S2,2.16738936900859e-06,6.09541224021509e-32,0.9999978326106302,0.9999978326106302,3.043445136488251e-05,0.9999956652212613,21.0,20.0,MATCHED,MATCHED,[]
2025-09-26 07:00:38+00:00,1.16764,904,1671,2025-09-26 07:01:28+00:00,1.16821,905,0.49,0.0,0.0,WIN,2025-09-26 07:00:00+00:00,2025-09-26 07:00:00+00:00,39.0,S2,7.446466906991382e-06,0.23014459945342172,0.7698479540796715,0.7698479540796715,0.5395444285774431,0.5397033546262499,3.0,2.0,MATCHED,MATCHED,[]
2025-09-26 10:00:21+00:00,1.16775,906,1673,2025-09-26 12:31:18+00:00,1.16828,907,0.45,0.0,0.0,WIN,2025-09-26 10:00:00+00:00,2025-09-26 10:00:00+00:00,39.0,S2,1.1433970863298263e-06,0.26326903231670884,0.7367298242862054,0.7367298242862054,0.5764649627667379,0.47346079196949653,1.0,0.0,MATCHED,MATCHED,[]
2025-09-29 08:22:29+00:00,1.17139,908,1680,2025-09-29 08:38:02+00:00,1.17191,909,0.44,0.0,0.0,WIN,2025-09-29 08:15:00+00:00,,,,,,,,,,,,NO_COMPLETE_VECTOR_AT_BOUNDARY,SEGMENT_WARMUP,"[""h3_atr_change_4"", ""h3_slope_atr_8""]"
2025-09-29 11:11:30+00:00,1.17156,910,1682,2025-09-29 11:55:56+00:00,1.17207,911,0.44,0.0,0.0,WIN,2025-09-29 11:00:00+00:00,,,,,,,,,,,,NO_COMPLETE_VECTOR_AT_BOUNDARY,SEGMENT_WARMUP,"[""h3_atr_change_4"", ""h3_slope_atr_8""]"
2025-09-29 19:07:03+00:00,1.17272,912,1686,2025-09-29 23:49:31+00:00,1.17322,913,0.43,0.0,0.0,WIN,2025-09-29 19:00:00+00:00,,,,,,,,,,,,NO_COMPLETE_VECTOR_AT_BOUNDARY,SEGMENT_WARMUP,"[""h3_atr_change_4"", ""h3_slope_atr_8""]"
2025-09-30 01:58:45+00:00,1.17153,914,1688,2025-09-30 02:15:23+00:00,1.17204,915,0.44,0.0,0.0,WIN,2025-09-30 01:45:00+00:00,,,,,,,,,,,,NO_COMPLETE_VECTOR_AT_BOUNDARY,SEGMENT_WARMUP,"[""h3_atr_change_4""]"
2025-09-30 13:07:59+00:00,1.17258,916,1693,2025-09-30 13:38:12+00:00,1.1731,917,0.44,0.0,0.0,WIN,2025-09-30 13:00:00+00:00,2025-09-30 13:00:00+00:00,40.0,S2,8.565490845232837e-06,5.9356161955258055e-05,0.9999320783471994,0.9999320783471994,0.0007455109901149156,0.9998727221852441,2.0,1.0,MATCHED,MATCHED,[]
2025-10-01 00:03:30+00:00,1.17315,918,1697,2025-10-01 00:20:34+00:00,1.17368,919,0.45,0.0,0.0,WIN,2025-10-01 00:00:00+00:00,2025-10-01 00:00:00+00:00,40.0,S1,1.6358827439246008e-05,0.7728959545831889,0.22708768658937306,0.7728959545831889,0.5359257746926256,0.5458082679938159,1.0,0.0,MATCHED,MATCHED,[]
2025-10-01 01:02:59+00:00,1.17354,920,1699,2025-10-01 01:44:39+00:00,1.17404,921,0.43,0.0,0.0,WIN,2025-10-01 01:00:00+00:00,2025-10-01 01:00:00+00:00,40.0,S2,1.078421641232352e-06,0.0334476038452692,0.9665513177330901,0.9665513177330901,0.14654518548951356,0.9331037138878209,1.0,0.0,MATCHED,MATCHED,[]
2025-10-02 00:15:03+00:00,1.17259,922,1707,2025-10-02 00:57:42+00:00,1.17309,923,0.43,0.0,0.0,WIN,2025-10-02 00:15:00+00:00,2025-10-02 00:15:00+00:00,40.0,S2,0.0002288362524352351,1.2310860953210158e-06,0.9997699326614686,0.9997699326614686,0.002165013785621204,0.9995410964090334,1.0,0.0,MATCHED,MATCHED,[]
2025-10-02 01:01:21+00:00,1.17286,924,1709,2025-10-02 01:23:20+00:00,1.17336,925,0.43,0.0,0.0,WIN,2025-10-02 01:00:00+00:00,2025-10-02 01:00:00+00:00,40.0,S2,1.4936835489209086e-06,0.19264050842339295,0.8073579978930581,0.8073579978930581,0.4900503671959062,0.6147174894696651,4.0,3.0,MATCHED,MATCHED,[]
2025-10-02 13:51:40+00:00,1.17202,926,1714,2025-10-02 19:06:56+00:00,1.17252,927,0.43,0.0,0.0,WIN,2025-10-02 13:45:00+00:00,2025-10-02 13:45:00+00:00,40.0,S2,0.010157390801068733,7.549921414437603e-14,0.9898426091988555,0.9898426091988555,0.05672351929395113,0.9796852183977868,5.0,4.0,MATCHED,MATCHED,[]
2025-10-03 04:34:50+00:00,1.17226,928,1718,2025-10-03 06:32:33+00:00,1.17276,929,0.43,0.0,0.0,WIN,2025-10-03 04:30:00+00:00,2025-10-03 04:30:00+00:00,40.0,S1,2.7093572295323077e-06,0.7371374385459648,0.26285985209680507,0.7371374385459648,0.5760636419248606,0.47427758644915974,5.0,4.0,MATCHED,MATCHED,[]
2025-10-03 13:08:23+00:00,1.17349,930,1722,2025-10-03 13:17:35+00:00,1.17399,931,0.43,0.0,0.0,WIN,2025-10-03 13:00:00+00:00,2025-10-03 13:00:00+00:00,40.0,S1,4.0788146325773634e-06,0.9993228913081441,0.0006730298772232305,0.9993228913081441,0.005643118621849557,0.9986498614309208,1.0,0.0,MATCHED,MATCHED,[]
2025-10-03 17:53:24+00:00,1.1733,932,1724,2025-10-03 18:45:25+00:00,1.17382,933,0.44,0.0,0.0,WIN,2025-10-03 17:45:00+00:00,2025-10-03 17:45:00+00:00,40.0,S2,1.2518927899242308e-05,0.18481791280003199,0.815169568272069,0.815169568272069,0.47877230198337956,0.630351655472037,4.0,3.0,MATCHED,MATCHED,[]
2025-10-06 00:01:00+00:00,1.1714,934,1726,2025-10-06 06:49:32+00:00,1.16926,935,-1.83,0.0,0.0,LOSS,2025-10-06 00:00:00+00:00,,,,,,,,,,,,NO_COMPLETE_VECTOR_AT_BOUNDARY,SPECIFIC_FEATURE_INCOMPLETE,"[""h1_atr_change_4"", ""h3_er_8"", ""h3_atr_change_4"", ""h3_slope_atr_8""]"
2025-10-06 07:57:09+00:00,1.16629,936,1728,2025-10-06 07:57:54+00:00,1.16679,937,0.43,0.0,0.0,WIN,2025-10-06 07:45:00+00:00,,,,,,,,,,,,NO_COMPLETE_VECTOR_AT_BOUNDARY,SEGMENT_WARMUP,"[""h3_atr_change_4"", ""h3_slope_atr_8""]"
2025-10-07 01:00:08+00:00,1.17082,938,1735,2025-10-07 08:47:22+00:00,1.1668,939,-3.45,0.0,0.0,LOSS,2025-10-07 01:00:00+00:00,,,,,,,,,,,,NO_COMPLETE_VECTOR_AT_BOUNDARY,SEGMENT_WARMUP,"[""h3_atr_change_4""]"
2025-10-07 13:00:20+00:00,1.16657,940,1738,2025-10-07 15:11:22+00:00,1.16708,941,0.44,0.0,0.0,WIN,2025-10-07 13:00:00+00:00,2025-10-07 13:00:00+00:00,41.0,S2,3.388783021698666e-06,0.0033210823189426027,0.9966755288980353,0.9966755288980353,0.022316580371971866,0.9933544465790928,17.0,,MATCHED,MATCHED,[]
2025-10-07 18:36:01+00:00,1.16608,942,1740,2025-10-08 02:16:57+00:00,1.16207,943,-3.52,0.0,-0.07,LOSS,2025-10-07 18:30:00+00:00,2025-10-07 18:30:00+00:00,41.0,S2,1.8242153861588855e-06,0.025166575016374437,0.9748316007682397,0.9748316007682397,0.1175424225890441,0.9496650257518653,3.0,2.0,MATCHED,MATCHED,[]
2025-10-08 09:50:09+00:00,1.1609,944,1743,2025-10-08 10:03:41+00:00,1.1614,945,0.43,0.0,0.0,WIN,2025-10-08 09:45:00+00:00,,,,,,,,,,,,NO_COMPLETE_VECTOR_AT_BOUNDARY,NO_FEATURE_ROW_AT_BOUNDARY,
2025-10-09 06:14:09+00:00,1.16283,946,1750,2025-10-09 06:18:02+00:00,1.16335,947,0.45,0.0,0.0,WIN,2025-10-09 06:00:00+00:00,,,,,,,,,,,,NO_COMPLETE_VECTOR_AT_BOUNDARY,SEGMENT_WARMUP,"[""h1_er_8"", ""h1_atr_change_4"", ""h1_slope_atr_8"", ""h3_er_8"", ""h3_atr_change_4"", ""h3_slope_atr_8""]"
2025-10-09 12:24:24+00:00,1.16056,948,1753,2025-10-09 12:27:02+00:00,1.16107,949,0.44,0.0,0.0,WIN,2025-10-09 12:15:00+00:00,,,,,,,,,,,,NO_COMPLETE_VECTOR_AT_BOUNDARY,SEGMENT_WARMUP,"[""h1_atr_change_4"", ""h1_slope_atr_8"", ""h3_er_8"", ""h3_atr_change_4"", ""h3_slope_atr_8""]"
2025-10-09 13:40:47+00:00,1.16042,950,1755,2025-10-09 15:08:00+00:00,1.15642,951,-3.46,0.0,0.0,LOSS,2025-10-09 13:30:00+00:00,,,,,,,,,,,,NO_COMPLETE_VECTOR_AT_BOUNDARY,SEGMENT_WARMUP,"[""h1_atr_change_4"", ""h1_slope_atr_8"", ""h3_er_8"", ""h3_atr_change_4"", ""h3_slope_atr_8""]"
2025-10-10 06:50:58+00:00,1.15618,952,1761,2025-10-10 06:52:46+00:00,1.15671,953,0.46,0.0,0.0,WIN,2025-10-10 06:45:00+00:00,,,,,,,,,,,,NO_COMPLETE_VECTOR_AT_BOUNDARY,SEGMENT_WARMUP,"[""h3_atr_change_4"", ""h3_slope_atr_8""]"
2025-10-10 07:00:42+00:00,1.15673,954,1763,2025-10-10 07:04:17+00:00,1.1573,955,0.49,0.0,0.0,WIN,2025-10-10 07:00:00+00:00,,,,,,,,,,,,NO_COMPLETE_VECTOR_AT_BOUNDARY,SEGMENT_WARMUP,"[""h3_atr_change_4"", ""h3_slope_atr_8""]"
2025-10-10 11:31:15+00:00,1.15659,956,1765,2025-10-10 12:13:51+00:00,1.15709,957,0.43,0.0,0.0,WIN,2025-10-10 11:30:00+00:00,,,,,,,,,,,,NO_COMPLETE_VECTOR_AT_BOUNDARY,SEGMENT_WARMUP,"[""h3_atr_change_4"", ""h3_slope_atr_8""]"
2025-10-10 13:01:37+00:00,1.15693,958,1767,2025-10-10 14:06:39+00:00,1.15745,959,0.45,0.0,0.0,WIN,2025-10-10 13:00:00+00:00,,,,,,,,,,,,NO_COMPLETE_VECTOR_AT_BOUNDARY,SEGMENT_WARMUP,"[""h3_atr_change_4"", ""h3_slope_atr_8""]"
2025-10-10 19:00:43+00:00,1.16045,960,1770,2025-10-10 19:15:35+00:00,1.16096,961,0.44,0.0,0.0,WIN,2025-10-10 19:00:00+00:00,,,,,,,,,,,,NO_COMPLETE_VECTOR_AT_BOUNDARY,SEGMENT_WARMUP,"[""h3_atr_change_4"", ""h3_slope_atr_8""]"
2025-10-13 06:57:52+00:00,1.16113,962,1773,2025-10-13 11:55:01+00:00,1.15712,963,-3.47,0.0,0.0,LOSS,2025-10-13 06:45:00+00:00,,,,,,,,,,,,NO_COMPLETE_VECTOR_AT_BOUNDARY,SEGMENT_WARMUP,"[""h3_atr_change_4"", ""h3_slope_atr_8""]"
2025-10-13 23:05:28+00:00,1.15655,964,1778,2025-10-14 01:24:47+00:00,1.15705,965,0.36,0.0,-0.07,WIN,2025-10-13 23:00:00+00:00,,,,,,,,,,,,NO_COMPLETE_VECTOR_AT_BOUNDARY,SEGMENT_WARMUP,"[""h3_atr_change_4""]"
2025-10-14 07:28:38+00:00,1.15607,966,1781,2025-10-14 13:14:29+00:00,1.15665,967,0.5,0.0,0.0,WIN,2025-10-14 07:15:00+00:00,,,,,,,,,,,,NO_COMPLETE_VECTOR_AT_BOUNDARY,SEGMENT_WARMUP,"[""h3_atr_change_4""]"
2025-10-14 20:10:40+00:00,1.16024,968,1784,2025-10-14 20:58:06+00:00,1.16075,969,0.44,0.0,0.0,WIN,2025-10-14 20:00:00+00:00,2025-10-14 20:00:00+00:00,43.0,S1,1.1328715593374866e-06,0.9999988641991584,2.9292823512887966e-09,0.9999988641991584,1.6703223129214672e-05,0.9999977313275991,26.0,25.0,MATCHED,MATCHED,[]
2025-10-14 23:03:13+00:00,1.16024,970,1786,2025-10-15 00:20:14+00:00,1.16075,971,0.37,0.0,-0.07,WIN,2025-10-14 23:00:00+00:00,2025-10-14 23:00:00+00:00,43.0,S2,4.411421515591087e-06,0.3927896398868668,0.6072059486916181,0.6072059486916181,0.6700361942701122,0.21441630880475132,1.0,0.0,MATCHED,MATCHED,[]
2025-10-15 10:00:11+00:00,1.16336,972,1791,2025-10-15 15:40:56+00:00,1.1639,973,0.46,0.0,0.0,WIN,2025-10-15 10:00:00+00:00,2025-10-15 10:00:00+00:00,43.0,S1,2.3483146245916827e-06,0.9999951289011597,2.522784216120198e-06,0.9999951289011597,6.782856167753489e-05,0.9999926061169436,34.0,33.0,MATCHED,MATCHED,[]
2025-10-16 04:00:24+00:00,1.1661,974,1797,2025-10-16 06:14:19+00:00,1.1666,975,0.43,0.0,0.0,WIN,2025-10-16 04:00:00+00:00,2025-10-16 04:00:00+00:00,43.0,S1,8.036085756007074e-05,0.9999196188112539,2.033118605874232e-08,0.9999196188112539,0.0008384592336138859,0.9998392579536939,39.0,38.0,MATCHED,MATCHED,[]
2025-10-16 07:26:30+00:00,1.16455,976,1799,2025-10-16 07:42:17+00:00,1.16507,977,0.45,0.0,0.0,WIN,2025-10-16 07:15:00+00:00,2025-10-16 07:15:00+00:00,43.0,S2,4.7615207991869175e-05,8.414719507340725e-08,0.999952300644813,0.999952300644813,0.0005229526470642958,0.9999046854368211,3.0,2.0,MATCHED,MATCHED,[]
2025-10-16 11:17:20+00:00,1.16494,978,1801,2025-10-16 11:46:35+00:00,1.16545,979,0.44,0.0,0.0,WIN,2025-10-16 11:15:00+00:00,2025-10-16 11:15:00+00:00,43.0,S1,2.165224596016317e-06,0.783986406217379,0.2160114285580255,0.783986406217379,0.5218430827718428,0.5679749776593536,7.0,6.0,MATCHED,MATCHED,[]
2025-10-16 13:04:25+00:00,1.16563,980,1803,2025-10-16 13:45:11+00:00,1.16614,981,0.44,0.0,0.0,WIN,2025-10-16 13:00:00+00:00,2025-10-16 13:00:00+00:00,43.0,S1,9.783375709335663e-06,0.9989223068795724,0.0010679097447186484,0.9989223068795724,0.008496655795491175,0.9978543971348538,1.0,0.0,MATCHED,MATCHED,[]
2025-10-17 07:03:23+00:00,1.17077,982,1810,2025-10-17 07:16:10+00:00,1.17127,983,0.43,0.0,0.0,WIN,2025-10-17 07:00:00+00:00,2025-10-17 07:00:00+00:00,43.0,S1,0.0001534220028241396,0.9560539160638205,0.043792661933356,0.9560539160638205,0.18130949428729262,0.9122612541304645,73.0,72.0,MATCHED,MATCHED,[]
2025-10-17 10:27:10+00:00,1.16919,984,1812,2025-10-17 10:44:52+00:00,1.16971,985,0.44,0.0,0.0,WIN,2025-10-17 10:15:00+00:00,2025-10-17 10:15:00+00:00,43.0,S2,4.266912192250329e-06,6.895444447642323e-08,0.999995664133363,0.999995664133363,5.823165199426564e-05,0.9999913972211708,7.0,6.0,MATCHED,MATCHED,[]
2025-10-17 16:00:55+00:00,1.16703,986,1815,2025-10-17 16:13:01+00:00,1.16755,987,0.45,0.0,0.0,WIN,2025-10-17 16:00:00+00:00,2025-10-17 16:00:00+00:00,43.0,S2,1.1982243884196163e-06,1.774661387431335e-05,0.9999810551617375,0.9999810551617375,0.00022941786670495237,0.9999633085478632,30.0,29.0,MATCHED,MATCHED,[]
2025-10-17 20:12:27+00:00,1.16624,988,1817,2025-10-17 20:13:16+00:00,1.16685,989,0.52,0.0,0.0,WIN,2025-10-17 20:00:00+00:00,2025-10-17 20:00:00+00:00,43.0,S2,1.1829253530494471e-06,0.26838948155870296,0.7316093355159433,0.7316093355159433,0.5816673512730955,0.46321985395724036,46.0,45.0,MATCHED,MATCHED,[]
2025-10-20 06:11:19+00:00,1.16649,990,1820,2025-10-21 05:55:55+00:00,1.16248,991,-3.52,0.0,-0.07,LOSS,2025-10-20 06:00:00+00:00,,,,,,,,,,,,NO_COMPLETE_VECTOR_AT_BOUNDARY,SEGMENT_WARMUP,"[""h3_atr_change_4"", ""h3_slope_atr_8""]"
2025-10-21 07:07:52+00:00,1.16287,992,1822,2025-10-22 10:21:50+00:00,1.15889,993,-3.5,0.0,-0.07,LOSS,2025-10-21 07:00:00+00:00,,,,,,,,,,,,NO_COMPLETE_VECTOR_AT_BOUNDARY,SEGMENT_WARMUP,"[""h3_atr_change_4""]"
2025-10-22 19:02:35+00:00,1.16065,994,1826,2025-10-22 21:39:38+00:00,1.16117,995,0.45,0.0,0.0,WIN,2025-10-22 19:00:00+00:00,2025-10-22 19:00:00+00:00,44.0,S1,1.9502863325786942e-05,0.9996815062564421,0.0002989908802321785,0.9996815062564421,0.002956290722838568,0.9993825153762099,19.0,18.0,MATCHED,MATCHED,[]
2025-10-23 00:01:42+00:00,1.16064,996,1828,2025-10-23 14:05:33+00:00,1.16116,997,0.45,0.0,0.0,WIN,2025-10-23 00:00:00+00:00,2025-10-23 00:00:00+00:00,44.0,S2,6.473383749147823e-06,0.17388753734393692,0.8261059892723132,0.8261059892723132,0.46207974451012657,0.6522184519283762,4.0,3.0,MATCHED,MATCHED,[]
2025-10-23 23:33:00+00:00,1.16154,998,1832,2025-10-24 00:03:16+00:00,1.16208,999,0.39,0.0,-0.07,WIN,2025-10-23 23:30:00+00:00,2025-10-23 23:30:00+00:00,44.0,S2,3.4090173171118743e-06,0.0789488409609945,0.9210477500216891,0.9210477500216891,0.27624058510200744,0.8420989090606946,2.0,1.0,MATCHED,MATCHED,[]
2025-10-24 01:10:16+00:00,1.16148,1000,1834,2025-10-24 07:31:14+00:00,1.16199,1001,0.44,0.0,0.0,WIN,2025-10-24 01:00:00+00:00,2025-10-24 01:00:00+00:00,44.0,S1,1.239147057746942e-06,0.8690258713095017,0.13097288954344063,0.8690258713095017,0.3882498725630582,0.738052981766061,4.0,3.0,MATCHED,MATCHED,[]
2025-10-24 11:02:36+00:00,1.16099,1002,1836,2025-10-24 11:20:52+00:00,1.16153,1003,0.46,0.0,0.0,WIN,2025-10-24 11:00:00+00:00,2025-10-24 11:00:00+00:00,44.0,S1,1.689662296578625e-05,0.6457055794664781,0.3542775239105556,0.6457055794664781,0.6502496281248985,0.2914280555559225,4.0,3.0,MATCHED,MATCHED,[]
2025-10-24 20:41:35+00:00,1.16243,1004,1840,2025-10-24 20:50:56+00:00,1.16293,1005,0.43,0.0,0.0,WIN,2025-10-24 20:30:00+00:00,2025-10-24 20:30:00+00:00,44.0,S1,3.3407278347958717e-06,0.9996755640425178,0.0003210952296476956,0.9996755640425178,0.0029493247136685155,0.99935446881287,15.0,14.0,MATCHED,MATCHED,[]
2025-10-27 07:06:43+00:00,1.16247,1006,1844,2025-10-27 08:37:58+00:00,1.16305,1007,0.5,0.0,0.0,WIN,2025-10-27 07:00:00+00:00,,,,,,,,,,,,NO_COMPLETE_VECTOR_AT_BOUNDARY,SEGMENT_WARMUP,"[""h3_atr_change_4"", ""h3_slope_atr_8""]"
2025-10-27 13:41:15+00:00,1.16339,1008,1847,2025-10-27 14:11:33+00:00,1.16389,1009,0.43,0.0,0.0,WIN,2025-10-27 13:30:00+00:00,,,,,,,,,,,,NO_COMPLETE_VECTOR_AT_BOUNDARY,SEGMENT_WARMUP,"[""h3_atr_change_4"", ""h3_slope_atr_8""]"
2025-10-28 08:11:05+00:00,1.16507,1010,1854,2025-10-28 08:15:33+00:00,1.16561,1011,0.46,0.0,0.0,WIN,2025-10-28 08:00:00+00:00,,,,,,,,,,,,NO_COMPLETE_VECTOR_AT_BOUNDARY,SEGMENT_WARMUP,"[""h3_atr_change_4""]"
2025-10-28 12:09:30+00:00,1.16542,1012,1856,2025-10-28 14:39:16+00:00,1.16592,1013,0.43,0.0,0.0,WIN,2025-10-28 12:00:00+00:00,2025-10-28 12:00:00+00:00,45.0,S1,3.2329212524523423e-06,0.9031608371875772,0.0968359298911707,0.9031608371875772,0.3181184269111805,0.8063249072964065,8.0,7.0,MATCHED,MATCHED,[]
2025-10-28 19:55:30+00:00,1.16555,1014,1859,2025-10-29 00:05:02+00:00,1.16605,1015,0.36,0.0,-0.07,WIN,2025-10-28 19:45:00+00:00,2025-10-28 19:45:00+00:00,45.0,S1,6.044384861835868e-06,0.8203981553907607,0.17959580022437732,0.8203981553907607,0.4708575051826217,0.6408023551663833,22.0,21.0,MATCHED,MATCHED,[]
2025-10-29 01:26:46+00:00,1.16499,1016,1861,2025-10-29 15:37:29+00:00,1.1655,1017,0.44,0.0,0.0,WIN,2025-10-29 01:15:00+00:00,2025-10-29 01:15:00+00:00,45.0,S2,1.6122974608384498e-05,0.08200734904377334,0.9179765279816178,0.9179765279816178,0.28383751177139943,0.8359691789378444,2.0,1.0,MATCHED,MATCHED,[]
2025-10-29 18:38:53+00:00,1.16042,1018,1863,2025-10-30 00:20:41+00:00,1.16094,1019,0.24,0.0,-0.21,WIN,2025-10-29 18:30:00+00:00,2025-10-29 18:30:00+00:00,45.0,S2,1.2116429617485457e-05,0.03932689330191286,0.9606609902684694,0.9606609902684694,0.16594784674975055,0.9213340969665565,2.0,1.0,MATCHED,MATCHED,[]
2025-10-30 07:45:09+00:00,1.16116,1020,1867,2025-10-30 07:57:27+00:00,1.16166,1021,0.43,0.0,0.0,WIN,2025-10-30 07:45:00+00:00,2025-10-30 07:45:00+00:00,45.0,S2,4.1166102868959206e-05,0.25470813453187674,0.7452506993652531,0.7452506993652531,0.5678934469948738,0.4905425648333764,3.0,2.0,MATCHED,MATCHED,[]
2025-10-30 10:29:37+00:00,1.16131,1022,1869,2025-10-30 12:35:11+00:00,1.15728,1023,-3.48,0.0,0.0,LOSS,2025-10-30 10:15:00+00:00,2025-10-30 10:15:00+00:00,45.0,S1,2.1677238338628873e-06,0.7586179060018096,0.24137992627435673,0.7586179060018096,0.5526951677840528,0.5172379797274529,1.0,0.0,MATCHED,MATCHED,[]
2025-10-30 22:00:24+00:00,1.15674,1024,1874,2025-10-30 23:52:52+00:00,1.15724,1025,0.43,0.0,0.0,WIN,2025-10-30 22:00:00+00:00,2025-10-30 22:00:00+00:00,45.0,S2,1.603436975530512e-06,0.29593831331945264,0.7040600832435722,0.7040600832435722,0.6074058981750651,0.4081217699241195,2.0,1.0,MATCHED,MATCHED,[]
2025-10-31 13:41:16+00:00,1.15359,1026,1880,2025-10-31 13:58:13+00:00,1.15411,1027,0.45,0.0,0.0,WIN,2025-10-31 13:30:00+00:00,2025-10-31 13:30:00+00:00,45.0,S2,3.089387466037432e-06,2.5913516176149363e-11,0.9999969105866199,0.9999969105866199,4.22867602825198e-05,0.9999938211991538,6.0,5.0,MATCHED,MATCHED,[]
2025-10-31 17:02:04+00:00,1.15263,1028,1882,2025-10-31 19:43:39+00:00,1.15314,1029,0.44,0.0,0.0,WIN,2025-10-31 17:00:00+00:00,2025-10-31 17:00:00+00:00,45.0,S2,1.1393232297994758e-05,3.62640112532776e-13,0.9999886067673394,0.9999886067673394,0.00014107654265893953,0.9999772135350413,20.0,19.0,MATCHED,MATCHED,[]
2025-11-03 08:11:08+00:00,1.15277,1030,1886,2025-11-03 17:15:25+00:00,1.15329,1031,0.45,0.0,0.0,WIN,2025-11-03 08:00:00+00:00,,,,,,,,,,,,NO_COMPLETE_VECTOR_AT_BOUNDARY,SEGMENT_WARMUP,"[""h3_atr_change_4"", ""h3_slope_atr_8""]"
2025-11-04 00:01:00+00:00,1.15159,1032,1889,2025-11-04 06:22:59+00:00,1.15235,1033,0.66,0.0,0.0,WIN,2025-11-04 00:00:00+00:00,,,,,,,,,,,,NO_COMPLETE_VECTOR_AT_BOUNDARY,SEGMENT_WARMUP,"[""h3_atr_change_4""]"
2025-11-04 12:31:16+00:00,1.14806,1034,1892,2025-11-04 12:51:34+00:00,1.14857,1035,0.44,0.0,0.0,WIN,2025-11-04 12:30:00+00:00,2025-11-04 12:30:00+00:00,46.0,S2,5.775910059066439e-05,1.6438365876164153e-26,0.9999422408994091,0.9999422408994091,0.0006214417586768563,0.9998844817988184,15.0,,MATCHED,MATCHED,[]
2025-11-04 14:23:12+00:00,1.14805,1036,1894,2025-11-04 15:34:57+00:00,1.14855,1037,0.44,0.0,0.0,WIN,2025-11-04 14:15:00+00:00,2025-11-04 14:15:00+00:00,46.0,S2,0.0009299589154204059,2.8961631816422237e-15,0.9990700410845775,0.9990700410845775,0.007420983823327024,0.9981400821691572,22.0,,MATCHED,MATCHED,[]
2025-11-04 17:07:16+00:00,1.14868,1038,1896,2025-11-05 01:36:26+00:00,1.14919,1039,0.37,0.0,-0.07,WIN,2025-11-04 17:00:00+00:00,2025-11-04 17:00:00+00:00,46.0,S2,5.29090206692471e-06,0.016974874803609322,0.9830198342943244,0.9830198342943244,0.08608940750006942,0.966044959490715,33.0,,MATCHED,MATCHED,[]
2025-11-05 06:33:25+00:00,1.14878,1040,1899,2025-11-05 08:06:13+00:00,1.14928,1041,0.44,0.0,0.0,WIN,2025-11-05 06:30:00+00:00,2025-11-05 06:30:00+00:00,46.0,S1,1.9495443481932235e-06,0.9999599250602673,3.81253953846168e-05,0.9999599250602673,0.0004536183696923176,0.9999217996648827,15.0,14.0,MATCHED,MATCHED,[]
2025-11-05 11:12:35+00:00,1.14792,1042,1901,2025-11-05 11:19:47+00:00,1.14842,1043,0.44,0.0,0.0,WIN,2025-11-05 11:00:00+00:00,2025-11-05 11:00:00+00:00,46.0,S2,2.0950227542681342e-06,0.01178178736949265,0.988216117607754,0.988216117607754,0.06406685109755693,0.9764343302382613,10.0,9.0,MATCHED,MATCHED,[]
2025-11-06 05:00:05+00:00,1.15066,1044,1908,2025-11-06 06:05:59+00:00,1.15118,1045,0.45,0.0,0.0,WIN,2025-11-06 05:00:00+00:00,2025-11-06 05:00:00+00:00,46.0,S1,1.3455356023958515e-05,0.9999865419625384,2.681438280839199e-09,0.9999865419625384,0.00016442793716374085,0.9999730866065145,41.0,40.0,MATCHED,MATCHED,[]
2025-11-06 17:27:08+00:00,1.15335,1046,1913,2025-11-06 17:34:40+00:00,1.15385,1047,0.43,0.0,0.0,WIN,2025-11-06 17:15:00+00:00,2025-11-06 17:15:00+00:00,46.0,S1,5.6033862822457575e-05,0.9999211237537153,2.2842383462875676e-05,0.9999211237537153,0.0008715337852985697,0.9998650898908928,33.0,32.0,MATCHED,MATCHED,[]
2025-11-07 00:23:46+00:00,1.15415,1048,1916,2025-11-07 10:22:41+00:00,1.15466,1049,0.44,0.0,0.0,WIN,2025-11-07 00:15:00+00:00,2025-11-07 00:15:00+00:00,46.0,S1,8.950869485484682e-07,0.9946450968836066,0.005354008029444312,0.9946450968836066,0.03335398449706869,0.9892910888541623,61.0,60.0,MATCHED,MATCHED,[]
2025-11-07 19:49:10+00:00,1.1557,1050,1920,2025-11-07 19:51:02+00:00,1.15624,1051,0.47,0.0,0.0,WIN,2025-11-07 19:45:00+00:00,2025-11-07 19:45:00+00:00,46.0,S2,0.0026129603387189918,0.00013297417152116351,0.9972540654897603,0.9972540654897603,0.019468987226646566,0.9946411051510413,2.0,1.0,MATCHED,MATCHED,[]
2025-11-10 02:02:42+00:00,1.15563,1052,1923,2025-11-10 04:36:06+00:00,1.15613,1053,0.43,0.0,0.0,WIN,2025-11-10 02:00:00+00:00,,,,,,,,,,,,NO_COMPLETE_VECTOR_AT_BOUNDARY,SPECIFIC_FEATURE_INCOMPLETE,"[""h1_atr_change_4"", ""h3_er_8"", ""h3_atr_change_4"", ""h3_slope_atr_8""]"
2025-11-10 06:47:43+00:00,1.15549,1054,1925,2025-11-10 07:10:23+00:00,1.156,1055,0.44,0.0,0.0,WIN,2025-11-10 06:45:00+00:00,,,,,,,,,,,,NO_COMPLETE_VECTOR_AT_BOUNDARY,SEGMENT_WARMUP,"[""h3_atr_change_4"", ""h3_slope_atr_8""]"
2025-11-10 11:04:48+00:00,1.15575,1056,1928,2025-11-10 11:43:44+00:00,1.15625,1057,0.43,0.0,0.0,WIN,2025-11-10 11:00:00+00:00,,,,,,,,,,,,NO_COMPLETE_VECTOR_AT_BOUNDARY,SEGMENT_WARMUP,"[""h3_atr_change_4"", ""h3_slope_atr_8""]"
2025-11-10 15:31:28+00:00,1.15568,1058,1930,2025-11-10 18:02:10+00:00,1.15618,1059,0.43,0.0,0.0,WIN,2025-11-10 15:30:00+00:00,,,,,,,,,,,,NO_COMPLETE_VECTOR_AT_BOUNDARY,SEGMENT_WARMUP,"[""h3_atr_change_4"", ""h3_slope_atr_8""]"
2025-11-11 06:49:13+00:00,1.15512,1060,1934,2025-11-11 07:27:32+00:00,1.15563,1061,0.44,0.0,0.0,WIN,2025-11-11 06:45:00+00:00,,,,,,,,,,,,NO_COMPLETE_VECTOR_AT_BOUNDARY,SEGMENT_WARMUP,"[""h3_atr_change_4""]"
2025-11-11 08:55:40+00:00,1.15558,1062,1936,2025-11-11 09:22:01+00:00,1.15611,1063,0.46,0.0,0.0,WIN,2025-11-11 08:45:00+00:00,,,,,,,,,,,,NO_COMPLETE_VECTOR_AT_BOUNDARY,SEGMENT_WARMUP,"[""h3_atr_change_4""]"
2025-11-11 19:55:35+00:00,1.15855,1064,1940,2025-11-12 15:55:00+00:00,1.15905,1065,0.36,0.0,-0.07,WIN,2025-11-11 19:45:00+00:00,2025-11-11 19:45:00+00:00,47.0,S1,9.449327094160268e-05,0.9770611288041722,0.02284437792488701,0.9770611288041722,0.10987945937731479,0.9542167508792851,2.0,1.0,MATCHED,MATCHED,[]
2025-11-13 00:32:41+00:00,1.15837,1066,1944,2025-11-13 01:52:56+00:00,1.15887,1067,0.43,0.0,0.0,WIN,2025-11-13 00:30:00+00:00,2025-11-13 00:30:00+00:00,47.0,S2,2.323808136550346e-06,0.09901254529696091,0.9009851308949017,0.9009851308949017,0.3229401073419121,0.8019725855979408,2.0,1.0,MATCHED,MATCHED,[]
2025-11-13 02:16:31+00:00,1.15889,1068,1946,2025-11-13 07:30:50+00:00,1.1594,1069,0.44,0.0,0.0,WIN,2025-11-13 02:15:00+00:00,2025-11-13 02:15:00+00:00,47.0,S1,7.3377757136875525e-06,0.9936752500858275,0.0063174121384583426,0.9936752500858275,0.03838564732547883,0.9873578379473691,2.0,1.0,MATCHED,MATCHED,[]
2025-11-13 11:50:02+00:00,1.16065,1070,1949,2025-11-13 12:15:14+00:00,1.16119,1071,0.47,0.0,0.0,WIN,2025-11-13 11:45:00+00:00,2025-11-13 11:45:00+00:00,47.0,S1,0.0029379370677532915,0.9970620579142669,5.017979742712224e-09,0.9970620579142669,0.02006203101011748,0.9941241208465137,8.0,7.0,MATCHED,MATCHED,[]
2025-11-13 23:00:21+00:00,1.16339,1072,1954,2025-11-14 03:20:06+00:00,1.16396,1073,0.42,0.0,-0.07,WIN,2025-11-13 23:00:00+00:00,2025-11-13 23:00:00+00:00,47.0,S1,2.0453349651507674e-06,0.8594142868887517,0.14058366777628237,0.8594142868887517,0.4060501274742996,0.7188306191124693,1.0,0.0,MATCHED,MATCHED,[]
2025-11-14 08:18:32+00:00,1.16237,1074,1957,2025-11-14 08:30:30+00:00,1.16287,1075,0.43,0.0,0.0,WIN,2025-11-14 08:15:00+00:00,2025-11-14 08:15:00+00:00,47.0,S2,5.876485975148409e-05,1.4305376702858307e-09,0.9999412337097117,0.9999412337097117,0.0006312789920928752,0.9998824688499601,4.0,3.0,MATCHED,MATCHED,[]
2025-11-17 00:01:03+00:00,1.16141,1076,1962,2025-11-18 16:08:43+00:00,1.15756,1077,-3.4,0.0,-0.07,LOSS,2025-11-17 00:00:00+00:00,,,,,,,,,,,,NO_COMPLETE_VECTOR_AT_BOUNDARY,SPECIFIC_FEATURE_INCOMPLETE,"[""atr_change_8"", ""h1_atr_change_4"", ""h3_er_8"", ""h3_atr_change_4"", ""h3_slope_atr_8""]"
2025-11-19 02:01:41+00:00,1.15758,1078,1967,2025-11-19 02:42:50+00:00,1.15808,1079,0.43,0.0,0.0,WIN,2025-11-19 02:00:00+00:00,2025-11-19 02:00:00+00:00,48.0,S2,1.8655915659641043e-05,0.006890561329969014,0.9930907827543705,0.9930907827543705,0.041386921053324074,0.9862002214244014,1.0,0.0,MATCHED,MATCHED,[]
2025-11-19 08:32:02+00:00,1.15779,1080,1970,2025-11-19 11:32:55+00:00,1.15833,1081,0.47,0.0,0.0,WIN,2025-11-19 08:30:00+00:00,2025-11-19 08:30:00+00:00,48.0,S2,0.03288223045524775,0.011608016115764922,0.9555097534289857,0.9555097534289857,0.20749854464698347,0.922627522973738,2.0,1.0,MATCHED,MATCHED,[]
2025-11-19 14:09:49+00:00,1.15653,1082,1972,2025-11-19 19:00:29+00:00,1.15254,1083,-3.46,0.0,0.0,LOSS,2025-11-19 14:00:00+00:00,2025-11-19 14:00:00+00:00,48.0,S2,2.1533586137228663e-05,0.4593313539583414,0.5406471124555212,0.5406471124555212,0.6900753347798396,0.08131575849717981,2.0,1.0,MATCHED,MATCHED,[]
2025-11-20 05:03:58+00:00,1.15161,1084,1977,2025-11-20 06:08:20+00:00,1.15216,1085,0.48,0.0,0.0,WIN,2025-11-20 05:00:00+00:00,2025-11-20 05:00:00+00:00,48.0,S2,6.899467539437439e-05,8.16489163905169e-06,0.999922840432968,0.999922840432968,0.0008338849294160523,0.9998538457575736,16.0,15.0,MATCHED,MATCHED,[]
2025-11-20 08:07:30+00:00,1.15189,1086,1979,2025-11-20 09:25:37+00:00,1.15239,1087,0.43,0.0,0.0,WIN,2025-11-20 08:00:00+00:00,2025-11-20 08:00:00+00:00,48.0,S2,7.411085431466202e-06,0.02383198349302399,0.9761606054215441,0.9761606054215441,0.11269410491848088,0.9523286219285202,28.0,27.0,MATCHED,MATCHED,[]
2025-11-20 12:13:21+00:00,1.15119,1088,1981,2025-11-20 13:30:40+00:00,1.15171,1089,0.45,0.0,0.0,WIN,2025-11-20 12:00:00+00:00,2025-11-20 12:00:00+00:00,48.0,S2,1.264687139683824e-06,0.002404717512268759,0.9975940178005924,0.9975940178005924,0.01692148375883064,0.9951893002883236,4.0,3.0,MATCHED,MATCHED,[]
2025-11-20 14:00:40+00:00,1.15268,1090,1983,2025-11-20 14:01:07+00:00,1.15319,1091,0.44,0.0,0.0,WIN,2025-11-20 14:00:00+00:00,2025-11-20 14:00:00+00:00,48.0,S1,0.0016710715549500996,0.9869898261698403,0.011339102275209663,0.9869898261698403,0.07440397621174681,0.9756507238946307,1.0,0.0,MATCHED,MATCHED,[]
2025-11-20 20:22:59+00:00,1.15295,1092,1986,2025-11-21 00:46:44+00:00,1.15345,1093,0.36,0.0,-0.07,WIN,2025-11-20 20:15:00+00:00,2025-11-20 20:15:00+00:00,48.0,S1,3.19932220038961e-06,0.9711967210328512,0.028800079644948184,0.9711967210328512,0.13058964691181404,0.942396641387903,7.0,6.0,MATCHED,MATCHED,[]
2025-11-21 08:02:10+00:00,1.15362,1094,1990,2025-11-21 08:08:27+00:00,1.15413,1095,0.44,0.0,0.0,WIN,2025-11-21 08:00:00+00:00,2025-11-21 08:00:00+00:00,48.0,S1,4.959654811272826e-06,0.8863087692916694,0.11368627105351896,0.8863087692916694,0.3542185821696194,0.7726224982381504,31.0,30.0,MATCHED,MATCHED,[]
2025-11-21 12:22:35+00:00,1.14985,1096,1992,2025-11-21 12:30:01+00:00,1.15039,1097,0.47,0.0,0.0,WIN,2025-11-21 12:15:00+00:00,2025-11-21 12:15:00+00:00,48.0,S2,0.00019454194968554167,1.717051970975593e-31,0.999805458050315,0.999805458050315,0.0018568572821244136,0.9996109161006295,13.0,12.0,MATCHED,MATCHED,[]
2025-11-21 14:00:54+00:00,1.15192,1098,1994,2025-11-24 05:04:36+00:00,1.15243,1099,0.37,0.0,-0.07,WIN,2025-11-21 14:00:00+00:00,2025-11-21 14:00:00+00:00,48.0,S2,6.92895104816539e-06,0.07727019170627525,0.9227228793426767,0.9227228793426767,0.2721397598752975,0.8454526876364015,20.0,19.0,MATCHED,MATCHED,[]
2025-11-24 14:15:54+00:00,1.15358,1100,1998,2025-11-25 10:19:28+00:00,1.1541,1101,0.38,0.0,-0.07,WIN,2025-11-24 14:15:00+00:00,,,,,,,,,,,,NO_COMPLETE_VECTOR_AT_BOUNDARY,SEGMENT_WARMUP,"[""h3_atr_change_4"", ""h3_slope_atr_8""]"
2025-11-26 08:25:26+00:00,1.15748,1102,2007,2025-11-26 11:41:39+00:00,1.158,1103,0.45,0.0,0.0,WIN,2025-11-26 08:15:00+00:00,2025-11-26 08:15:00+00:00,49.0,S2,7.551062007364869e-05,0.14795505457085556,0.8519694348090711,0.8519694348090711,0.4199255682990876,0.7040143802382155,4.0,3.0,MATCHED,MATCHED,[]
2025-11-27 06:52:56+00:00,1.15924,1104,2014,2025-11-27 14:51:49+00:00,1.15976,1105,0.45,0.0,0.0,WIN,2025-11-27 06:45:00+00:00,2025-11-27 06:45:00+00:00,49.0,S2,0.00018920495413344906,1.6493608282779697e-11,0.999810795029374,0.999810795029374,0.0018111809524061881,0.9996215900752405,9.0,8.0,MATCHED,MATCHED,[]
2025-11-28 00:45:03+00:00,1.15947,1106,2018,2025-11-28 15:56:29+00:00,1.15997,1107,0.43,0.0,0.0,WIN,2025-11-28 00:45:00+00:00,2025-11-28 00:45:00+00:00,49.0,S2,2.089658459322637e-05,0.007331656247973533,0.992647447167434,0.992647447167434,0.043589787328179995,0.9853157909194605,2.0,1.0,MATCHED,MATCHED,[]
2025-12-01 03:03:38+00:00,1.15929,1108,2022,2025-12-01 04:25:20+00:00,1.15981,1109,0.45,0.0,0.0,WIN,2025-12-01 03:00:00+00:00,,,,,,,,,,,,NO_COMPLETE_VECTOR_AT_BOUNDARY,SEGMENT_WARMUP,"[""h3_atr_change_4"", ""h3_slope_atr_8""]"
2025-12-01 06:10:37+00:00,1.15922,1110,2024,2025-12-01 07:00:01+00:00,1.15974,1111,0.45,0.0,0.0,WIN,2025-12-01 06:00:00+00:00,,,,,,,,,,,,NO_COMPLETE_VECTOR_AT_BOUNDARY,SEGMENT_WARMUP,"[""h3_atr_change_4"", ""h3_slope_atr_8""]"
2025-12-01 23:57:55+00:00,1.16073,1112,2031,2025-12-02 03:00:42+00:00,1.16123,1113,0.36,0.0,-0.07,WIN,2025-12-01 23:45:00+00:00,,,,,,,,,,,,NO_COMPLETE_VECTOR_AT_BOUNDARY,SEGMENT_WARMUP,"[""h3_atr_change_4""]"
2025-12-02 09:45:54+00:00,1.16051,1114,2033,2025-12-02 09:51:46+00:00,1.16101,1115,0.43,0.0,0.0,WIN,2025-12-02 09:45:00+00:00,2025-12-02 09:45:00+00:00,50.0,S2,0.00011826361345311857,0.3391815029419527,0.6607002334445937,0.6607002334445937,0.6416297493393561,0.321518730502641,2.0,1.0,MATCHED,MATCHED,[]
2025-12-02 15:24:32+00:00,1.15956,1116,2036,2025-12-02 15:30:04+00:00,1.16007,1117,0.44,0.0,0.0,WIN,2025-12-02 15:15:00+00:00,2025-12-02 15:15:00+00:00,50.0,S2,0.22878696137014165,5.3806303910698485e-06,0.7712076579994687,0.7712076579994687,0.5378757182385677,0.542420696629327,1.0,0.0,MATCHED,MATCHED,[]
2025-12-03 08:00:06+00:00,1.1641,1118,2042,2025-12-03 09:35:04+00:00,1.1646,1119,0.43,0.0,0.0,WIN,2025-12-03 08:00:00+00:00,2025-12-03 08:00:00+00:00,50.0,S1,0.010849495760395227,0.9888401782896428,0.000310325949960908,0.9888401782896428,0.06268327293782515,0.9779906825292476,53.0,52.0,MATCHED,MATCHED,[]
2025-12-03 15:45:08+00:00,1.1655,1120,2045,2025-12-03 15:48:08+00:00,1.166,1121,0.43,0.0,0.0,WIN,2025-12-03 15:45:00+00:00,2025-12-03 15:45:00+00:00,50.0,S1,0.00012132114560656415,0.9997798501729271,9.882868146595369e-05,0.9997798501729271,0.0022254970123381,0.9996585290273206,84.0,83.0,MATCHED,MATCHED,[]
2025-12-03 23:48:54+00:00,1.16679,1122,2049,2025-12-04 08:20:49+00:00,1.16729,1123,0.22,0.0,-0.21,WIN,2025-12-03 23:45:00+00:00,2025-12-03 23:45:00+00:00,50.0,S1,9.726286594665835e-07,0.9984055182067498,0.001593509164591568,0.9984055182067498,0.011871768190650634,0.9968120090421583,116.0,115.0,MATCHED,MATCHED,[]
2025-12-04 13:15:35+00:00,1.16639,1124,2051,2025-12-04 14:12:38+00:00,1.1669,1125,0.44,0.0,0.0,WIN,2025-12-04 13:15:00+00:00,2025-12-04 13:15:00+00:00,50.0,S2,0.00012132977132524558,0.0008881117632484575,0.9989905584654264,0.9989905584654264,0.008343202229390405,0.998102446702178,2.0,1.0,MATCHED,MATCHED,[]
2025-12-04 19:07:22+00:00,1.16526,1126,2053,2025-12-05 05:39:57+00:00,1.16577,1127,0.37,0.0,-0.07,WIN,2025-12-04 19:00:00+00:00,2025-12-04 19:00:00+00:00,50.0,S2,3.892745071086276e-06,2.3813251713718988e-08,0.9999960834416773,0.9999960834416773,5.282411925940215e-05,0.9999921906966063,12.0,11.0,MATCHED,MATCHED,[]
2025-12-05 14:30:07+00:00,1.16501,1128,2057,2025-12-05 14:42:28+00:00,1.16553,1129,0.45,0.0,0.0,WIN,2025-12-05 14:30:00+00:00,2025-12-05 14:30:00+00:00,50.0,S2,3.1018179539815103e-06,0.3026447588059797,0.6973521393760658,0.6973521393760658,0.613129899877128,0.3947073805700861,1.0,0.0,MATCHED,MATCHED,[]
2025-12-08 08:26:22+00:00,1.16507,1130,2063,2025-12-08 08:59:20+00:00,1.16557,1131,0.43,0.0,0.0,WIN,2025-12-08 08:15:00+00:00,,,,,,,,,,,,NO_COMPLETE_VECTOR_AT_BOUNDARY,SEGMENT_WARMUP,"[""h3_atr_change_4"", ""h3_slope_atr_8""]"
2025-12-08 14:51:31+00:00,1.16455,1132,2066,2025-12-09 09:38:17+00:00,1.16508,1133,0.38,0.0,-0.07,WIN,2025-12-08 14:45:00+00:00,,,,,,,,,,,,NO_COMPLETE_VECTOR_AT_BOUNDARY,SEGMENT_WARMUP,"[""h3_atr_change_4"", ""h3_slope_atr_8""]"
2025-12-09 12:07:40+00:00,1.16354,1134,2068,2025-12-09 12:54:38+00:00,1.16404,1135,0.43,0.0,0.0,WIN,2025-12-09 12:00:00+00:00,2025-12-09 12:00:00+00:00,51.0,S2,1.552733348408277e-05,0.1876150210219875,0.8123694516445281,0.8123694516445281,0.4829304149972704,0.6247544306225407,4.0,3.0,MATCHED,MATCHED,[]
2025-12-09 15:01:02+00:00,1.16242,1136,2070,2025-12-09 15:21:47+00:00,1.16292,1137,0.43,0.0,0.0,WIN,2025-12-09 15:00:00+00:00,2025-12-09 15:00:00+00:00,51.0,S2,5.062824452029823e-06,0.1515158978983167,0.8484790392772317,0.8484790392772317,0.4253955441680215,0.696963141378915,16.0,15.0,MATCHED,MATCHED,[]
2025-12-09 17:18:47+00:00,1.16303,1138,2072,2025-12-10 07:00:00+00:00,1.16355,1139,0.38,0.0,-0.07,WIN,2025-12-09 17:15:00+00:00,2025-12-09 17:15:00+00:00,51.0,S2,1.674630347636213e-05,0.46570762309955044,0.5342756305969725,0.5342756305969725,0.6909838129220023,0.06856800749742203,8.0,7.0,MATCHED,MATCHED,[]
2025-12-11 04:20:31+00:00,1.16887,1140,2080,2025-12-11 07:12:02+00:00,1.16939,1141,0.44,0.0,0.0,WIN,2025-12-11 04:15:00+00:00,2025-12-11 04:15:00+00:00,51.0,S2,7.525101886252942e-05,2.676425410011098e-05,0.9998979847270383,0.9998979847270383,0.0010982804303303595,0.9998227337081758,2.0,1.0,MATCHED,MATCHED,[]
2025-12-12 01:46:34+00:00,1.17363,1142,2087,2025-12-12 06:12:29+00:00,1.17413,1143,0.43,0.0,0.0,WIN,2025-12-12 01:45:00+00:00,2025-12-12 01:45:00+00:00,51.0,S2,0.0014865118184152568,1.4119621928827023e-05,0.9984993685596549,0.9984993685596549,0.01133635063299136,0.9970128567412396,1.0,0.0,MATCHED,MATCHED,[]
2025-12-12 10:30:00+00:00,1.17255,1144,2089,2025-12-12 13:06:53+00:00,1.17307,1145,0.44,0.0,0.0,WIN,2025-12-12 10:30:00+00:00,2025-12-12 10:30:00+00:00,51.0,S2,4.056713248091617e-06,1.000705213921321e-07,0.9999958432162305,0.9999958432162305,5.613430341822326e-05,0.9999917865029824,7.0,6.0,MATCHED,MATCHED,[]
2025-12-12 14:00:00+00:00,1.17269,1146,2091,2025-12-12 14:29:45+00:00,1.17321,1147,0.44,0.0,0.0,WIN,2025-12-12 14:00:00+00:00,2025-12-12 14:00:00+00:00,51.0,S2,2.714813678555394e-06,0.1070480624436611,0.8929492227426595,0.8929492227426595,0.34033594436876485,0.7859011602989985,1.0,0.0,MATCHED,MATCHED,[]
2025-12-15 03:55:23+00:00,1.17322,1148,2095,2025-12-15 07:00:15+00:00,1.17372,1149,0.43,0.0,0.0,WIN,2025-12-15 03:45:00+00:00,,,,,,,,,,,,NO_COMPLETE_VECTOR_AT_BOUNDARY,SEGMENT_WARMUP,"[""h3_atr_change_4"", ""h3_slope_atr_8""]"
2025-12-15 19:17:08+00:00,1.17391,1150,2100,2025-12-15 19:43:31+00:00,1.17444,1151,0.45,0.0,0.0,WIN,2025-12-15 19:15:00+00:00,,,,,,,,,,,,NO_COMPLETE_VECTOR_AT_BOUNDARY,SEGMENT_WARMUP,"[""h3_atr_change_4"", ""h3_slope_atr_8""]"
2025-12-16 01:50:58+00:00,1.17469,1152,2103,2025-12-16 01:59:42+00:00,1.17519,1153,0.43,0.0,0.0,WIN,2025-12-16 01:45:00+00:00,,,,,,,,,,,,NO_COMPLETE_VECTOR_AT_BOUNDARY,SEGMENT_WARMUP,"[""h3_atr_change_4""]"
2025-12-16 05:35:30+00:00,1.175,1154,2106,2025-12-16 08:01:47+00:00,1.17551,1155,0.43,0.0,0.0,WIN,2025-12-16 05:30:00+00:00,,,,,,,,,,,,NO_COMPLETE_VECTOR_AT_BOUNDARY,SEGMENT_WARMUP,"[""h3_atr_change_4""]"
2025-12-16 18:00:26+00:00,1.17624,1156,2110,2025-12-17 06:15:23+00:00,1.17224,1157,-3.48,0.0,-0.07,LOSS,2025-12-16 18:00:00+00:00,2025-12-16 18:00:00+00:00,52.0,S2,0.17317851152004546,0.07860945917671776,0.7482120293032385,0.7482120293032385,0.7206143787268487,0.575033517783193,1.0,0.0,MATCHED,MATCHED,[]
2025-12-17 20:12:15+00:00,1.17426,1158,2116,2025-12-18 07:03:06+00:00,1.17477,1159,0.22,0.0,-0.21,WIN,2025-12-17 20:00:00+00:00,2025-12-17 20:00:00+00:00,52.0,S2,5.043001276826906e-05,0.47336026357643946,0.5265893064107918,0.5265893064107918,0.6922442482393434,0.05322904283435237,2.0,1.0,MATCHED,MATCHED,[]
2025-12-18 09:17:31+00:00,1.17248,1160,2118,2025-12-18 13:15:52+00:00,1.17299,1161,0.43,0.0,0.0,WIN,2025-12-18 09:15:00+00:00,2025-12-18 09:15:00+00:00,52.0,S2,1.840031232570426e-05,9.588091155498648e-17,0.9999815996876747,0.9999815996876747,0.00021902137808836714,0.999963199375349,6.0,5.0,MATCHED,MATCHED,[]
2025-12-18 20:51:31+00:00,1.17218,1162,2122,2025-12-18 23:02:11+00:00,1.17268,1163,0.43,0.0,0.0,WIN,2025-12-18 20:45:00+00:00,2025-12-18 20:45:00+00:00,52.0,S2,1.682198377956554e-06,0.23893420532559015,0.761064112476032,0.761064112476032,0.5498718798433768,0.5221299071504418,15.0,14.0,MATCHED,MATCHED,[]
2025-12-19 02:37:09+00:00,1.17231,1164,2124,2025-12-19 14:04:14+00:00,1.17285,1165,0.46,0.0,0.0,WIN,2025-12-19 02:30:00+00:00,2025-12-19 02:30:00+00:00,52.0,S2,1.886631862091654e-06,0.4809694600160817,0.519028653352057,0.519028653352057,0.6924481992238707,0.03805919333597524,1.0,0.0,MATCHED,MATCHED,[]
2025-12-19 17:11:31+00:00,1.17176,1166,2126,2025-12-19 18:11:48+00:00,1.17226,1167,0.43,0.0,0.0,WIN,2025-12-19 17:00:00+00:00,2025-12-19 17:00:00+00:00,52.0,S1,1.3856243883553578e-05,0.9263839586040826,0.07360218515203314,0.9263839586040826,0.2630263654320754,0.8527817734520495,1.0,0.0,MATCHED,MATCHED,[]
2025-12-19 20:47:50+00:00,1.17181,1168,2128,2025-12-22 07:34:58+00:00,1.17231,1169,0.36,0.0,-0.07,WIN,2025-12-19 20:45:00+00:00,2025-12-19 20:45:00+00:00,52.0,S1,1.5654718110203758e-06,0.8249050842057751,0.1750933503224129,0.8249050842057751,0.4638933487209084,0.6498117338833622,11.0,10.0,MATCHED,MATCHED,[]
2025-12-23 06:32:49+00:00,1.17707,1170,2137,2025-12-23 07:24:27+00:00,1.17759,1171,0.44,0.0,0.0,WIN,2025-12-23 06:30:00+00:00,,,,,,,,,,,,NO_COMPLETE_VECTOR_AT_BOUNDARY,SEGMENT_WARMUP,"[""h3_atr_change_4""]"
2025-12-23 17:13:21+00:00,1.1774,1172,2142,2025-12-23 18:49:41+00:00,1.1779,1173,0.42,0.0,0.0,WIN,2025-12-23 17:00:00+00:00,2025-12-23 17:00:00+00:00,53.0,S2,1.0238635314418904e-05,6.971688480680746e-05,0.999920044479879,0.999920044479879,0.000864852555173046,0.9998503275950722,13.0,12.0,MATCHED,MATCHED,[]
2025-12-24 08:04:24+00:00,1.17868,1174,2148,2025-12-24 08:43:33+00:00,1.17919,1175,0.43,0.0,0.0,WIN,2025-12-24 08:00:00+00:00,2025-12-24 08:00:00+00:00,53.0,S2,1.234146248748343e-05,0.011661547704332902,0.9883261108331801,0.9883261108331801,0.06365586670275576,0.9766645631288472,2.0,1.0,MATCHED,MATCHED,[]
2025-12-24 16:26:33+00:00,1.17741,1176,2151,2025-12-24 16:38:09+00:00,1.17792,1177,0.43,0.0,0.0,WIN,2025-12-24 16:15:00+00:00,2025-12-24 16:15:00+00:00,53.0,S2,6.084201422868855e-06,8.448620624045059e-12,0.9999939157901291,0.9999939157901291,7.915454075740043e-05,0.9999878315887062,16.0,15.0,MATCHED,MATCHED,[]
2025-12-24 17:58:07+00:00,1.17731,1178,2153,2025-12-24 18:35:23+00:00,1.17781,1179,0.42,0.0,0.0,WIN,2025-12-24 17:45:00+00:00,2025-12-24 17:45:00+00:00,53.0,S2,3.5103421756483934e-06,7.968868805250217e-07,0.999995692770943,0.999995692770943,5.9586731379804635e-05,0.9999921824287674,22.0,21.0,MATCHED,MATCHED,[]
2025-12-26 06:38:31+00:00,1.1779,1180,2159,2025-12-26 13:01:53+00:00,1.1784,1181,0.42,0.0,0.0,WIN,2025-12-26 06:30:00+00:00,2025-12-26 06:30:00+00:00,53.0,S2,0.0036966310257986533,0.16686376585111126,0.8294396031230898,0.8294396031230898,0.4745942221176932,0.6625758372719786,1.0,0.0,MATCHED,MATCHED,[]
2025-12-29 16:17:59+00:00,1.17618,1182,2168,2025-12-29 19:56:59+00:00,1.17669,1183,0.43,0.0,0.0,WIN,2025-12-29 16:15:00+00:00,,,,,,,,,,,,NO_COMPLETE_VECTOR_AT_BOUNDARY,SEGMENT_WARMUP,"[""h3_atr_change_4"", ""h3_slope_atr_8""]"
2025-12-30 05:47:19+00:00,1.1773,1184,2173,2025-12-30 06:16:39+00:00,1.17782,1185,0.44,0.0,0.0,WIN,2025-12-30 05:45:00+00:00,,,,,,,,,,,,NO_COMPLETE_VECTOR_AT_BOUNDARY,SEGMENT_WARMUP,"[""h3_atr_change_4""]"
2025-12-30 11:57:53+00:00,1.17668,1186,2176,2025-12-31 08:35:39+00:00,1.17268,1187,-3.48,0.0,-0.07,LOSS,2025-12-30 11:45:00+00:00,2025-12-30 11:45:00+00:00,54.0,S2,6.8614272211382455e-06,0.17142711708768343,0.828566021485095,0.828566021485095,0.45822903838267126,0.6571389043974115,1.0,0.0,MATCHED,MATCHED,[]
2025-12-31 14:27:01+00:00,1.17362,1188,2179,2025-12-31 15:55:50+00:00,1.17413,1189,0.43,0.0,0.0,WIN,2025-12-31 14:15:00+00:00,2025-12-31 14:15:00+00:00,54.0,S2,0.00037379116395808805,0.47902465883870876,0.5206015499973334,0.5206015499973334,0.6953468080409708,0.041576891158624674,1.0,0.0,MATCHED,MATCHED,[]
